{"file_hashes":[{"block_hashes":["i5p8CjQDgeMhfLXRqQqV4HXqoIIPjlyfVNZTe840WIU="],"block_size":4096,"path":"build/1569.js"},{"block_hashes":["AVjVFFD4OTJWtGhFCA6dLb7H/dKJRuUk50maVLbwLFM="],"block_size":4096,"path":"build/1585.js"},{"block_hashes":["bN4kdkYwztXaeDgAXm+L+umISPf2z/O0ktyPRjlxq6M="],"block_size":4096,"path":"build/1593.js"},{"block_hashes":["/oYymMILnoKum7DatTh7+ZWVlRj9q9pXaprt90xCAfA="],"block_size":4096,"path":"build/1594.js"},{"block_hashes":["0NO+cABVOwLbVFmIxAl1jY08JTLS0BSsEm/XbQjjqrI="],"block_size":4096,"path":"build/1649.js"},{"block_hashes":["e0grhDsUZJE5ukI7ejd4Fh8kjVw/WXIWw3X8+3kpuMg=","J5HXhHotpWn4kYygo+Sc78CJJpGgtv+WT6Vt5xwCLBo=","L8jwM78oKee+B8UAsr8LzKMRtjdjS+pWpdHtHuClbkA="],"block_size":4096,"path":"build/1941.js"},{"block_hashes":["mu9oqZlXht1/hXHQY9tJdnWziOl3L500ae4lw1pqR0w="],"block_size":4096,"path":"build/2014.js"},{"block_hashes":["avy+nei6M8IbqdW3F4emgjsj02c8irBtDb91wuUXiTQ=","+Ix3BzMQXo1tN7il/IcXe+e2mM8C5dCpexn+CEUBY50="],"block_size":4096,"path":"build/2271.js"},{"block_hashes":["sPkBXwp/qFDZEqTpooJci7w/b5kl2SPziZGFjdeYc9w=","YnizWsGb77PWdnCozGRlPBpUNwdZl0aCIAcnAKAzbI4="],"block_size":4096,"path":"build/2287.js"},{"block_hashes":["ZclbVDnU0hdxIhylnOZC9XkPtjhD6t1yu+lwRWbWDzE=","3Yw9s/+H71Cd7mqn91vgHbSPFu23xK0/JDSjQ+qIW34="],"block_size":4096,"path":"build/2388.js"},{"block_hashes":["2Ay/RNkP4UqR+sav68KILkoKCvXtd54vx0MBr9hP/oI=","2xJyT5Iaz7v+w4ZEUQvWUK33/vFuLjB0119Jw8PdZ1c=","SQF5Jsg3ZQSwgarnkIUdqn9WgpEgr57GdLx4Jl5mZ+o=","lTrMMI1RUspbq9hni8GF5J8s71BnwNHrgbItLvHLO9I=","VNhrfhJKMVvRuCWHtgLeOvzBkDnw7KHnbwoa4nRsMYQ=","zNFpW8QIKl0WCYJP0S+ycrfVRmNRt7YqUlymUICcqsQ=","JO93z2i470j3ZTsHkwLhqOy/fDT8V8BnCiipzAUvPdU="],"block_size":4096,"path":"build/2501.js"},{"block_hashes":["kO6k5V3nQQmwcqddfD6Fp3tt8L97IbQP/BVUNHQm88c=","2gUY//U+fCjRjqGhL975dpjd4dBOtgBU7i6aJm3OFiY="],"block_size":4096,"path":"build/2583.js"},{"block_hashes":["pB+YvmufKM1sVkIDR1UVUDqKWmy+6kp5XmkW1o0p5Tw=","FXO8ubqMnRKKXpTeUW0Xa7n8wD/6XVxL5lQTdYzVqJ8="],"block_size":4096,"path":"build/2862.js"},{"block_hashes":["uXjunMOISy1LifYx2759qqKainalTXXFabasqpiwN1Y=","nhBQ7tXAgpfIyiX7efLk7MgrG8lmKxaH/7xS/DIfScA="],"block_size":4096,"path":"build/2906.js"},{"block_hashes":["tO20yjV+x/usuDn2xlUYsjtiLmZO7XcMG9k02bc7JLQ="],"block_size":4096,"path":"build/2906.js.LICENSE.txt"},{"block_hashes":["aAy+plOsdt4GvdZlQErnl5r+w9DBEKa71Y1KhFSHkT8=","1nxmDF3GxYqY0FWwbFNErSHEHbkQIwmVzttHZuXFR4E="],"block_size":4096,"path":"build/300.js"},{"block_hashes":["5ISXDtHtQFQHDwxg4MrV9caongJXEnshXSBVl09doO8="],"block_size":4096,"path":"build/3008.js"},{"block_hashes":["qQ940xmwBYu8l1GfmNErze5AuD3LQVF05nUA6t+QgQM="],"block_size":4096,"path":"build/3315.js"},{"block_hashes":["dJzsGBeMFKTqhcs5ftvewcvmG6naZThoMrmiZZ+OoVs="],"block_size":4096,"path":"build/3399.js"},{"block_hashes":["BEvqi3N7o49jj6w/CInIUgV3aUw34PUjbNkhzVyVgLM="],"block_size":4096,"path":"build/3504.js"},{"block_hashes":["dHT2cjO4FlvqZIgrwimxoCPEP2fiWsg0mx7H6T9XJ8Q="],"block_size":4096,"path":"build/3553.js"},{"block_hashes":["GSQUxz2cupA25FpepGJOSi1cwXB+hLzTrTzo1xYEpY4="],"block_size":4096,"path":"build/3673.js"},{"block_hashes":["F2AHF5l+nuUedpJrMGwb73RRY/kS+jzi1Kp+dpmO7Iw="],"block_size":4096,"path":"build/3855.js"},{"block_hashes":["WXGm6wuevW7FUmh9wL24VSXGp98AaLKXNDubT3x9U3E="],"block_size":4096,"path":"build/4035.js"},{"block_hashes":["0SzYK+Khp8TvyRtC2GxlpOhujUNjdi83q7pWH0ZCo3w="],"block_size":4096,"path":"build/4073.js"},{"block_hashes":["2kZ5a4To/88JTFT9ACrtHEYsH8vpMJdjBTMDeyK6fVo="],"block_size":4096,"path":"build/4454.js"},{"block_hashes":["kw7O/Rh7oylD8yy4fzqoLf5G6g9SdiMkYLRv3mGvl4E="],"block_size":4096,"path":"build/4511.js"},{"block_hashes":["HPJ2kVNj7d6czVIsOzfcy9MPVEI934usShhmKmSy71I=","BSbRLSG/0p4tmNG5DvIsioH3dUCipfly0q5uQr4HqPM="],"block_size":4096,"path":"build/4558.js"},{"block_hashes":["WBV/9+4D8wwk/HWliXd4CPoOQzyKtTjl1/WiTFbXmFA="],"block_size":4096,"path":"build/4610.js"},{"block_hashes":["Val+ip8pYc/WL2upxoWRaAcitjwH7uZuBk2hPOCb0ko=","MuDtT9P+uTf+fXf8MbWm1BF4GWFlPmLxKYvHRZn95kA=","U0GjQBDXIzmC2Rayt0iAAdNWpXFGvGaq4KXJz+h4xc8=","5TnzwPy2rV6ZsMd7zfHrJI4U50N8JFi/9ym6XmQK7uA=","IjDKIiru2P5gfFaIWRt/zXpQXyny0VC4x4TYO4Qjixk="],"block_size":4096,"path":"build/471.js"},{"block_hashes":["cpU3ihxukrV1fi5mQTLvkm7JGalGvrqOoHXC4B9BsCY=","y4CCiyP61Qw0ZMbdd060TzNiIBrDpNbw0z7ON8D2VFU="],"block_size":4096,"path":"build/4858.js"},{"block_hashes":["LGj66O3unO3iT9yrC6BuKtkGhuj+Uph/NXUZ9oDtLKo="],"block_size":4096,"path":"build/4896.js"},{"block_hashes":["OlX/GdZT3kMLU/PM3JSiUjyE2Z5q3JISSe4cETEDxyI="],"block_size":4096,"path":"build/491.js"},{"block_hashes":["PLceOOqrQhv+SEYg+W0lhlIExfjbQaALfJK7b1rL8Qw=","jOYyRh2BQdGyCD9TiVAYgGruGI+0xZu2uK1YuVJtApE="],"block_size":4096,"path":"build/5257.js"},{"block_hashes":["5JPzpTD/lP+++T68wB1RTfRGEfUHQgcNqjpmGjm1k5M=","5QYhYwHd70GpquwDyAHYLMVG+Shm1EQDEH2gHXFBUcE=","BIsHVNVuB3aXWB+EKyrgJZffkE+YInwhIWOewbUqoZo=","amQbquTe3jpmz1Mnh1B/1XatiTcaEQrkVKHNr62uKco=","BRfesKsGEFwQyjIUJ6c5/ELux+ncnwqizFcpBBK6Pok=","qAXeEH8SpBxOuvV4xvuAMa/xBAf5VdVffvWZbyHw9RU=","nfbFJYDOY2EGmqU7htktYiHopWnVvpWYFzqUU5D4NRo=","4X145uZdeanET95lkUuCNFmNjNmUlBFaS6+KEBvbTKk=","uab0wYtJs8r7J4BQYeLVu3/7oju+wntD5JR0iy7GvR0=","9aZfQvgF4PPNNPIxvNriHw7VxXGjEqsKDU+2Env2Cx0=","+j4MQEHLv1AWoHVqcW3XRJVTuEHXuASOksQ3NF8BQ8A=","pyVMP/82M/ONI+Vl8XimH2cUZ/bfdu9IDyDMTWB1M1I=","DPCGhwqKBczRtE9mFPw+SXJgVgy3cvt0766aJN4hY2E=","YGtS6rOZifJj5sZNlhJdvChUiQNaqhyvzHVkr9bPac8=","DD/u2FiqP0oOUz3gVOcyfgJYbQn1zQhldVPVYRS/jDE=","xTPesJj2717Tl1Ey0x/KWRK516U98qG9ba/C5G2NvGg=","mw3uohYWfZHTcsNSGSa29aDTvi0dfxwRbgtC3S+RsPU=","3piFtwLOrFl8PdZ1ud5paZYccoy9JIweTz2L+1ryKxM=","H7DNT14CSAq+9gzcSYx2RqBjB01ZNl45Ddcp2qpA25Y=","QGrjUtO64xk14BJRQgUcHYY9VQ31ykwGpfzf4JHSBPY=","+qyagPC3aqoBTItJI/mbY3lfkqiADsG6LcCkrhLiCUE=","KhXmnx57qmQjdyiqZlt//S4mH+xnrUzJny2skzCXs2U=","IG0b1gqqd4R00AALrTc1e6U9r8X1p0/NCWwhn0rQJWI=","C03gbddxkVZzMhPGgbHws9DA/kAMgxn0HEVV/RFPEhU=","KArtcbFblJT/b2ELYyDykl0GXtsCcWhp1dM9DvOsln8=","y9aSPpNw9JONYVLkCHdfcQLYOk0MRF4A3f7XUQuO8Es=","wP/yZWj8hQQyU9xopdcfpL7hYMuInUwTpf0YfRsJaRk=","zz/8bSMGv2q2lmx9EUzKV+GK74laYNLzrvtLN2PMVmg=","ash4Emc2t6lBe5dT1EZ2C/objufO7qZ0qcJ+YjGdrFM=","dbAfA3XFSPfaNZFn1UX5SRPxzQnJJdCyD2T2dERW5GY=","lrm8YPEY4eZlBRGV/4JZRxmfd7aTcQAw4Z9ECxRvOQs=","FtK9Bu3NUS8VzmlaPApUGi1gVY7zqCCo4Mr6EDy5uGY=","XlExfiAD+PjqZHXHFBkEjK6U1VYhREAz8WwZoRggpF4=","znPU/bcRmPl9L2WPiBjME+dGGgHQuMBIOMcU9pgCTqw=","2hbabQMWESXAZotwVkgGzWDLowR1rivxtrnW3e27qtQ=","GrsbffwByEjSsvviHtVpHw/YHAnVhHEY8CojKgEd+Lk=","SvjykswSSjuJASaKRDpw8mvb7dS9sY0DumJG3Eq4KUE=","UqGch56j0ftZV+xI18kVhejwWkIcf+JDE50dXEdtJOk=","4ef9MyZRhqUgmE+J2Y2xWNomxrUSOK7Fhd5qHAEtiMo=","X5xLgb2LoaLokGzdbmNIR9nPoi2NUQu4q5aPE6oZkHw=","nrxvTUXT1/gmGNrbwJgcliOrzM2HZGtgoTiRXptbHSM=","mJzhIzskP92QJ08G8eG+kvCjy2/4pjS7HSpsJC9jZsg=","Is1q6yeOWJyi21C21PjBw2UlM5AZJnFR7o7lwOW07wY=","oWuvHnoD4HcRvx+7xI0Qs0LBU+jOzItike0lJjHXIkA=","bGeqMGAaWByOscdS/xlH2JLNrMSwk7kJr1VXlvl1yCs=","5VJU+C1I+tBg6SLpgXFKk2qwH+xjPqZI+F+8NPc+9bc=","gmF64vHshIgd8poM5V9dZPqg/OlVgmwB42wWdVBflh8=","HCn1ylp42nGUetOhQZhpfyJwNclo2CELm+Ny+Qh4AaI=","bZSOdoRdRtPxb6snZTT62mW5hYOCMG0LRq7r44RHTL8=","bidPkgs67/M4HfAOQqeoW2I0GrewfvzukroeG4BCL8k=","RHdE4vIIrW7zvSb1Eux9zKWNkmW+qH7Xlkv/f3ncnDg=","2wwOK7ZdDLQTImGbbgoYl06Ao+GW2Q24wgtsR/c1Kyg=","nILp7w6rqMZzj5aV+dxMJwBtW2kslRjzw7lmt279nl4=","DLjAu6m72o2VSjZa/Fx235zPGImVCqjcEwaGmc5w5eA=","tb9QKfZDNbn85zREwrnmQd5HEaDCgNusw5JArG/WHTI=","ugURA1dEkgWpt1eWHIkUS03cH2OKCtJtpEoR7vqBJow=","ltfF6Ip+1iHGW5pwLzLTklTmuk3A5FjHS3/DqtWgn5c=","jO6p7nQlJ34yROuwCxSRbXc5C2LANipyjaBJGfsmdAc=","NcHqGR60sU5OfXOhIIDXOjGXXmtHqMzk1rQkszswZq0=","oNBzS6pP44jT/3Q/AkwnJYeSuPmcK6SG6jT9YVf3Q4E=","0/ZBgnXHq2owYkyFMrQFu7cEXBj3ytBssUejVX5hYUU=","/agqaN7YoF3qd0G88nzu68GLIPVRhFjuT2I8vkAvHeM=","O0Fx87U5rj7AyGyhtCiTOnUuPMlqJr06dOrUfW+3xnI=","ZGb7IcgIUnNavHJRiwG3KiyeBKRGMpdqFuKNRi3h1r0=","+OyVy3jtKDg/rnlPlZQBk+hqx+W4DTHHHuLZlaO9Yw8=","Pkur+4zS+XdiOq0i+BjhZyXdjGqLpgWGfAwnuHA1JIM=","NqfM7b79oYG9o9slCHRvBmfonxs+ht70LBLgfLxrn+k=","reD7/dXaEuRMjLArU0WdDdq6StGjEfW6QSU0siBzvXA=","ePZTgQnwE7wGljKGGiJHHPRtsiJxsGutPDZhp70iaNc=","PS8R8SpI0bse1auV5jJBG52DF3cN4M8zGOMcBy9PE/0=","Aw/s7lAH+Az6kaAJqyvrE+B4EtSlWuCftjFsa6dKU+4=","aVX9mJqAq7x+PgzqUjCweH8+A1ebXSSZNB6ZAlxkE+Q=","9b+IXVcy9FfytwXsI/DPCMGNM8ORr9o8l+6tisG9sD8=","Sp/uTAw087VVbE0wrMBmGQgjP1zpmSGMUhGZF59fjmo=","TY529Qzp6Te5VB32tZinLxRgCZ8p7BSSWlnOq9iqQ84=","zlZCtr1Q6QsfG5OdQDkgOKwEQZ/unh93q9w/sgr5baI=","xrppfYpg8+X0kgMcLf06fqe71MMpBhruUv07tUl6+P8=","c4oFoorFGpsC4uSLXGttAnAYw2fDaJvj5gY68Taa5Po=","4xtsbRGj8G0q5z+6cXWoG3Du0pzxg9+kTmLDJpHW6Sc=","GeZl93TTmZnPiFqG/my1hJur8O9hZNSzHbgGVubQb1c=","TwP+JReSL/boBj9cJao9Wtt6NaBAasQ7XLA8lWbWGv8=","vR/Rf79eFKrx7/ABy0hNeoDz7F/O6GnQBsHYgn+gtq0=","0eFte/iVQxrI5IUKlsklYRRCC6UAtR+A1Q4YsWaosUQ=","2/WIDi3yMnJnHSqO41KTWe5D5Bwd9SJlap1sSxEy/sg=","F0qZL/CMmkq9xSVz0hLcL1lp2Ur3tA3caSU5dJBfkxk=","SiqlelOY87XjNjjn8gcU1gVMZsYobzyrHNLSYG7/unk=","GDqeVEsQGnVsZ95NirF69zN+3e25LmosxsSlAHywnC8=","be7c9TPI8WXR49uJWaxKvJn40bmsxPTm7eMCq4F4qOk=","bfe4S6pAXIOrPS9cV4+2FzJZ6KnxB7SE0c1VX9KovOY=","UsjlXM6Cy9+mb43RdmkkZ+MrOSMR++oPLae34xSCplU=","JD2PwVSQi1mbFHG+NI4vOT5dcE5m9qLZ720/yn4lR8s=","glFqS0c0GUYWo3xfMZTZjtBr9QC7kxPuemx9si8/Sp4=","KXMOzvrDVGgT1z5fmtiigaZs9neURqpo5wC3QENJT1M=","o0x42S+2Fcp3qKsuF9VloqhYMtPS72leMYBeXA5PgK8=","TT665aCB1XQE/wJ12NChfK2JUCmb4L78+thvmy4/aAY=","rr43XpNjPUBAv9bnfCX+0WOdLm6oUj3NwJAfbZxK9OI=","0qfsgKmzCJKckWaJXrh3RFBDS+b9SxrCmsA6BTtG1ag=","Xkb8HZXgv6iGbIzUO2Waw7hWYo6hXhF79k1sUn33VJo=","EnrOoBar/n+qMonB2Y2RaEe0nB+iZKc9Klo/PftxBeE=","K85NV3NBc8BphQxwfVv40GgAl9ScyD4KenHJy7w92qs=","lEIeNMwGUoz10HZEIsSyP3b3jg8MiegdwFDMbfYrKlU=","ndXEEUyjZTTeWOmxADfQIeBF2tU4yjdjT85icfHh3W4=","oMS1lWMi4dtO4/FVfiKhFQ4+5Ur+TKjZPOKPRIeyQDk=","Pb7Cy4JaxyNU1XTlhQ1aK6IskX+YnjJhJzKES3JBpOQ=","mt/JgA8nzY8ADK7kA8z9KNB9yz3MHZvpISn7oUEaaOo=","HfshE0z7yz4GokTdk0bG4QKZZ/jVh5Ny5B6qrdo4rJI=","7zOGpLULclZ77yx66JEN47P8PE/x0obeYjt+bv3eqro=","5qJ3bVPvsZWpolq26a2xOzmLcXJ373gMbOe3ZckB3TA=","XqMwwrckqvvuNlY090a1IL2vIDy3Hl6RMA0jS0168jU=","OjonouctHuX5/ECIstmZe2BJHZ7zuR8S4gbpoAmqMUI=","0uuW9hmuHzuRHEyxBWZmkj8yU2AQHXnGAj1Y1XHAR68=","3Y2Tk7bLLXkgXjdDwNHxDZ8MwtlhX341rYcwnU/s3nc=","kNOvFWRYWLu2RXf4i74Z0P3JArw6kkSXKr9mdOWy/Ws=","4t8cgZXReZQdBEQqlGxf5qTHsfCwoXA49l2cLz3ZtcM=","7b6TpxRM2pMUlWM6rxf31hL/k2HbI+P3NWONSU2EGfs=","xxJa54JPzAoY4zqioP/Ttp9/B/v+oxDWz37AhiC2B7g=","01jp0NhEAvJONfsWO7UdV9KZyb8vB10A7DWd12z/1S8=","QqxuDiiRrjor5I+y3mqg1uJvjmjqrCcewFdcVlahQEY=","7n7hRf+FtKzaETRsgksBXRPNlZTO56R3EkyN7u2sZkM=","ySCE+jwKk/Gbe275MOC69MpdilF+Vs1PlwOHpmZzXME=","Tl6Yc0DDKj/JkhgJURijDoyWJkzk7jAxCudJxjmQV7I=","ahilejWxw636KxkTYXT1it/4CHsV9S/D4qPE1F6OeeU=","KL9YXpn5GB7fgNtw+IogqxdRAdRA64IqB/0DpyglUuE=","kInHyiF9f1Yo8f/Nskw5KiuV8iHDtHoJ6FqOOA72LK8=","nTh1ZQz1Z61jcv5b7cXgSiNlrwLyOrCRyKybmyvNyoc=","uZDP/P92HhnX3aOL82BFG6gK+U/eFrj3GZtWw+g3vg0=","HToD7pR/9rf5LGfr6tB9ly1rFstkeBZfKubOsDu9VNU=","sAULeAFAZCtg00jyXv1vxVK+sTwkCalX1k2PLnBgT0Y=","SpcW5wUQa71dA2xajIM71MZkR3cCgNxc0RJiE9OoMnA=","Ljqlgg68k6UwELCvb7ie01yAX3XS2uQQWMKT27YoAQ8=","AF3E8GsdkgU99PMYhltDqJMe43xMOaoyI97B4+biONU=","NJ4GpzdcJXiGT7MoXp6KOCkf7mkKI6ofR9wMFtpD4zA=","bJ6nsdKfNhnYoYKSrr1GnnuitNuvd0COFA0ukw370J0=","I3nhMLU9cThMtMV012CQTNd/tqOzdFKJqYWJyKi1E6E=","I5y9DempCsQxLpzQag8DcD1I2Hnml0AXHGbPe16uutg=","KFETvbO7HsEzp+x3waEMrwXaxT/g2S02sEzBZTcDNI0=","SKWPBv4cTinGvzbtsVfaKbZR6EDcLv7kuexymj+N5dk=","yR6Qb9LQaTQ64byiNrIXEkvJkMdCr9S9KWx/OK4Nt40=","AqzAIzVoF8WwhAS7CAj5+djJdJBf/zekzZychOeh2O8=","GMmhxMb1Hhv+F8B3l/7a7wAhhordXh3uGredOp9rszY=","hSIYeCxOVR0LQL6gtqGZAxZWYnxS5crP6NxQn7THi4k=","YisphP3MVUn+5oPiRgeaHlsdM9Wm3GJ3z/ffTaq3VPY=","1KvdEWj/s7Ak5Ov47+BIxCzN1Y3l/LG4lsOyf8DwE74=","h6VzE68tlPejmJd7viluUWBvPoLb2ar9T/T2f1GmG3Q=","un1Q1gpjhkgDQttRU8TWRTJDznQu0YMmKDrQUJQDQWg=","eUIgJBIOT/sacse7SDyTJIy2fh+pYR1vyuXyytmHTkg=","RGmT20Cepw7YUEffGaqzDyL5XTtaWpq9RcXjnEsiimg=","nzLcbc+73mIwJVKQKldQVrKBYtLgo3MV1vIffBF7Myo=","LfnjNfyZ3fz2K0OBaWkUWiAf3eB8S91zeqElNriGYnM=","PImfL/TFKPJTU55ybObblVX+CNbKYb6E/M1zt3J/TVA=","uT86+7nDv6aS5l3cjnoWnR+jJctGTwibeyw5ubtZnvk=","f3sBQNY8Llky6CO2+kw4tKrBULg9ocCMGa7V09kuES8=","k8f7p5XHh1y/DL5z0mOwTkO8LRDZraKJChwnSYePkq4=","Tuc7w5EOfG/VerLyL2333MKoZ48rQrjPggxHshaS2EI=","ZWhS+dtYkNoAw7KiX0pvEAlVf/ARYepHcf73/4dJp98=","Tp/Eq4vkAYtVkVQ1G6m9TkH/7OK8k5EDsiOJ+gD5UDk=","XPbJBi093J6E8v4XdcHovc+aA1c6lF4FaFKjJvgZ5b8=","oBDJHqkUiILWqCG/xMfzD+dmfczC2xBT7YhIjr9qzUU=","4U5f46CAa7Ij8HB3D2AEMq/52W8YObtHopqN5yEFwOk=","h0VsakBvG3Nm+oUDUsWbkzTPAyIl8+QDDyEfwNnxVuA=","bUs9BQMU00KrKl1JrkdTZ3OU//605/mxokh8ovxyT34=","JIBDvclXY9blJ/VrUPjjp7QpnjOMvakXDGeYKa3sq1Q=","HoFdUuxAxJsLIVRft3EfkRowraqtaYMs3OOh7kH7Usw=","RoC/gs+xfSKzc+XAHiiUr71Rkt693yzNEnVGfyp7nIU=","tJedUPAQncS07p6b1m9/2zauUrCjtbvq42wS9nnfNiM=","Hfq5y0kWPWR5HHIBf4/OimU5QvApeLbFqwv6Hhzv1qY=","jBGMwWQzDBEDMMVJXtMeypzl9OVOK9/0XOVUgnBvE+4=","l8Syf6VINz0mKgmcYc9KR4p+OGm/3+0iwC7AH9fdhtU=","eVsjUz/my2DoEEdeLxfTkLhH9w77+GWUZc6tHwXh0q0=","WpXCovIk+OKBGtQiG5vtJfr2lHEJu6prkJ0GYkGJY2U=","o02GWmWqw4PDvyLrDWCub+3XNbkWe8CzHGXCTxUBxxQ=","bwX+XRRlfknAXx2JXW9w9qY1DZIDGo4Seg3zCQEgevc=","XejaM/nuLK766/Ow0ufEx34DZ132j9RBGtm5nhHX2qM=","BKY3NuBtJoGUnSyFJ3f3V6SQi0LFCD7G5FUvh0PaLdU=","StJpIFdExcFR+QOHwq5rBGS1Dlb6aLneUnW/zvh4tKA=","VUzJAlmjodRitqBVq3D5WMLF0aIxH9QAnh24N5c+Ijs=","AgCrH0Pb4dKtbebRev8sflMMK6W3TPFk5s7UuKXuXJM=","U6nv4Br+GrzgytELbQNi4wTkKeT/owCsVXEGY4VvoLY=","Jsz+doKMi4GIxMd1IjkBGxUU9SKLtWMySSOPT5nRLCY=","srhhSsP7alehTl8xGzaooyTnA0z9Y9FKSlG0j4BHc2E=","vAclNuLeEGGstlRilIE6ZL4bdl4MV8QWGUl1ssbnMb0=","jwD1gFFD7FmsqQr/pOjjtOLbbIM9ZnFeNlTVoIMaAfg=","8wl+exvONZcqXRg/HQyJeFfepw2L8KSY7kPsD7D4g6c=","i6XsNfd2yK5qajCg+zsrQh5UsmSvew7rQO826N6crqk=","Zu4Jnw1DazQ77N5vKcEnIBdqV6TYRoQEsxP8j/EFX1w=","uc0b7fnz6jCfLfl2iDMZ8y8JWsye3tYAjAkCf51jFLA=","Mt4lnbZBo0LWsH2fjJo376bnFOtXhzguOUbL4vShPYI=","3+I5sYcDAlMjYTCyC1EiZYI8oBUDPZ54oD9fF5BBdbc=","CyS+zRa4f+Y1XtNloxj3Jc0EhSrqtoYTkkftQgR+Vtc=","fmcey625QRm/ZodTuWguYotMA2G0+XNlOg7s0XvoxQI=","Z52gVIIY3aKq9UYzQIQBLdRdFPoC7pZfNr+4+i+nrCM=","FdY/2DYi+57Vgpyte7u3xyJIyMV2ZaKWam7cqlNW7w8=","s4wV+BWxq6AAAHeF63FqlRIJV5gJhqElO6CuAzyJCvo=","uDkcPFGYY+a1R9VHQmUNPjSwF+0I+pI73kIVd/vLwXk=","w7+BMmXnZk0fVjt3ksJ2aBh/ulMc6azJi61wXkVXnZE=","9tse6yoHFoHaZobRHM/y0bYPbpxDBbmyDZzaXy7oXtg=","Iun63esU17IrEZoj7b27GOiqowKKS+ccVX6Iqtx6mc8=","In5Wk8L/1oFTGIBLFnUWVTQB8KNctgcECxwFkkzoqPU=","BPXsPXjNSkqIZHqiGfAR6mEoisoSIDThwCAUPiO9zm4=","zlMX+kB5pe8sYoqq4tBHVy5xOw4Af7p4/gmEDmFNS+k=","b/hVeI2MY7ZjDWmAuVHJZg7hY+Bht3IMEP4+R4L5Pms=","nmprSCpt0I7Qq2vJOYnFsVV8yamvQomDLyrnticVMcA=","W4f7z0t53h59e/EAkJ2hlFTHCB9eisdtP9bQH26w8os=","N0SCXqFZFS0/0gkkN2cTWzwYmt6dELZKqAUQWiIr0YY=","JbcLlZ6JY/KKw2EC+DJ/73ZtZeawYefvG357wmsSOno=","8js/pecaipNobPLZx44XRxafAVR3WqVtx83DufMlmZ0=","+0DjYkmS22gbJLRlHMIIAlisNUEz0YeBdDUgHX44aQc=","cjQgmEg+V57RcMRAEDnNH4L1ZY5lwtePZe7bTiRo8KY=","vgEx4UN5t0+32KPusdNnPt02WjBGPCQyzh88rBHB/VA=","UkQRwSk1Su5sd6cMovi8cDBeUgbH0m/MKKEIJqbpQkI=","xC9ha8bpZx7B7ch0Vx6Rqgu9me1AkUgQAoDmupZ1pmg=","hpI0Gba2yg6zmawKqhe4v3Ms2OFOERqRGU34zT299ts=","Q38igEMdDav0GOshLBbBkxgvWIQJ/i5sgwvryYbdtHY=","xfd+y4dXbhGIrq90o+/zS3hFUYJ31zCSyY00hQX6Z6A=","JwKT3TTIMvAy5Rt1ssyjLBf9KZ3oHhKY5bOTxoYVgyE=","8nYpVIv+fsPj/bx3QTNSHC4Cliu1IwsA//58JHydeyU=","GaCrtANc2Q3GY3Qas8yNgGjlSMRKvGaIgl9B3AmC96A=","RxF5s+mckA20Rn4/xoSBrzN2MuTmxMhrmRsa8yTwH+Y=","afY253kf4I7PPjYeUDA9SFV7ap5lYkV0MO4zPnMwGz8=","t2F957K4ySpHsM+5cWal8kJuDH9CnKXxAbXXLGqFglc=","JBSjhnd0oyB1g/K1bGzKpajEVX4kvrOz8xjnnt7K/KU=","hzpO58FhNJ2ePIXNAExJYkSgMURE/wS+bRBvMQZ8gwc=","UX27lsYn4ONamAMkDQWmIO3kOGrhfeu+BqzViP+g2As=","fbHXPvRupdxseGt+wIRcEACoPLFkLX/oXq5ivM1JJCI=","60obmIyP4RpL7lVr/yYcM/fnPYMb8hjTxLxCpnPtq4k=","vvPmP/7pzy6+mEJkw00jVaJn83O63NwZ9xhubVSimdY=","JPKJVKScnmyWKL/TDuopESryBjo6o99m1ZO+mvDRVME=","kNJIMMbIYidfOBE4kKNsUCyUVWUnXhP/Jsgt66wm7iA=","dDpuU79BKGQEupzl15B81XK/e/6poSRi3RWe41mZU/c=","Pob4eMy8M5qX53l2g6DA+F5znMfSMIih9Q6Iq7dE0jE=","Gjf2DchfhXJQyYqntytNA9PX2S65VwiCm9JjNtQV0/4=","d/SpH/mpiC9Z2xEC/kbKpKcC+35MBL1C3VKdvBHLuVI=","v5wTC6lPIVP/6J4WczT3cZRpejgV4OFRAv64M7eGk64=","wFpSKEOe1hjjygyujKIh8eXWXF8aX621FCPb0wQ4K+w=","6ow91r5RbxCquIc6iAZLF8g80oDCv6ck6Q4GVRyTB4I=","Pwr4TUuZGHQLV/wPYzA5eFb4Hh9uxWiocYCvVYI0c04=","WjguU9Jh2h0xgm3/zCzV2Q+d4sFhQrNr3YB6sH2ruMw=","mp57atnnk8pm5A0DTdD4kZyB1qr3PC6GusJleDw9IFk=","NnDF7dC8KHZ0hSwTqxyEHVeGcd+F0O5L6TWDGB9Z3pQ=","YiAr8mwEt+EK/IdyprIJgC0LRpAPxSdL8B0ZAiINrY4=","YRkqwwo9rJfn8ia5k79oh2GyITB+zkyAKP9ZCf6ktVo=","+OK/OLYXOD1/o6j0cm+Y7BSov6Ui6bCIQZ2fxv8VFAg=","kFIZAfr2U0toKIahuLhP45nBV9AuAxTX6o+0AZ43QTk=","MDBX/oA7bXEftSJOBipHECYu5YPLVixqX1SYc0tm79I=","qDVwK+DInYSzat1CxRTr0Im8GPvLiw8qbToSpMCNh84=","sBQfTUezzxs9CvaFWn4RltdsiIxMmIU04qZsrSNPI3I=","/yUJrqHIw+ITf5nIDihfaDjEW8cdlCnstm3u59QLfyo=","Q2vXXCmFnbD/zg9uB5mvhRU+Mgxi1f6i7XuPxT7UdjE=","aRx5ANRbkZjocxRf4wZUJJnc1BqDNL0uqm2hMa8Ze9o=","Yg2OnOz2OQVxsSzwtdcomFL/MuC8FCuMChHywSUIR6c=","S2QEGrv4xtGVlfj2HeGjzP/5+cLWgYvCi8jGKfIr7cw=","H/eER3LCSiqarwhAy+kuc1q1+Zyw1J7CWf+K52CUKGs=","eGTrEEC4QogHQow7Rp+89o2hfQXMou0RNe9BtPrmhsw=","5FbliRxeqGl0+yVTBJYnj3KoPGbA67Z9g/T6DLJG/KA=","PitktAsFCHn4SunRcf/COfTneDQo/UFGV7DeRQNpSDI=","Bxaesgz4NlGQPzfwyIlpfsTwJKP5ShQCYzOTqn6djfo=","/x66OUfMiVFhb6dOt9db5ZmnvaCPN70w3gBGq3YJOcU=","U8akcjHa5/YunqRdurcQzWYPWkHGcO/AnmzYknxKd9k=","nTHxAdWeCNLJWSpbDATUH5juFE/gMOXTdq9JN97ZcYQ=","l5DAvVLWRUBx0kr5buWj+2GwiGWSdhmpMSR3FA2uYtc=","BRSHSQc/c9IJJ/HGgRxFojdgA/C4Zq7xmxEVJ4uNnTQ=","kKOh5Mz56h8fU25cI2sNWtSN5RtNZDfmZze1y3+YPBs=","HenJk7dxNbhuHi4cN70/8Kln1tzHpPQnk/Ghk+F4P78=","+o9N9871e02C82NPWdKhYbaxJNZHamz18Cbfpdu6DJE=","adUAwfcc+coCo3wckolwR09GVSDskWHIdYCySZAbLvg=","9eTxtgoiuU3BcmTjle+uh6sN1cRPpNovaZ731qvERMk=","4cx4hYgaw88lMQpGnAsyN2nPyguJ0Uu4QLh7jVr5eOs=","H67G3yhPrKyPPLy/9ErELxw32H4QY5wTwsqdOSA+pHE=","WcKQ0rG07+pBGJ5RfjKu9Lx9TfUMZ0PrPCS+45GmzxM=","F6VurchHrIrJyGaGb+L3Y2XFuoQzRCXyvEPCJme4a3g=","DEdh8Kju+AWwn8KpflRiO1TuFFM77cLjA++OLfxj2CM=","Zft+Uxi0S4baY6VrFPT3jcxkyAYVYPqq94epFhQQN3s=","kNBRRf3P5LNBRDB9jlvNEU6Gy5+Fc+Z7pyR1anIE3yc=","zhVUXSFO0QjOlvUAkn52L7octG2Ru0HsVEahj5l70ss=","DB6cA3OMixgsyFqchTsL6LMPv5uZ69LQLRjT5jB2dEU=","d3YA/3BxGRJf2OVd/W3Q+Y+2Hi3ZxECPXOUAbj4Xlok=","PF22uQ1ardaxTt8AOAisCACXc5BMzZ+ZzzJqZmViu3E=","/s277mzSuVbRqEBrEKiBdSPdy6Q6vAxc42YCo68rUG4=","k73Rk1E2gWIZlPnMzSa7HS1ePdnkPfps+g3smncqheE=","ceVT6VAsjcHRWhX9YFxRT3oKedSrtdWjj7w09RrOvoo=","nrU2DQp981pKo+5gSkYnAmAt944Zbpr+MB3KS7iDMGg=","1SD+SjPRsYidC1HdX8huqxOzX2aIz18GNXk4xw3EUpg=","7YRW73MMnI9JYkETilEwdxnlfI5sFSrtiarF3/A8DsQ=","/G+eTehGoro80wuTAXrAAv8rBQbcn3f5sL1Rz+iMxLw=","Ls0xlF2MWtzWm/tK1Apfjy6L3kYJOQ6N3JiXLibi3E8=","10KHZSKPicPClZCxqjkjA4N95S37jtl0bFBhhadVfA0=","hH+LMK6ci4Mz7BKjbY+E1V2zUVPjsO9Qa5KBuDUNQn0=","6EP+7wMNPwu31vhOgCbb4NYysaIkRs4bIZcfH3aZG5Q=","ACoZE+PF2SgoqpRxe+8yip2/ddgUsjArDNhM0bfPACE=","AXgxVfWsVcn4e6lA8WPepNUQjcL7iUJHyDOz79teTr8=","KACut6KuTO6BBKCksZp3WrM2SuYulpo3LprzzSg3nz0=","/8W74k1B+P8RROUFSOB0QMojWmZMDsQlkWrWCCKldGs=","9si1Nh3qfLT0SnkGU8HtcOgHC++vIngbXEw6EJ+dUT8=","TUqpmhDQRkFkRVaRGhtvHZln3mURI0gowOW7J5FSPJU=","9f4kIT7Dq2Rh6JM7JOkgcSNJifs+KyaJe5SHXBTRxQs=","As14L/NorSsIKqZ1SatCCFPo6thvAkOGreiXPHz2q3o=","ZuGFWNQlazTy/oRr3M4itky7asIPNFw3DD4v+8ieJ2I=","saZOE+e/Add9017x6u4v06nLCTOkXNoA7VWvMl7yG98=","OMGctSUDkmc3PUonAvuqRGEn/Mer5qmzp/lEVMxKMkM=","+Cq8slOiRbvYzseLbOSpO+dR9V8xv511qQOb1kXXY80=","l9/2uAg/j71gl5YlWZVaqrVfm/s7Bg18xR68psMleFU=","u+OqcYmIgnGlkjiosgQHjy1qiKvqq6AfEbLYDReygn0=","9yNhXWMM6l9U7V1fjdAP8k12Uh1qc5oh5aaGMpPA2Ik=","fpVUDeZfbTj4a5Vflb0E4REkAvfqOymcgvBAzBkctzM=","5GXbSHv7FR5DHaghY42P5K4zvuednYsqwHfozaXvyWA=","P227Fs+TEUouhzW0c/i/SATWDXc9WPni+A8OcRhqOg4=","bOspUqPUTgx+X1s3AHtU+55eGXMORror9dSNPLX5AWo=","t3WcyY2yRk314Hhbu1EKIL2n764+CZ2sGeqxbjnrPTg=","dd/TH+Eap0dSHRw0Pmj4Xdkk+14N6YgzRAZuMqs2h20=","XweL+om5UV9LQr2dCjkCV+9Fhs/znIueVpbzRCFF+ds=","g4j1rjdOmNf5UILEqfjDj1g86/v+EFrUt8O4XPivXN8=","TNIDsa9d/R0pS2mq7k/pEE0p6TxV8FlSPYHt6K2ECoQ=","X1YJfMqGHH1Z48tusmFzfYfoH8Ge9rXTdZuVM9cTkXI=","Lo0uMzFWOfnxQJQT7fllnpI114OqKwvqxx4t7YFMVys=","qmZeFlwtsSUXAU0lEqevqVjh/yW4/nOilzmuJM/vgpo=","x0LeELfrHWyln7fkixmNxpniM+NNN7p3x7xK8HAYaX4=","6PobGlYHyX7kiJYK5prAA55nLSZr++tv3WnmtSd1b9Q=","my2ec3Zt3+no8eusLYX9ZDM95PQ+FSh8QSuqbYS9dB0=","H9MecQbvC5GhRYKEi60z4WeH9MnJ6BAOrB5QuNr0yt8=","GCr9Y97wZx1pXkzAx8XNXQSs8qbvMTmeiZYd1J4JTC8=","p+/dPpQzWXkQ/HO6f0axvdhJPaHr68551zK/rNaVmtE=","wbmpLH151dWq4FWuu6SDRvT9YPnFpBsRls5WGlZQ89c=","tsqSc/1lUOCSfFY1Bj99S+Jalyq6x7CUNCaqkuxDcJE=","HKcTK08oY15WdhAb8q+bdSrL0IcDViVMyj1PYqKb40Q=","Z2w/j34T99dIAzLcdhoMDgP+0OoKW8Jx9YyU0Ev91aQ=","r17QwJb/l+F5ynGmKSWeASzdtBMn/S1UBVR3aEBfNik=","q8ecxefbxtPJxNHoDxb1zlsDOOfnw7Y99S65OfQoG4Q=","HpJ6jh42gaER1Dtq9m7sGy6qy7M15tLs/cEJMSC9jwI=","P3fd59KmWydkxccRQWYaKX7Nb0VDK5B8MYuZvYb6ZVk=","3fYm3A2KHagvcYpTb2xU7NB8noyp0mfgtolHkZ0QMpI=","B5tpOYh7g06wrm4LOg5odqeCVgrPrM757zpezb+dPX4=","SIMaDby1Y5+CyMiCp2hkRYw3Ozqe8znUq7Y/XYj+aAU=","26zmeyMvoFXF00aHhssahuF2YBldAB4uOeDAT1XGFzw=","44tTzqNsl4CBWv8ddBZM9V3Z9fKRkEX9nUJ9DZj3wKA=","w3m/a4Wdwk8a2rqBBj19OsTQp1nxy1FKJahKFZApmHY=","gBbDssqJKlwYUw4orQFFLwYrO7T6u8J99dvBuX0W+wI=","qSxrcLiC/LZot8rQMVurTnyElplTgbnuFc/D1CVO5vs=","TGfiGBtlKAdA8hlHCj572BdWI1DSkixBdeG0QjrBr/o=","C0gqmXVAUDwn8Vru8Mh8ULptGGgxNGxzjPJzfCkU+so=","6WiVkPHe5jRIJpoVCLL5rTo1o762ggBVepqbmTNlnBU=","xchB8dYiEEcswHN49sMHyMygP2cnNPe4DOC195Ra/g0=","UOEOxHt7xU5sin577f6eeKz6Je8plnbeX9sGDkY3BjU=","+NlwCN0Co76UZKL1fV2aCW+98HTWlGa8q7DOC5Q5FJk=","14c+zR5PPje0wxl1TP3dd+RdzUwT3yz5EIP7bk3YK5E=","hKG3DpVBXn7I79rFpWeaxUAWyEvDZ3ysL/7t5KH3ur4=","Uk7Qg2FxeacYjnIVvFWbqiUOjZeZNV0Ys6pPoIpJ8kI=","KVgcNgef6Dv6JQfprjb7Bp7rARuaGWEUXGd7WO1BPmE=","bG3VUbqN22VO9y1rfvPWs0TY0I5Zoec8o46FZID5u3I=","w3/pIrkTWo+H2gyE2+kqXOOiwoIIfKY/kenquGaaUZs=","wCAxrkre/o7j5lv5RKAtPWVvI3/MwvEUJ+kwS5fB3HM=","S6BJgsbrpteU1v7ohfH6R+IfKw1eMXzWfwH61R4MUHc=","ZGRmcTNasChg0MS5g68fsKuYakay7RGcbXouVmSQsvw=","HTZRLFiQXmXQ3rlydhrPvSICMV3z9BirqN89mRZXs4o=","fBVE5wskYBD2QY06pHTz2PBbNgokEfFpBUkT5vOWmhY=","sEjnb1CwYrOO62ZuhUlKNWkUb1OMnGWSFq1v3pyCEM0=","5u/lhAmryMKIuIAy04SGkQ4bLnpuda+o390uKFbOQ9Q=","Quw+tVKhreiAyOoirNJjVKD7p2SD0ISFuqkjddDDBUE=","0k+C5SYahputhudMk2vdjRovKS3jDSUb2cd3jzWi8iY=","vI7Vp1wB7o7MqsHKBv8l3/3tpS9OssdpGrsg5XY1MAo=","JT+w3oy0tlqmQ3dBEYbNjx8mYGvEQuip4FijkJVVsj0=","NZ5jufSsFf0SIS1cwq/GUEPxjLoLreuUCKRx1Fg1BWw=","r6iynTHrd8bf76R4oKL53iGZM3NtoXYCGmSCgLtfsfM=","JwI8NfV8ONg3pBvYTjn/JRjCowT7jAKLxULF32DJQ+Y=","OfKk3R+XoHM8vW9MGCq9plRlS3vHlBc65cVRrCjtbzQ=","SDGzr1WR9++VeQF4gAzIWzGQBRKf4LVXMg2T4vthZew=","lQPKeKZEVtjs4eIMzXp6pkZVhVROLFjViKGjYa5ZvdI=","pt3AMzrcITUu8v+tJaqh4MZRlgrrGcpQAZX9wnnH4rE=","1AHdjS6YWirovMGk57f33ViwA4PiZ4YQOv/y16w6cq4=","O9OrrTCU2YX7+6Iw7vb5VGP9Q3rojXMvRf21MFz/kGQ=","4MGm04fufIZcCNtb3SfPGy8jIBPZtwriUeZN99BQyyo=","gKdEGbbrv0vyulq1ugnuUYFY28ZBEUm/Ve7Zy98fGAw=","xzLN3ZW+m6kddEoul0h1UIM4YVzJDRZGaw/6XcOJ5qU=","uXNw9CgeyVq/Uu1pduAFIKT/s/w8SWXgM9nyDBaxEQ0=","lPi+q2WCvHO+gDnPnDOSDwl9ho48wSYVvWHB4q/2AsI=","ZF0Awq00ybehSyjwkGqvkbWHvvoNGNareGq1KQ2eyZs=","zdkPffhr+wDtKql1YJqGaGWprgLs7p7YOfggo2UZEq4=","uHWI09z1oytvKyUhvmW9IHJAcWQRkm/ROlWpnSNPhKU=","dbpT1aTHmqFmMebKkVeJEmg8/z8lKlP3LMWVJAr50Yw=","tNdSp8gd6dOrajckMXPzlkpTQx50Lw3J8lWBaoP19tU=","snBx8d4Y8YAL5njWrG8RYtR1B+dWfM65XyYCGGys7XQ=","VWp9GhsExPLAGvsIbA8FcFrpwrQb9x+zitwiurrEoNU=","/c0MGVJFlTCIpWKCj9UYvax2MXmwN+baBIxgoVLaZHU=","SeM3P0I3Fm7TQahOZYl9B88pQXiTX3g4/XbHH4tUhjc=","ilOKL/HlkkDc1eV9bODXFz724DldKjZyMr65Oj5rwQU=","6xD846WP5AEl77Ezv8ilEaxnEOsO/nVLDhtmZ2sG/1s=","B4BSVJgtFsaD5ligG95mVnjOqjDCukWegxjhznW1n3Y=","2ovV8wjDXstr568VsOM+IFhkn6bqpXLr4XSmlmXJvac=","WaZ9f9Kz/Dc9Q0FUhfAOqZxlbGOxVnK5qumwgE3T2pQ=","tUCr4kpD3mhKwLEfty7WRHOevnl0Lllag9PV4WJXmC4=","3nto7aU0Rz+9PfhKCc2T8iEUalfZokTG68zwC9VyyUw=","yDWOslc+Y08CCwyOwG6gthCLwq+2wwcEmJ8rsbk8z4o=","jCfXnCq9oH0Na8lAJSmjxcL7Gnhvqw4I3FT/tutxda4=","qoBJ+/AQVSQVdAeCTxlpzV4juyUZNEdWgjHlqgMzeMI=","kOfoUDM7LokTCPmqt1lgITrjuI4iNOmuLIBp5LOXSS4=","mVlI6oEnmfmc7J4UuAnK2svVUFWjyd/M0ERS9FiGhjM=","Dz17tJXsNg3aovzBqcUkL3KVqDuv7XKiSlFpaF3yc7Y=","76yBrAigraAvcOjwNXYlasrDbCHPXAwRR0nyUEKAt9E=","deIxEmH2+FPFZ+OCV1AuyHpoDB9Z4fufvSzzAxToOcY=","j4NhNs64CNnRn0Rx1RoadtZOXU0yN/Fa9TxQYpuGwgg=","amMYWVoj8tqZLRf9txme4HT0yrE/SjVgoY+9SPJ9hR8=","nXGR/UFv5EP3UoJ5Wyylo9sOnRea86lDoMhCcVgP9iQ=","047MJgWUrPLEhQQtrFBACNOOWd7/CHGYS4R7u3cflGE=","PjmJ+oGbYT/7STgTcP3tXPEPS4fYkTlTnKAgXC87MaE=","rmo3x5AL9rRK/qMy9sI6reAqw8431/uQpzM+MQsHzUw=","vUxjSoWnWpRW1PMSzuE7ukrKFQO/SrDN+TOMbkwLgH8=","Jzf+OSTqQugHq3e5OAJPlFheclt0hlEEfvqKlC8GLz8=","iJQAejEikoG08QRT5os9wAxOGGVwslNZ9HsFtyhfXg4=","cxLbfKkf2dkWiRLUNNWuyOp0b00bh0cHNVbNyJ9k2Hk=","RZvEx2UXS5x4ibCaz/EURK+G5SnrSEzpmZdQ6o/ob3s=","mJfR7273kUCql1V1+DYpbRlled4fku1iPZHAK2zkLNw=","x4XB0Vs1r+Mik+lmOqUhV0rnSS6zM3LexJNr/oCN2o0=","JOiXToGsz2eNqqqgc3XnfZXuiHFq/2dRDSqX0KaBN4M=","2j3BJNCcyfP1c0t2ITGsLx65HIvvrO+YB+QFaGkVvtk=","GKIoAIH9yW09Xohjr8g8WSUnCay8RbsvqJpzzyRlTwE=","BdqpznsFXBTihEqXWj5WqnUQ8+phfOlRWeu2LVmlJxM=","imo7nVAjdtyt5feP2X85EdHaT44VJF/uDxHsaMrVusU=","gXw9pbl+FH1/dFtuuoSuEETIjc3y4I5JqkyR2E4RS/4=","01K9Rt6wrEotXDvNkuJ8yBYo1uI0jV0BG/wZKT3EO0M=","Xjy+qN89ZcSsxP3feZ21/F5ru2SedA0Iw5NqB4PmKHg=","XsozrH6dNwe1YxAN1x3F35h2/TLSdJCU2Coczl6OvUQ=","IrDHPIa18B+1OkIcFqLV7RbjJC8Cyz4idGKbnDzuoMI=","5TrpUq51nIfC6ae68xqFvsJUuHzf0iULkp2nUUOCBEo=","tjYv9d/AAwfg+9fxx46hJyN1MIfNZ5YKMWR+7PULr2s=","1dYZljg6Q4nVOlRHMDVyYyMgsR8lAO+8OmzG3QL0yCM=","xlS2/lD3SG+evfSRnvGnci09ZD67zT12Afvxjsq9ylI=","9n74ttFMG/hAl3M9BtYKYCfqrumoVkWVd0YE25a+8ng=","yEKvkYwx7ig6s8rLo4XUd1a33sWXgk24M0Ds7SlQSsY=","OWe3+Fn3Df0NIy0TMQCGX8J8bgUZWRGp0+mVMu360tw=","fyj7oF2/fVwpnucEE36+aDsmMtuoxmxWMiLuBw7bmh4=","1Lr6B8onSxzP2mJvG8U/lLVpk7y56XQDuyleUYpHdpI=","orZzvjUHIYfq/TCpwB8BzxyFuaSG1jU+2yq2is1VVEg=","UE7WMmftyvh+ZWFGA7yjWtXAmDMjJ4mI6RIaA2s9aHo=","jz5Wf0OSSoC71pd1T+lKsrz26Y/4PXBDrL0S0CKKWIU=","Ss2zWLWJYZt+AGEkdJQ/R38ArYtjFgRpoDmwoQVsyU0=","UPoZsdLjtKwtNKBXeqPXw5UWYFSPPChPsB5xbOqZc8M=","LT2Qsb0NenkU5rQHTrAQAWwcqumAD3Lq6zVzTKdppOs=","eLwuMzOukfgsS39uZzrNMc5VMKb6hL90Ux8jrIibDyg=","mxC8Rd60F9e7McnPBPy3ybUGS2LjLSwkx6Ud223Jy/M=","1XGfEQPjaM2RWPuO6NhaCmeWBYVpVu6sSSVwv143KOc=","lXdmOqiT3A+OPWmU9cq/P2EXgewmwO4FPTr7p2s1MV4=","DOWWou4bhEJQBv1FqZf4bsWDfG15Z2RUlz9+GBgplJI=","8iiQ7lg1828ca+WWq/LU87RkkbUXRsklAInAVkE2LGk=","2aA9PHzr0/5axOuXjaj9stv51i1p47mFM1GU0Sh6HVE=","g5jnPO0qsWo/Csk+FhT2efsSM9IrezDrVKLckUT6jcg=","Fy59PkfvUjO9nQGUx2oCNmqz659QBC1JvUpZPOWJ7ic=","H7ds32RF71V1fMpJgvbhSfIRZ9XHMAfhbRHoSvbvnl4=","hvFfP4uNaSSfhHbOGWjEZiF0CkNwTBa5bIYjGwvfGM0=","JNHw21Amj6zzc2Ys5AgMoFXIS0IJ9XssnRK+4g6aNwU=","K50hG6/GjeQm+ZfSrmZaF1ZM+CH462Em396FM9tcyrY=","6DAFyp1VAYJgGuTzsAbYSWBwdEKBEDwd/kJ0OfAo7ZM=","KwSVEOuASO+BAYtwx1dRX0qqri/kvj2hzV2G+3zALiA=","uL8hJix/10i+7EseznBtYfULMOz/S+4Hw0KrLDIBB/U=","D9wJ292pjSeRD/W6kK9FpWi0Jz4RxkV091PoRLJigdE=","3XqiMidsrr52rxoB6rlAMq2aXkhp0dWkUYDP6DBv4HE=","qsiBMNmg2qmdXxgG6PvR/TD0MUuR2oXUl+E/UcwWpE8=","cP2qCWpmpZYxeVuEqfwiduEE91vcD/pynWDwxzhdvOU=","ts45bDQv1B7SuTbE2/L5Y+FNtQN319Nay6hSmNGy1ms=","NaD5PXipUt033FGelo1mDJfgg5dxFWcF/KpY1Z9Ne5w=","a/iqNhetuIwSfyTKeuEaQW5ccmUPvPT/2DdmF1dkVOY=","zc9xCuAgzCel/fklT1Iw0Tsdeteu/N9KJXefYK4MqB0=","YJg4eysuPVt3wOD7/GF2b0EYnlZg7x09aqSz5qrvYZ0=","Ww9jGHTgceT7rRD6RpLJKR2xQirZyqKXzfDLTg9BJic=","Bv+PXLyivsJBL9bYU4Ok0TKmUH0ran6cXj4neydXDfU=","Ox7C+VZvE+fSEsHVkTyv9weeHPWQMhL0MEDsfwJfEHA=","1Dph03SsaMX/b5Tg0hO8DSLjbMwffcpXUjle74Rppgs=","Icg0zU0gtCkLGKBQsmtNTNC65/VCh+pf6okcOjMd1JY=","LtcsWyzmiMBOarf4HamBXeXkk50J0/RY25AclGTDjpA=","ZoAFpFq3hgRwTmezL1PE7PWzZV6YRcCb6t4h2Sqb6aw=","jyii0bC3EG1MY4Lw5uD//X6mJ7d8wdwcG15P6k/w1rI=","xHgfamSuwt95ibej4KCmYt0yiIwDNdqdoPXOiN0TJps=","vs3oYRnFxZ91mXQD1baMWf4JKDT0Fhs85ipdo97A/ko=","HWeay4hIWdUmF6VTY+OMuOzYF/LeFn1Y6TUNk3KhlOQ=","+x5eQdbitX7+FU03Sh5J/d5GuoQvw0YB1KwkJ3mabss=","bSnV6OQb1BbkOlGzAEeaR31eYg9olh/4Cq9Mjy9WA0A=","uKXDCmevEDkHzAMjisdISHaJQ4bOglTQ3bOwRFyNeWs=","n1x5tvKBmYgbvytOo9Ouj29TTHRFRYM3/ASwKqFnLHY=","+VZk0oCR0lSc/o1cbrYOKXOhICCoUUYDtZyH2GifP/s=","/UAM1zN7SRm9AwzCAIhp27EBWJbpjnoYXtJPaMJUTYo=","5QkLKfgq8Et85kuoTd2vomboz+xyLCPkku2wpJOOGsI=","xOxjZan6s96L+/HqdYkzXMTWnq0sXngG88yCzRBBfVM=","3NrZnxLHiGmXhxNP40ZhHw7eEwYNe80RVTDy2+e2Gl4=","W/SFh3MkI5CTBr7ro96eQOFIav9Wv0YJn0N2xQ6adcs=","0PWMI6X+4p52odbCL8W005HguMeyL7oXj4RNMZOzQY0=","kpKlUoZCuPMP8YrHDtrVgQ1ST8xE69QZUa9/sDkxGo8=","bTkMtxRHl+paBZZpjyl52+hHBzlvFeQF2d9aql3T6LA=","B93C/u0kLuVdV/ka3OGIUwWmdQhtMhzohKPdCq7jQAg=","Y0Lje5vkJRdx/VtnsmAIe+hNylgcDHcEXyzw4TCGcAI=","RP9s+QA4cK7sdtmfz2bXTYqJJxBqDJR88w9YFhlbATU=","95HIlBvehmp1yRo/ItLj1YVMy7bZyMJ6McxLr5XgKrs=","u0Jhmg060mvT8MJiADaj31vsYtPtHKSEfeAm+Xpequg=","18zPvDfceFLOXotjE4KJy3hoLFIit31rI+f24HGNGJ8=","AsPLrmYDtuUqgU9f4B4gpo16mVx1ufCG6dJw6xWb6Ng=","14KerWCgEGGZLUUp+0EQig1FTwkLxHkU9LMCG5xCeYI=","hmLXH/kreWROEo4MhC+CuzVXdRymxD+BnZo1izeoHO4=","x/onFyAko+sSxqPHpXRURebisUY0JtEZxD34bS7hxFY=","EzTd7TWcVlGtgAy3a2yu2NjUT1Yzfppudt1kS4WL00M=","j9SZN3v9LeoBZtyNiLghm+Ye15CU5P68kn3wyg2iwW8=","AShOS3MMw6XDAwn2u/knmCgFCAHY5ssBTBjETwKqaFc=","pFxrp6zvuhD2u/rq+B/no0fej8A+r+Y2z8Zlxa7A0Aw=","fVRedRwXwq4X5JgPqkPBB/9lZYeRTX5CDXtb3qQOdZs=","2z8uOloNgxC9V3o7mVO2nq9ENLVif8GgnarbdXQC55A=","kH/q3bT1mEtxQFV/3bsZcLNjpI3+1vNM5A/5NvN0xPU=","jnxZg8cyW6T9OjalOLQsQlA+Q6udH1NAisG7m5SdvLk=","LsvRP7oCsMdwkqQFwnPbooBvONJj5qooRdV2c7Xl0ag=","R49AOTC4Hsw3uq6Z643yf1zRARvFG0czOLNm4dXC7VQ=","MXXih+ScDAfeYCOQqXb9EO7REcq2NsGA9Km1Tio58ms=","LQPWPk6L4Fx+eX9hOvV1iwwybvxxfdbadnzAgd6Gy1Y=","YX8rwl+UN/3le6DNLRl7v7lC+P6ISbMBdfo5fd4S/Co=","sFmFI4CWOxikZQW+WEolmyAiCRrsbWyYC+bXgbsafbE=","y+H/ErRyyc7U37Uv1JimfKXXSev499Mq6aKPuKcd21k=","VrkNcKtIH41smFXrIC5pIfUa212eWO23pg9s3BQWexQ=","WpTAJKwWgajs68Co/bFkldpOCIYaj7+oJpvbsaHrH9c=","pVLQ/TKJ5PT70zFlDj5z4U/SdcA8vRsn0gzSAxHWp5A=","d3qpgaDCqVIO1CSujz/e53FNkacg8xxXVIYCKVG8so4=","CZFNQG1keRXqXKLAtS9xoPw5Hi142GQhaRiHqo/6+2E=","BjAHq2GUbjR9U0NpTbvPPEwfVF/JVNhgjYqaBxYeqQw=","HvoLoforOeQwr9SDwZ2sfsJrtcxj4I5R0mDNsTMv9Lw=","g9O7zfu3/WrXzYoyzBPZZAlq1yVbsZh1bqcP+S2j590=","xJUm30wUnLt1mcho3MMADJdtkBvoXIF7haRnNSzLkAw=","s97qwEcSDqcWmT0W3bm3iSweFipeYJKhhLB80b1lm4U=","dA9PgFvaiNTBOsMjrCSuWMNbP0Tw+gQNJ+7ApK8WBeQ=","6t03e8hMphR/LMHZ//hltl0VHcRtvwueNJdvvN7dewg=","h3Gx2rGrARYZa2Rr80sIAVOwhQd0ME8FAnXuhGZAj7Y=","sgVuRDWBHaWAtmLThd2Cgxb7D3kUo7A0suK+550J14U=","jQSa1YziaJ8sCXsmgxjZk3lrGws8T4ME3ZlKVjte+vA=","2T+BF1706Ie3+KdkNSyhW+MucoAVXv+49TVYPk/mB4g=","9t1HFZ4l27xcOMfQ76CzyK5mcedIOqztjajVO/mgEoM=","fK8HxSygQKWBYyBKux8/JLeOQmaMoBOH9ah9HTE+PIc=","GHJ3EBQOWJvUr0mSq8qb4hBssq1tDWvoUYqRNs9Whn0=","wjyf7GI37bcBTVX3rZs8SiNBTIwrfnqloZIGGcMJMsc=","SaZBIrC/SvCMgAlsypQv15RC6obQ0nVZ/ebvTsdIxmk=","DbmmuJY9RZfVBYoBVlr0RJw832idX70iFuXJuwyTJ7o=","PNMteRGc003kZxuNpqOQJB3I7MA9wArH4OHeVIsd/Z4=","IEiuA5Lk3uxy+OmMT0CfiqifYgSA3Zo6llOfUCb9zdE=","+61sINs2f61+FCyrVSX3r1Xq2b8feDhmH6qlndTS830=","lOkiopW9cAxGpgRSfzs40xDWD+2mF4oJh/BMC5iJoMw=","wROEVbT1gFSzquUT2k2dZUkKAHEsSOTgj2i6wBRrw6A=","rLMYRy9Nm6MSd0pbxCsLCcBMN0660q+UsIeG/DplLOw=","oAJ62ytkEa+9urBRYKNwTtLOa/ST8wpZxqi6NEZEIZ4=","V2SISigWjCEHzJldiXxotcTaUio8ufmSFbxh0GGTZuo=","6h2ia+75TAfMWqGFwRNZTaGaVkL/fFjbHnr2/hKfmMg=","eObEiLLGBd2JL55Np+oeY5zdRBcsEnIMjoZxUjExR/A=","04r7FIbBy/d19GhmkXZYSc7VCSkHsctvNp0CP8BLWsw=","peI4EqTmw1Gx3ZmDuzNXQfnLNrvhNxciaqhbgFsvhdo=","BneG8+s3zYzzesxoLyBbYk7AltntiMmEqFYlYueoe28=","fg/nCGbnVHkQBsBPQyJjHfaegDRsSsVb4MK1669VzyA=","r8yLENPF+O8HDvU3K0NVwuvpc+q8BCDyM5+5QYXcGpg=","Jw5wq/6AqU9fRBJ0wzcA6E38vUnoGq9AW7gwJ19F7Ys=","9byQiQ68NpUX+Aigk7Eg28mEZBpKHpvD/4xlcnjPx0c=","X/uznA0cC0SsgRgsJpiHjDEhtWyzQQk2kLUvHDYg+d0=","aFzMCflECrCBLwp0zngFwMvNjB2Ps40nE8pes7gfOSE=","+2O5iRzCF8cghxvkAdNYRehlz7jTmT89KPi5r2SWc64=","RkdNskaDrH/jmW5WvHHt/kVJys9q9+Ir7lg7+yQe3FQ=","KAoCvMApLMJJ/+mCfM91cjPQz6WSgKcyBIbLh/8adJs=","c2jioS/+K9M6A7lRpAVDp0jIa/M4cKARMbA1YrCSj0w=","fZAaTtGrhbLn6mUVb86KXzrfpFhDWPmQxE1SyxMtk80=","CBSSnFCRbYlk1hiqVITAULq+C9AVkB+/kl5UgutHmMc=","qZ3Yrlt2dkIP/BzNcmhHTZ+8QZ7sl4ZB7Zn3OsNd+B0=","hzESnXhLm9K1LOZdy0qN5L4S2ugXzfrwhhdy12FLw0c=","3MM+Bsvw2lS9zgVYyv5rnAZHu2+BxGTViuBj8uOJDs8=","P6+pAkahJCmxO0c8MZfSfqjNsOOirgvSVUSacY1QfrI=","LIV1tKunVBGHTi1xhzqFJ/2t09fNfAl60cafrVKQWno=","q2uyeaL3Fm6fZBwH1LHzRwX9thtxmOkqFnPJXLNQW9o=","QWtkCxY7wauywxbqNBnI2M/JPscOVdae0rdFlhIEcEA=","G6N7kLzzowvs5Vco7PK1O3ipLTnsgfleQoSVo5LSWK4=","eG4pnntiwrdccntR8qwOIXuwlRWwNf6rIoFuBK+5+VM=","tcwHuL5SvcgXVRz2fICWUmkeO+JzxgFjCaQL0ptTirY=","E8k5aA0aGvI984OXjFyM37XkW/1hi4ruMn3GFbmooic=","Y33l9dBFFyLfkFQroqm6DJ+Xj+DtitP92xDH8DL0ZIQ=","iJAtzvmswqJf2PmPnaso94LmlKPLrr7MmVqTrBSk9zk=","tiwpE0MEUoJDOLjn60iTOO7OVrXNUeYDFhi76BD4wmc=","SyqyLwC0HPo/mbMS+X8KRwHtS03LwR0hPIgRXqSMxJ0=","2YITqxFbG5HgihBnQeN9Y31JGXi8gAFmqmncEut5vbA=","PC1iQK0z+x/gIcRvs0vNjHU+7n4mx7X2JUBMjGgOuuA=","6h/jnhcwqGVvVG+KXNzokGzIBjJ+VyYJoIM40D1uJwg=","TouVMD9quI6rd5NCOOXW+uzjImCyMQT5/Czk3Lg+UT0=","N5U1B0tqSTR0H0rqmKwosCYAV+F/zEJE/64jV91tcQc=","w5Jjondb1Q1BD/6hBohsIYoniJ5ZgiCnVQlC/brwz90=","8suUKLQ3izZyx5qHZhHdyizrdFnKHM7okIu+qgBnNNc=","NvjVMIRncp1zAHeXf4hPeybDsAJO8yebLpv5quULbjc=","3aFM/Rtkht7rMNoEjGmOBmOVin/1z0kb8WCjqu2fl/I=","zJPQY8ZDUUaMwBuMg63PwKK9X0Gh+3vuXJFkRMHa3xg=","D76XtA5NDMPIxSS96er/iTChsb8tH/KEByKQPCQH658=","7rD8HTttf6wHMYzFPcmdeKSdNkGp85DnsFPYvI411ls=","Oa5Z1DMYN7oC7uoVH0dE/8BvMNcZnTF/C4MFUVU+DRU=","anyHgpKaZ0X32oT3TZTa87emJBlTG2bMdZZvz9rUFx4=","Toe22CTCPro2dARUlYvbTAKP+owfGIayS+SanLMRr2Y=","OAsxGvJeb0zJhdApuMUo1+qfRgbeHGBT8WT3hWcRFAQ=","dc36PJC4HJVUo5K7TUdnj6N6y/esAzT9PvqRtlWCAlY=","pcFbTulSutTukUUOm2LvL34vcbuDKBJDB6hjeEWpD6U=","ayo78SqEbRs8WztabD/UZbHhcXopsKGjGfB8ZwCmHTA=","wAsl8VoW7OgCX47tfDVxLMzjVMS/jWGOG2MsSsIsgOg=","PgDbAwyC/Poq7Ynx8CTnA6UfzJMBx+fTwFj8rcw5a9c=","/h3TrRSH5HN1GHDz21qf+CqaEpHT6bzqn4vLpGAeu2E=","nUs40yHuSh2vZZXHA+8wTjDBFLSk3tips5a3z41KU/U=","HCBHavEmTHXmQ4ixgcCLy0lWKq8tPGeRvNtLH4ec+mk=","qOL80bQqoDH1PbEgB6ww67qmMBgYEtWSesjsOhbrRmc=","KOmBZe7UnhU3OuAdW7ZiTgK1daIng3QeQ4j0jXIJ1Dg=","kjHlOQPH6WnALkwuTe4bZCTsti2wb5TMkjv/CWwhBqk=","7a/Ikz7WBOUNpdJ3O96840XTTOGE1IsE4uKLQUtNE6s=","BE36gHg2GVx2sBKYg+6JzfLa5/s+NnIVSswS8OlfsPk=","eEgZGdxnl1EAgolmNtnPrrpwNvXud7JnyYczkySXcos=","Nm/Pept7z1TuqOXcXmVD278C/Y8D95tIsXapa0UhLek=","oXvJc9K8R4WfOVrrt5kLHCnpsljjksgMoEch+YaQqek=","RD4DTD/SvuXgCxr4ut0j0jXNT4U21bpKQVwOvnIxw2E=","/2fyD9wZ+8pJ1MFwRxUjXLVn1BlHLs+UJKcwoecRcjY=","RnTKOCykUN0wEuYhWSaCFHZ2/OWKVubKSF7wMimy96E=","yxUIQcwsFW2RlZzEXh640cEcS8Lao37thes/q4SNcs0=","P91sgdumXQBXqm71iQSOjppqPS/4Q/m47YTvYKRoiTo=","WT7mHLzQqD4noMgG79FO6+wp9ho2v1RRjKHaL7eC1kM=","aIit5woJQcAl43vDt1RZrITZT3Zz0X2Lg5Hi/6ebfAs=","7yCkQntJqggnp7vaEP8N7uiIgFa7oAl7t2Lmq5L7Z2A=","zIy/r8Wn4l1YwHYanKZIhreZW+v2o12RfBUezDgWqtU=","/d1SWV5ThJaRLyvOQJxdKnndKDyd87o09iMOktoCg7A=","nxQyQWDVoqphKqnL9gOWcKDJ2JgaUyD+zIr8eQT/RZk=","bxRvTIlk6vFxjwXRejy/goc9WHu7yc4ajwJdE8pvUqg=","dmqu3X6x8sevhj8HmMmtWGgOj/h3HHPAEz9nBimebO8=","683MGU4gFOoR2VKk1vOJyKyNtX6b04SULZhv13y9xL4=","WTYSQ39l/Xx8jjmx9f/RYPYWpNjXAzoxeZF2HPmOkc4=","OBgaHhR6hn+a3ljYw0KlIWJ4f9qmeVL3i7Jc1zVHOLs=","5jujRDBRe7VcNPBhPmMXeJF19D2YiZi6T0RtikxKXxo=","hU/zEHv427XJo7aSXT47FDejTx7ko+//v6BVGJHS/Ss=","te2B9RPxL0ha4ue5ab4SUU3IitMPPefwbqftEEh3x68=","bsBmRkT6+y831kzZCdWYnLx1aMWdq4f9L760z7YP18g=","5mTjDAcl+vGDL6juUwt+RVAON2elGQBOex0IJGHujTc=","wqVJ9JFBC3MT5O7lq/TffMUI+bHHvKWnoAGtgLLZIeY=","pUyqp8T9WMsczjc2uPS2C9oDklFS8nxPxwXSU1GSNtA=","KgEtv4tSVz7u+WPA3hw2ARfA4ZkJSz/+MzZLi3M7uw0=","BlEk5aZWNL3uoGr9N+eJ5/joPXy+wS5vz8/r28mZ7Ts=","LCBRJSRx5pkCHEFcF9N2KrRP5WCl6CgIT6c15rYbqo8=","QCexYBjj3tnH3P2E6FHZ42Dgy9c10CdW+Ir6Wu8Oo9w=","SHoh1vua2F6rfG0p+7Uglvlgq9wllDsbuOzSkb+bWJo=","WiuiQ3w8sFMr7NZNI/GmO26Zf6eXlPTLcoMmCJ5HBo8=","pYEdHpx9GjxTa4mNz4Oo5XB3/4AW573qZRtQOZQmvUE=","yLhfJFI0b320E/v9w54QlzmdGW4iaBo+E2iDOnCjLQo=","DN69hQ9YleCmt74zi07+eshVV+y/J2KkAdC29Bv5hN4=","CPGOhKuw6FP0SvJ5hLfBV1UIdWXZBi/L8aedQOYuIes=","WRnevskECSmbHZZvUiuXJKawrJudesakiXdOz0lrhrE=","xIqZxtbfo5NwEKYAsBzAfu5wPbwc6auENEbl4vJJ490=","750blp4wO0gSNJ7hu/i3rMjsrFDVTdSkz1lHe3cd3SY=","PXVKE5PbCgzUgNVXLT814EKTYTEUZ2UnE0J0sVcvm3s=","ML44cfr6opEH84Kz648EJ3LSrAmE/ryRDTBnEchnhvw=","7vxTZSHXCAaZVtsZnu1UfFvhtUjOF6s4AzN5mKCiUv0="],"block_size":4096,"path":"build/542.js"},{"block_hashes":["tIMJqaubeDGCU75eZ9XB/G+V/QWNDnGG4htHcEeC468=","fPYBURIicnpd26/aj2vRW64QAVn/Q1fNX+8sSQlQw4M="],"block_size":4096,"path":"build/5454.js"},{"block_hashes":["1hxdYYUQLE+UxSBMnfO6yrQ4Fx4oQF0r4t7N/YAaVns=","3wO/v60Tq5uEpt0s87rMFZl4A1SvSUoc4Ko9JQ29PKk=","4mpS6Zpi3BY4GjAdb1gEv5mfVENmLl5uGhQCXUydW+g="],"block_size":4096,"path":"build/5524.js"},{"block_hashes":["pWVh+gIHpPMO/SAEjUko7kEhJ3cd41LMV2VKlM1j/Vg="],"block_size":4096,"path":"build/5669.js"},{"block_hashes":["2NvVoRvXOtvjnkT3EzOV20rjxzHMtn4zgDCetFRO8y4=","DFabKc2EahgEkvOWvI250RZnDBQdsR1boxU72Qg0uQk="],"block_size":4096,"path":"build/5881.js"},{"block_hashes":["S5hjU+YKV++4uKTdB4FpE/5Jn2hGXagr68GNCcYau/U=","hnx7Q1sYthcrTIEe2v9XGE+L2TYFJlDrTUAPMNc3/8Y="],"block_size":4096,"path":"build/5900.js"},{"block_hashes":["votmyY1ljIiu4d8WVoByB09MYxdGnLyi4M4z3GbdRs4="],"block_size":4096,"path":"build/5924.js"},{"block_hashes":["2SwpINRxR4BgK34lKr4apLtisPuVKHvhCoHjtux3dQM=","QZs9OS/2Jb722vfS1G9J1zRVCXxQL57exrf/9ZvrOnA="],"block_size":4096,"path":"build/5925.js"},{"block_hashes":["j8sR4ZpJ8L3bK9LqsgDdEKetqoGFslId35TUY5s3ugw=","c3+SQH2OKYXw6zUQeZcl3WiS4aAo0yx4RJpPIRfATsw=","bPAijwdVTGPp1ncW1IggemxWuP6yfKL9yoUw5OGKilo="],"block_size":4096,"path":"build/5972.js"},{"block_hashes":["RkZANmi9SueQs0PixMOjQlJcbkzIfX7xjvLIHJ1vrN8="],"block_size":4096,"path":"build/5974.js"},{"block_hashes":["00QAfRXVijdrE2wEHbKh6aR3VxbgWFSc88M7eDjoKxs="],"block_size":4096,"path":"build/6022.js"},{"block_hashes":["ZftBm1WXcLcp5Lu+3msJ95+ncgCJKAr7PFIR5Baqplg=","yoCFOGWI/2I13b9MclzK0JLpppYwVHwutd5xl6UcZas=","j+v0DJA+SEmxU3soel6tISZ1mCQC/blYp6HW8m/L5K0=","38ynSrNxXj/T8nMQ/7G0XQrBB30I2xBJP6IgBCcy97M="],"block_size":4096,"path":"build/6162.js"},{"block_hashes":["wSTeCP007/HPexrG86FVBKcKDmKCtySWT8CpyFcfB/Q=","ydner78maOfiPr07qnVF5GmAoR2yrH6US7VSi8XTp/A="],"block_size":4096,"path":"build/6175.js"},{"block_hashes":["0FdXdo0etnJghrqZGnE8cgX+NDCKp1io8UIApLCf0mc=","CX5ofjyUILovIaSF8g/Y3p8HmMr2ndcgk0PXdRLT350=","BHSKaBmYok9ogPWTxBW+lta/axShdowAgnGk7A1rjIU=","HfI8vZ9He9bvfusTSSS7tTweflc7/SKKD2c9jxSr//Q=","vAUEAn3rHCKjRKvdXWHXSE8s4NEmsrI7GpxZknOVLdY="],"block_size":4096,"path":"build/622.js"},{"block_hashes":["YJwruGAqFrvNlZA0TRtMVyBzvEgj7LuChU4tvcIe8eo=","zuOEf9xtZNcLAnj/SSlYx80a3FzFXOInlxfM/1vnK/A=","hDZeJMI/EtfLW0wRQ42x1bG7pSLjxyQegCe95fUE3UQ="],"block_size":4096,"path":"build/6223.js"},{"block_hashes":["nr3hsUkZ7ngNzyrUhRKlhF8H3eAOqXpK78W6qz6iWFY="],"block_size":4096,"path":"build/6330.js"},{"block_hashes":["4LG6IBu77BvUG8fRUlWy8cNKIHiRKwvIxxFJMt8Ee/M="],"block_size":4096,"path":"build/6331.js"},{"block_hashes":["UqZB1LH7yLuuQ2mIyG7/DcWeKWKbKJxY2W8kxO4TfpI=","J41QFoBDc1MHpEXMipBYM+CPMvK9UyMSqVfK+9yvvqk=","rbqPwjAu6ouITQgOGLo/qiWwP75HM8rTkmHVTvQ6xs8="],"block_size":4096,"path":"build/6354.js"},{"block_hashes":["nlzSpUq289Ubo8QI5idQqfzI08soVQ9IYqe6asfOaRU=","AW1do6aXlS3PWIPRw33/hbWLQUlc4XEVS3ON6DuB8so=","8tnIFq7I0gOT36isnktf15RRBS5L908CyMxS7+Cu/4o=","g3sdAwRkjsK76lPD9q79GrLjzilo9sWthdj+arsi5Ow=","ValrOzvCePrBXueCraLU283xEI6QJwDqJgJRrMeP/QM=","cqt5jD9ItHhcMnI61BL59JKzbyFc6fKN0G2s/+gcEeQ=","e6SmxgrQYA7tT6le7D6GjQ22Z6S/ms8gqWqimK1P5No=","ahZ5QXHe6+9WjGUxkQQaLIfNzmsXhqqFmhzuV1Ev/io=","VoCsSV5QfcSIJD0enKU/SROX5RPl1kqOytG3zsYGW1U=","Lpt43KmzCMaVqot7iOcZeMd6qdCvI/Jl7RlWNwULQdc=","kL+BIg87Hmno7cJg1UdmliBE/ioQ4fk4ieOpJj6736M=","sH6IGjt+9rGd03sheQj2/Bsaik3m7l5JbxYV0yxYEqE=","TauANVnyD/qiZSi+k+WnYkctCRoHbhrhVFLesQ/WdaQ=","afPcgXWZMgn4jPPiOTC1RnAxAk+w6qt9KGCaA51xhw0=","6JRnRJDIXJS5yaE4ovOXZt7QerEufTy1ZNO9QXjXW7Y=","51ugP2rJNelsawszlXWtLtIbSRY8UAZZijf9fIcXiQ0=","Pn9S615BzzssqMkxa9FGppMgn+hEHc4pCJQCOLUH0DU=","OSRpTFxn9LnDGYAvkFJdJU+Lm8F7oul8TXL+iLxzKkQ=","uncV3wYO+U0bmgTq3dqE0z9cD5jQKDtMcwO1mjlh5QU=","MsZnCO1uHVXVsTZZKVKIbKuUruXXfzdwROKUMW21yzY=","ivqJCgj7TLK3jwyixtGqY9lEi4f72t8uLho+m66ptXg=","CYjPpjCNkw5gO/CI9Xa/0xYcCPykH6Cxh6yNUHujWl4=","nthR2EbmFFbdQjLvVM0O+h6XQ3QLi5tDXsSIP6SA49w=","S3g1EUQKjNu2AddHQxhKUjYhl0gT90U3Jm9YesO+A94=","rFiCKjeDktINbsHvqSGR+eDTBvh4eHLcVnc0a/AKXfk=","jwkScO7rEZZsJQUEPVytHl5PHiAAXFR2vEpKFSs78Xs=","6WUwbMcK4eFON6OiWlFULCuDWopasXse/fkgN4JJ820=","LXAwLmNPPSVNWpqChzIUcQBupMPsTGCWTBHWnTMkkUM=","wc35QSivyPusl88m4rYSklE7kbYVfNFokOjie53pc4c=","TSQOWqss52rXZxQMsa6+6WN+BXtSH/kMVQczjjphaME="],"block_size":4096,"path":"build/6373.js"},{"block_hashes":["m+7DdjwWdOMzYJG4G7DJTxNUIGEFlELMcoF6AMAPbc8=","eMtoS2xFZiTcMNHJ3bbckBQVATJjbJ9mDT2zRyujgqk="],"block_size":4096,"path":"build/6751.js"},{"block_hashes":["69shf5WPTDGi3Fp5xyU5LS8Nhsib97RpED1qdLKdwm4="],"block_size":4096,"path":"build/6792.js"},{"block_hashes":["/LgLKjERudcFZ1MSQ7LqZbLBwM1nQQrRheuYXj9NStc="],"block_size":4096,"path":"build/6844.js"},{"block_hashes":["fgReZ/Jg4U/5gyde4RGO/xDskCWKzdba6gJ/kYSPOAw="],"block_size":4096,"path":"build/7125.js"},{"block_hashes":["1H00DIBOpT2KaDp+3Oo9Ik5Sgitk94JDrJ1QLQsT2yE=","gUo7HfYCFjASpKHNlQ4AFYrVf1kjJEy8/DPDqBS33Yw="],"block_size":4096,"path":"build/7127.js"},{"block_hashes":["n6NXiV1t5EWQ8b3aH+3pIEBgUo6u6DpNdaWYbYwFDDI="],"block_size":4096,"path":"build/7135.js"},{"block_hashes":["0KkEFBZi5gI8c9fnz5qeewvZj+r9gi66CJkxJ/7qpOE=","KEyAjx7erEq8nQYcbMh6/x7s4XPE27osiZz//Up0tBM="],"block_size":4096,"path":"build/7148.js"},{"block_hashes":["yVpnW8MaG8T+pnptbxVU1rOFcjSX+u92GrBBsRPc3Vc=","mJmWGy7bfQAusSewO2aP+JRoZgZpnH90BFjRcHNsStc="],"block_size":4096,"path":"build/7447.js"},{"block_hashes":["xHjk9PXngSrbbJkTfICjxudY4zt4jNNvqbWAzekugrw=","Yg7RBgZZNsgpU/XcF2Y4g0C0/+N8q/xLcSwGFXS29/o="],"block_size":4096,"path":"build/7453.js"},{"block_hashes":["HH+odYt5CBqmXKfHETNDSSOCt1GIz9hd3GZz9/SY0b4=","WtVs17R87bLGxm7KqBIyT1aOvgvHFLZOV+S36pP/UsE=","PIofgwJ7JKmGztFk41t10HSSSaaacHTuiTAtTbDIvMY="],"block_size":4096,"path":"build/7483.js"},{"block_hashes":["0Oflt6FoCbkPbj9LizE9eq+ThwNTUWo1wLijcF+pNnM=","6Fs72K7jWAYXLO+yxYHsZZYEeeI+T6Yi3Rf85ClaXnU=","9/I4Dcv9b0+i0FNCHBI7RUcNXSGEiTQ2KlNUVZAnL8c=","yYqoqZ9qHOPgaZWwJxQvqcXcNC2k0YURaqbKF9RXX9M=","8pS/alw20lGqkzPRDZocQQLk6OuF3eP7x9KCWSmBzGI="],"block_size":4096,"path":"build/7971.js"},{"block_hashes":["MxxYYvHM+QWTD04ilX/WQ2hDJyt3E3RaqC66k7p8XrM="],"block_size":4096,"path":"build/8147.js"},{"block_hashes":["mDH0qZv+jPPqqI7eR80TNmb6Q36/xe+bLe24aJKR0fs=","86SBaiOQGE8OKnKsDdH9U9h9IShhCwHS0u32HQHjfls=","bDbfx8HfjH0lwdPsUF+FF92aIAzNDWxErgJz+eh0gOc="],"block_size":4096,"path":"build/8308.js"},{"block_hashes":["kyVgcqKAAOBaBVQIx8YJpeopl7L3gnRaqA9DikP7aoo="],"block_size":4096,"path":"build/8309.js"},{"block_hashes":["OwoXk4ZsrZTUawmWP2bpbplQt/BeWgs4u4buwbxtGqA=","zMJ19/nRCqVYemJuuh9PyPHewhP+wPB5Desz7vSObcg=","gj6/Y3pg4hKRGccZMxdSlvZJd+eV31hXT8Zo0gjILF8=","GLsXB/4SK1U4P87JJ8Hp0h2frlyVD35LMjTkag1gsco=","rHyTRL8DQEjlwMnLU50FBch1J9EhGHSf/SaMLyKT1w4="],"block_size":4096,"path":"build/8327.js"},{"block_hashes":["EQ6jqSNd8LK/HJ7Ls1QCyv6LD7AKrEcAYDW+5gFsYew=","X3CjzlCjMM5MjR2spFY5jiv07s/+G2D4TT2fqVEKkM8="],"block_size":4096,"path":"build/849.js"},{"block_hashes":["JdXlpXSf2PZGzHWMz+r3XBi9zmb0xTfybDAj8RUpXzY=","JVJ3GgGV2v3jWM3clZK28NBwFG86DHNBS7vmoLf0lvs=","OdqZnZ1/z/i1p8ZPYlbG74ovrzT9hDOJYTr+SVIWbys=","JeFAKjqfZGoyqIFoTdUc1uoiZ1JAKvqRKrJxkEGS5Q8=","HCqhx5U1RxbfiXV2FPgzFJhHEoWn+G085cK8Le+dQ0k=","gxBM2AXzvak5+6YoPhL6GaKfSvnNWfqQEyVUpkuoklk=","6DyNoNWOwIP4stwBdv6UXzQX3/015BlHi5z0Fvz7r2U=","+NWT9U/XNL1YyWgXMpLT4XGxpmHbb4y1OZA9nJ6YawQ=","JmlqckGqk44uWzxGhego8MqxLMqfvlxyOtp+2jaH59U=","GS+menVwK/EvCz8kb+Uh7Z4qRqekV1vxSPYbDUwh4dI=","7kPhWCcZYHFqOIN6mF5vKC1hHTvOzYIXYOGWNd/Re/Q=","8MHqH2TbU2F4jF4YHKAj/CDJZH3W9RRKcQINyA2d5oc=","R3cJUnt6yleoJCEEBMhlL9g0Q+vILhSI7p9yqnPeCI8=","FHSg/iU7d4lDwWi9FzYPQZ46fPqZKOT6JUfJp6Xi9Cw=","0a5+7ImZ5k+FP647a8aB/3eW34ion5KsmPq2v8AbLT4=","HFyGn4U7SykD6qS/6xTy2qCC80IAygmkQzARnYDielY=","v0cp+DPJ0Nz/BdOhW+vpqzi2DqMf0Ak1q2al415/des=","dBUywevjxyPQkmYBm5kL80fX0CThbgzkPXzMxkOc22M=","1YpRhIkZhMbe9W8TI9FvVqyj1bY9ofOethX0RbGTGvM=","Na5zhj+P5EJiYPgmx46dWFo86C75IVcjba/6ZYBUuAY=","iEQkTngqjFgpEYHKEpQbhZ/VkQuKsquZU0MzqqkC1nM=","N4gehTIhcjgVltFfslcfmGwjLaIPoS5LQ8IWWxcByMc=","zZQDqYl06w4X4PaFDIEaN9B/SjSHJc+muCHXn/ZGebM=","+CchTjZW00kEU5L5gChwF8luJvYiAkHxhC3imEyk2j8=","w6E416eLjgYmza9dByCiHg40qpHI20qKykEbuMnEkKs=","WY4Nb/LvzWksZI1D/w56Fc61KYv/V86kT6MJ0U46+fU=","qnbdI/0k4BfNhymJxhdBluYTLGrgqfjJqz7l9M8fejo=","Etx1dYFP0So/YRuZUQlUCEDCmcwV8iM7hXtgKRvQ+GE=","Yhf/ByBP8cP58AnAurf2kSpTmj0TkuiWrJ8XHcMxwdU=","hWpAArTvtDEx0XSfWY4+rIy4RARYK8HAnAaQSE3lg4w=","49qlU3RijQ7vFdRPUa5ukrqp3wu0WzbtoGbR3bnD1hk=","5sbf+XOVce+202H+431nZ4R5UecTeEryCdh89OUlR4I=","pQrg3SnYR/92w484Bb2/OOt1JJJyDnNk7TDW7sNe9Dk=","QKnXBq9tFZGwqShzsg72hJI2AFwwQF4YKRaNAqOAaW4=","HdC0vUpagq2/ckYBS3Ra0wlhBYmMWARIdQa6H+ifKug=","oDVkWSYjDQ7kAqojB0Oi4m3IpzrIpUh0hiuVEkwPJdk=","LcXEXCYEw30WKgguP3aDMOZvApc5C5zxG+nhPRz3QPE=","Qga4qZ7x6H3mTTD/t3TNCrm17sb9pC23z4got759CzE=","bPdNmPN7UWRN5fh5b/r6z8/5uGhefbxPKC7QGO1YHqs=","uGjp1rbAi2ZjU7P3PDkhJb/vTipGR8rguExxdNafj1s=","/RqYewZxMcprIhvEAQpb+iMqW3Ao1krHkS2TFHtwIFI=","1vrnzZq354GjqptXcJwhFN4wWvjndwRn/a0EHBmxAVY=","zcFHrBBfsmK/UJJRF3BiBFe6yE59WwDKTKYp6gCX7P0=","eC/MP9JKa0maYcJAGQYDkftydhmoSoAfXEP3KrEiBqs=","90lVn1uB+RW0+lp2dMD56QTDPm0U2jietKmCXojnFps=","fn/caBokInL6onJpU7/KeohqMyMMoU6j5jojVUejMFo=","oJiFjD7P5S5aNXDzeu1m+O8+U3jtOPf5bFq6LHRkJCY=","AblMOfF1R6Kw9Dmqn2EEAwDj7rf3aGMZ21FxV27eALM=","o9RzlHwwQ8aZtqlFX4xoNg1Yo5kMFhLl2MHnSnHNPDQ=","gakP45v6LwHnK8FxP31liGrwv0599HOEH5H0RObLyOg=","eZZPOaNjDzWzc1LzroEXe7gMjRikLdaGUvk834CAPZo=","935fKpxeC+wPQfPyVsyGRkx0H/HPa3A4fShTyyvZcMU=","EwM+9Gaf46MdLlkvNBYwCPzNceHLZ/ZvmB8bsV7OMM0=","wCQYJp+qG88fvxQNTSyx/709OKerYP3LSj5G1xY8Agc=","EFQq/F77vJ5Mei/bOscUMEcmcF2v6EzBOnuvlw+R0XI=","Bpu93kWGsKUzLtmYOvu5zfsc59E5CnB1kyqDDVL0su8=","WHV7Z1RMshmspU4dUQvGdlpb4ifXi8CXPRgbz1i/RtY=","YBE0JzYY0YI6QUF7T1uaRBYxFCJYbxa+saR4Za7qU2E=","tDxf3jU5fKh120h6hhkOWTU8TatVxBqBWRRw1jIh+rI=","LEcoGGB2qwGWBfWz5l56whKOOKUK3vIuQEVIzT6IL1A=","sZa3yzh0yas1Q/Sa9wsdOLMIQSfij/sbfWDKvXBXL7U=","65Ktc+JvR/fH9aAc/SoJDhI58i6Dr3DOVqhFQSt5CaQ=","opFzxlgdPzgfrLk9sZcfY6YEaigWxP5LVzr3z4uNkHI=","uB6glHTMJ1s3X4JjW5Cs0JWsXj2y7uUjwkYbfYsYT/0=","qzZrKJkEx/17VfuADy5FXwvX5/61lzhnPFRfN3DSf34=","hqE67W2s6KTLuyx5QUWHWUrs80AtNIR53e+rUxyexT8=","WkDALrKWraHGok75OidCr4ce2OH9x6Ih9uAxNP0saUo=","rUxbHQ6aqksbDMvEYcBPU3ug6Sft5uqYeoX4dLh5mC8=","3/r9EjDdAkV4qhv5mxA/xkeupPauW6CWE1PKJrXVJ/8=","WKnrMhAhpiJUi+6o97TjMYTVxdL7XQR4emus/MAPEDA=","y5hOnhfX/fbW8gTSrdczmBr7U0skDOmECNHPzCOkt5c=","Rq4youymhbO7SdAjikiuhyrhGYlhAcqkDjKG0l7o/Hg=","uv28Mf8EUAF/FgNPHbK8aE6xtWeZ6ZcSDZ7hWTBURsM=","O2weEj5BrAyKdl3pgwp6q29qJd7iUx+dczq0Q+hFBcs=","07oyuKO7ELWHZyOLwLFt6JcmLTFYKluJonNI0wFOKHs=","wSV/YygOanC026sI2iAXH32bv12YYg8qhCKuAL9M9u4=","bk60qTqxx5MUNRJiFD40TfMGklxun5zumeNtJ+Xo7T4=","hl7BbLx3BSz5NzqQhSwhVGZNCf+r5pKzqiIQNckOmvI=","OSYbuYV7MnuxjlV9gyusAwymycOIJ4QawoOu78T+SOo=","3E835J8fxBPC6sKtLGU9Rs6lqWl0CIf0+qNZhWdHLNk=","aTxL4up3nLlqAjTP2kuFzlsrCQeT2tU8l3vfJ9iViFE=","pVPm4TaWHAw69+gCwVRi+i3wVEJmEpkC6hmsJ2K27ck=","g05PU0iS1tzhaEON0TY93tZ9Mz6Pih3XmSO1rFjNZUI=","fFLRY/Mib75Hr+ENZNPn6XXg0UO2GGfdpjlgYrLfIUc=","fD+664FrjS6nYAmVouQrLos/vXHnKbaxOcFT+pOa3CY=","DMUBdOaEcLZaEB41a2eVaQ53gWOtojxaSmwbIkqjTHY=","W8nXhSLLQPeHT8jNl1xU9Zqqv2gel3RDp/DyoHDeFwU=","B5Hd4tQC1yPvSOQlV/s9VcVZwA2leJmIpaurEa7AaOs=","t/YnfveN6NhFXG8nstg77UDrwb74qcD3SYQzMDQM8B8=","YVg/cmzH5lIEteKV3jwsZTM773LXmR+U3AI7rFfT+To=","rXiCNcgQB9OxdPsewKpVRXbG1LTSAqFrWbnpwbHV9lQ=","v689jPom0z6nFZQvKefNc8PSR3QBLZdW4Wg1f0IwZ2Y=","Dwu+4w0ZLoJt+wewPo4Obs/w3KsX35RqKeYnqyiwnoA=","AlR0KtFUNAexaU+SCZ72Wx/6TYmFpYodf6/pe2SmEJ4=","x5esyOwWrJOem5fSqN8xEYrwzHGL5kiljBT0tIhy4TI=","xhYV9y7FUxqm4FSmpbb5X4eDs09fbD8GQUHYvmTpCrg=","Q+qKA/i1Y9pltvujYU+a1pwgSa9w+GnHyLIbDgYR3CI=","KvvxJh40QweOPfpZxZyclO1qPNPwSQ8f6ZOVQLvPq3Y=","txjSFJcfCVPrMnuJUUNKYLfxVFKwmb1wJEda9jaD3lw=","vp192fe7WXBbaO9t+1DUzKndsNnnRSJ7hMOJEp9SJ0s=","9iQzuXeWVqSKUSvZ2jnl+S2nflHNwyC7IIR0zIdDqAQ=","2KInDqCczGsUJKuEnbHAebTTqoOd/vgyYGZgNelEBao=","6X0QOJx0VoM3oN/dJRdXf2fFGPkl3iW/AcXS7EVty2A=","xdfdrcWMwlTdnH/rJQIw0gic3dF6Qqu0XtPAFzPn5xY=","iSxThGnNdDfN6HjmCqqo5AwU+mR/448YyyAomOKVZlY=","4UR+wp/qkSWSSkXlnJYRcb3io/a7RMRrzZwQb3UBT6s=","qTwrisupg56MQMcgl81BZERsfOZpN1riisscwqOjgjE="],"block_size":4096,"path":"build/8654.js"},{"block_hashes":["Lw2Cbztvqxmnca6Er3Lwq4ygv6YaKT8lVQn82iCGC60="],"block_size":4096,"path":"build/8677.js"},{"block_hashes":["fiVDQHo96cf4U1ne0maf+ogG16uKQFc48pwGxDmln18="],"block_size":4096,"path":"build/868.js"},{"block_hashes":["CB0MXMkNCilVMnQCpjwP/DNXg9ySM660iob4sIUuNz8="],"block_size":4096,"path":"build/8947.js"},{"block_hashes":["QvH9v7/z3m+jBp4NhDE3MSdDCNbaB//yh0uuhGru3PA="],"block_size":4096,"path":"build/9342.js"},{"block_hashes":["xsvuzdpnrjQug/7iOXjmhyqdGKnPQjB5BNwXeU/Ab1s=","tgZjhHKc+ZC0D9bywBh1rTdtTkX8LF8MS3dm9XyWtPw=","9wWMiXNp4s/urSxwYK8Q3JfqK1MKV+VMxmoffbOFr7E=","+iJnWGL53+PAV5vAkln0QtJiySa4kc5T5ob9yeW6KTE=","aUF5VW4XgCXgP7kUGjNSFzV8QC84YoE97uCdh0Rcigg=","YKZkBLSxdtujqGodc19diVdhGrDhW4X+2+koHtnaI48=","6IEhtH1oootaZpzl/m4CuC4o7A2ogoWrEyBxPOkEgOs=","hnOKjZAHw79Q488YdrsYG33oxmvpP9Z3sDQ6jmahnDY=","x5a/PicJi4LXUv48hb8hT6W7dZBarbQ+qxtNO/KbkiA=","Kfn3S2bJpIFeI8376PZ9Gg6k6tbXhF13vya93N/QlYw=","Rn2DzrAqZfJkCXsjnw67rEwgxoz3gNIopRTgna3AGYY=","3J77v6utHFgM67/49IpaoL3wNxJM9JcOYr9xXt+EKj8=","Mn9dTqBCsz6t6BStYrMKp4Sgw9+EXQ02GlfWXCVlVZc=","9O2BemdRbuZD2MOExWgb6SEAYtlx6gLmDZ2tz8Er2tA=","juH3E0nFIrGhEuRTK4lQK4NBrZFi9y4Pyjfew1g/LFU=","DR43nIXYXFJyDFa8TNo1POJ2N9vviBvhZFhxOWsJB1I=","40Px/Oa7vDrCYT0LUOp5zyd2zpeosW2tE1A8YJ/r4PU=","opdJa/UoXkDjv067q0MqIeIismoGLw+Yovbn1n9Ufog=","SybaBecmFc61JGGef7QAIc/B5oXm9NWvc8f0zMncf5c=","qcMlvktevqt/fiKWRdDgZRq2zeZYfkuGYvvw2pIpMxw=","BBoBhDPVCOdijYLLcVictsQj/rqFSohi7uohLql+XOk=","nAaD1BabWYLrhe8r/nlVWE/9/T5M+Q4GNoi5eVQKelo=","sLAETveWTuB58PJfMdkL/10+feFJzN7RtuYI4fZRQDM=","D3XGRIc2gUVEIroHqR4Ae7IdI8DJ6bfA/+ZOz5dFGz8=","JFilQ41PM6jJAvEnYKExVlCY4HAu2zzUSEg35xXqJ3Q=","Rq/ZC+bd/rFxiAsOXKRTtAyZIq/D/nqsY2ZZRy6lxjc=","SjFGgdnUsxwiW22nZGLpL+Qj0fO7joTB38phdHdklzA=","dV3S/xjL86QbyXySroP1gAXDp5/wmVSFAs9CHtRYMPU=","8iWsQH5c4uaTPVgf1FpQ6lYh6YrotIlJDPscQAMDjqo=","Lao1cE7JCSI613Hot8OZRkbp0sXgWFp9z3XN/XybJTA=","ctXGDY86K9+T27CT1rNbl/lloogad7P53DYDkhS4P34=","yUMwQv1iRubJ8ZXBma4p4knGnX4Oj3Y0UMB9/evLT+I=","ygq9KL0NmB5d4vmaBG4dFN/Lv4WRHaaEoBd5tXx5858=","eglo3VqgeWyKcib/DywP//oXPwrfaryXxKoJCQrAYPU=","zJSVbN3PG0h6f6UaccArXWkc5vmv+hHNs123Ct1grtY=","1mr5eFnzczYLK4lsTTI/l9ettJc1RwriUo226RczvHE=","hYvMh/hxSbFmmY91i4Y+7TUGmRI79xL0UzbGcE9KG3M=","P7xtDvcvWVHOrwOsVS3siYjKHEvW85fBNHQZxmVCBX0=","8cgSyVkXBptxdRFBkyYIAnk/MFG0aQ66/8q+Ezw7VYU=","KsJeq52qMSc9XTB8wrQH0rM+OoTBEXHJ2BXP43aC1CY=","q4g+6nI46Eo2TTYeaHKc4IsnOZjOjcH0MlAH05UmRrg=","z+Ltlaivs384Bk6+Bf8N2tPkU2+e09zlYfzIBWOdl64=","Wu2M1/S79CtwPZeZWOtJ/BmKcsz1nFYwIiibP+dTV8I=","6hfKOyaX/Sa9VqY6XtsglMewOkScg/JyOV7TyvUOAtk=","ubmGI/X2BDcaT/zG/RVrlGmXOd3UoQiq8tgMtHhFK4Q=","C8zlxRN6T/TqzjFH5Wh6HGIlAo4wBEwaHbDsVnEa8a4=","uYD9PhcMCcWyulQJLd6nwQCe01sd21JFDyzUi9ToD2Q=","a6k96urXWedhsWoJMZZKFAqYJ5ERPR8Eo2WqR3w7Dm8=","VBF+zGXl20EAsdE5hILRUcjUbmC/HtnVXv01bO63Rh0=","xZfmSNPZiwzBHKyZyq6swRU2kHVf3AeRXxXRU1CQDnE=","s82q2XfXKcRPNgPanApMnIjFhfEECoahZWd132PIi44=","z/5h7o9FIhxQjdXQ3dBjbjQCiwKEJlMmYJ2xMqkKflE=","mqi50SiU9JMw/nsHBEfj0vk8+n9xSAJTatrsC1wWNCc=","PpnCqOkmRvUQjp2/fS97WZhUEJZPqoGJJPYd7r/NPF0=","73ikzGMkv4vdY0+Fkkw7qCrsK6e4Pe94aS2huaGRPtU=","ttp4nlU7vxo9BA3vu1GJZyy1pW3mGg2vCYga/GMV6yE=","mZzfmA80CZrdGmYuskmtE49wngx+QVajgCs65nGI2gE=","QriAokv1K3pea/76Yb5aRG1wZvu6fmK38vgraHblKkw=","+6v5O+U4R55LcKkPHnKOaxlMuYsPOfl7BD5QL2KnskM=","CS5W5bOwUd1EpRY3b0ef4fsS2DofFpvM8C2+Tk5YmeI=","6pnDmVWJsDgUijxcScHtite73upw+47HgyD0GOPRh84=","LfwGUut9Cq47s22ac+L4Li7ati8O5sLzg5Sxzp/2u8Q=","Hv8d8ZrSYfVrLc06jBCVNQiNvM1OONMPrUqOgleW0b8=","HRQPsnOYDgwESQicSNqm2q51kjkzZ90Ls/5ozhwDMhg=","TqkItiO1anNCrGtsEcmNgvlssvOlIugLE+0xBCQTFbQ=","deQ4J9K7nxynk9sguIH1Urxk0ZFpTysAbIg/BK7Ot6I=","NCjqQd3sVmf5/mMQbgfT6aZyVk5N6UDSAtq5UMzvE/I=","8+xl1tUH+eJMqgQaIaV5JrIUXcKmcmCvSzOc1fMA0as=","P6pZu2wMpe4hmIAk/crFcnD8oOVazWPF//a4LVJMAV0=","18p2Smiwa8PaEg2ZYAXX8AYCIZYArHxuU+K/F77NfVU=","rQ+cnTvEXW5viRVCJe+DsYD6DURrEaToS3IpZEG/syY=","cUkMBA/M3RwtCfH9Je0S1sTvjNDw7WHrUuJ8xHw9mTU=","CR10L7w9qTbwVbx9aY8X7Up1RtYhXCW9nbdVd64nXjs=","qVuMfv1HWXCWJni7BXofkXyci1VoX0Bo9tMWk6X0xNw=","DnckqTm1l8Btl2YaR4fhGirPAP040uesouK1beH4OGM=","fNTiNq7i6uCKery82983tZp9gjWHHiXZpFPncqprrrs=","qi06piKBOcmCT/5HIUCW3d866wHx/GBtZtQdJjZ4hWU=","blkzPdEVC9ful7Vnzybh/nxiL+82EcXt/G8aKv1hJBM=","HcaQ71DLODYEj50ECFfRc5tNEb9BI9hiM2g63aOd+tA=","iBKoH4Gg/09KPXI1ijAlNLHQef6+QFPWXqrhnHQUy08=","fWT5RWL3b2g2oBtiGNHKwBelBY3tPCH8zWM2odpaDBo=","2lyAsnfhW1DW59HuiEprtlNEybD80xjrlyFqh/haC5U=","eMI7HdXSHzoPrQSmmSlDoHsXEznOIp/DYByehHz4K9U=","/OQbn3MfxYMx04W5CwC1o05Z5VFfir9VyTBBLm02+Tg=","D+knfLrHpppL8/4WOT3CpGMTfKuV5TvSuwcFuxJUMQk=","tgceow9STWjjHJl8yqr8SEBqcU5tnoMAi8JuOlhvQvg=","kri47/HFp6GySdmDDYSduyaQLSgjBw0b9W0ou5kU/gg=","HzXG1RqrNF5XtA8f2EHrn2TyQ+sYkDoIM/8J6eRmA70=","gyNErZTwVFX09sm3u2EJAduy6ULbUuuHIqjc1XzkTNQ=","g1dBWyFnkDhQiYzvON39V+iAn+wCRytupgY/5UqwkQ8=","IBUilSgHiSfAdV8neQVUCK9BOAtEJyCTjQ2gMkO6jOs=","eXza5URdTFL8Knn9Iq67k7OkVngxc8ttABDm5kuP9/I=","NVoTykPOWu+hKIjQcb3797+FIIqIk0Ohxlybcyd40Ro=","VKVRTdRRx+DW9itlGcwAperlUvLodAbC/l9qWmuiigc=","bLw8JS/HF+OIZGytYHhycWjEm8kzqO+j19WxJ7BumGI=","TNBVt/np4zeaBAEmC7izAkfWgFglDaXPWh+KZwcHkHs=","znsciJbnG1hLZ02BGuB0qUTXA5OY3cg2IjkhO8LL/xc=","d6D66ZwCpCPDn+np/LwsormcrfP4Oy6YLHVzGoD44qU=","kJt0NxYFDnjlewip2gBVO+h796tAhkTghs98k/UJVNw=","rKZz34VrIGoTMwK8f7AI7lqqWTUSYXmgfAfwjEPIcDk=","t5DZbulZNZAzj5lCMTlrVCWWtZPvfeyyIFvtlDAfAJw=","7pzioC62S0KnTgD2RIEY/kWQTv1DJ66OpfUW7nklxaI=","GZr+o2E4u+NTyp2LRFzy3kRxBYzwd4g+vvQTKSLflII=","j7ertcEpekyW/vP7rbvFRhMAykhtpYgH+K4VTPIT1yk=","ASL7rC8n5anzOiYdJ312DNqjfJD9k0gfdAZBPVmD+A4=","PN/iSDwp48TFIWnoGKv9h54+zzXODktAU/MWcNTO2Qg=","FCaG7VGv7ZQex15b89SDHWdRFR0Deamj5EapCSDLFmA=","t/ECca1hXlalfaAg+cm7XzNh83CNbheZ/Y184Ng3q8E=","a1XfE+57l3Xv57nfmSX1CgjuOOJXK19I9jRWVMqA8lc=","B8g5QHjr+fz7lvf8IRkKYOFyoANCsuP77BHQphpFeGg=","+i1FDs14VaUQ6sg3TKAunij8aqUtoIO3xtOC1uwVF6U=","vXezJ3dHdHge2uVH7je1suZ5cpWbUbO+T9LIpbrVT44=","+xQd+rMB9X8SfqKmg/YBTk12fkCKdr4f5JVotNQ7Vlo=","MsCCM/Pol+CtK+GiOpF8ihgHkVwJ43OfukKL0NjSnVw=","fBu3RVBb+ZdAFRylkbYnvoP7tfRAG/DwwcvcZQKt/tQ=","Hkqe2vMNZOXqGScd26LHj3kYQFzYe3XqjRKiA3XNz/Q=","iwIjav2+OfY/J5IhG2t7bziwEVuuU60F4GbjC0rRREE=","A6aAtJVWgvZOiIrO+//1Pw5sIUPo6URs9PNJ1e9IqV0=","xLT8CX4yftNV2DMbCFcBsHQ8EgiNPqXEgisYKVGeweg=","MzJ91B2fF5oKwwBb504Oszr2RGlVRlyniilX/wpidNI=","FpnAEK68iPUpMpUO+YfqHwzEkc8hQa24FQG/wlDlFmQ=","RIv110YmlSOSuXxd55dAAyH0efdyk6H5aPHkclknHl8=","+i7vAAZOAUcpgGo5q2Jt+tIi/6chMSehazn0aG0uV54=","H0efD3kqdqQ3K/QUlYhUF+JYcrAFqr3uBgH/OYxMjao=","KnX6j9fgf3XKGZ6kf1m22aWcmKFt7KXKMhBMKD0cPa0=","CY2X8odSavTmyUqoLqhJdpeo30OBJ/wDkVPCrNX7Leo=","y0vTHDgWWCe8UT4eD9XXUrd7Mck2gqFFNHf8BILKWxk=","PNeVy8AD+R2N2hJMnCIsY6mV5c9lBsrHZ+U7zfHvnDI=","VR7y0dAO4ICv3FIyrZJ1bJNtFBwgt+hzyFe8ZrxfCFQ=","wI2NGaMn2p7r/alOBVnTIH6Yhzg1PfDDq27efwA5jJI=","7zHekZugV6YOFSQJFWCUE5ZVNKorMOaqmy2/lgAPgfA=","loI6htRUS6Kmzzd1No9ZdAYF4wws5nkkB9FxPttdXDU=","XzDIdFLeZ5WzdKXtIzh/DMKaYC1hmZKrr2g95OoJmgo=","ZLR3NmuMXwJyd607xYQUTPaGENaoG1Gw8/QUS2AY52s=","X94Ia2pNiXiiGiZwUQe2xRWXYsnPDtB6mAorxDyMlLc=","F0yxIp7m4Yl0ZE/z5ZJECbq7cMtuq1FHpcJlA6iEuPE=","jw1yy6lYxiyTCpqXB5OcPf3WaIEFspanx3+AmbZVeR4=","trhR38mF5EvSOLAvVzLnLcS4vQ8ckjK0BtrPDrPE/fk=","d/YTbikTTkxs6zdmICsU6UzVpNqwxzkP2dqGOeUREXQ=","9y/GKijSuCeZFSv+EkA2KyByZw0JNffEXCU7FVL8KKA=","ECSPqQ0gXp6INORbGAnPh7qlMpgt1F0emSBZufyew/8=","d8MZXxkmMAJlzYY8BtrJBGfOJz8x72cKKW+p1vNWXTU=","8gK18QY13RK04qEPsMXVks7eA3Gzu7DOaEZkDNMu96Y=","SlneoMbCxkgo4tkOJQqVMqpxjrxWTj/IK9NA0TnrKZw=","KUOBwU9WlunBkbW8KY1BWoZHrZKPJnYOAsn1Bl2B0Ek=","Jclii17h53wIQN2zyPmcVQ5SD8o8v6eauaEn9TIDl+s=","u3UCr3pPF0urrRlMVLwKLa+RuwOJIcKm7LMhOtGmJH0=","8c0mCv3JgqudL+4DjDy1gWrDYiOOgmMl+yYTgEJlIPY=","iOzpbTtYltFBmMojhtYMb+/hHnzu/XNvkSmg6mvcofg=","S0tHwdcJXekIBRoHnWLQ5Ir5vx845exMoeWss2vgsnY=","li359PbVBZH2mcOqCbaBZ+Q5WomjjOn1yn7ni1tjuUk=","R3oa+mkOjcxWMeNnH+maoCacUk3zpi/TgO5QfYQRmPs=","EgZFOVh6QbD2Mp106PBrdj3oKBE5Qr6mW2ocYc4uaUg=","Xy9rcrppt/STeWUXR2oJFuYebrK4nkHTw1zqPgTxqSc=","7aR5xvm2CJB0yO+0gyrhcCMOFj/txwwPZ2buiAt0V9I=","TvD5X6OmJVJLRkvjYq7PjSQ6oCP5NKM3np2sMdbwZig=","QRDbBu3gwUJayba1XjajQKdJGTGM/Ezwv+EDgciFsPc=","BPKFG9JebZEL8zIq3x/wBJlrVmCaJPjwAFOxKczEF3c=","IqQ6U/kmLZxnop9UhQSp/YkuH8O+vF7Oh6lMtpdz/wE=","4qX1Yto1xGR1d2IDwX5kWt9asNetfPiMdhFfw4e/4HI=","Et7sD235VxBG7ZYEGgu4Z/ju2DDEjOvRIlu6+oEUIww=","IXGZjlDhS+npGTOGm90zi4/3bpsrzwWp6uXk7Br70Xo=","IIBG8UgpIMUy6SpjUb1q+L50KGZQ5T/jQ+0bIc+OjQE=","Bbhw0tb+GblCjjQob3N7UhDRMQwIjTYM+XSVt37UGuc=","Ie15kpul6PZr++UOREvugs8q/rhgG4xO/XZmHI8+3b8=","/iE5g8rlswEv9k9pu++VvMSGeWg6rO9LGt9zGtlOPdU=","kPPp6FbXFdHzFlaUN3L4Hz34Renl/hGgBH/I03hhV50=","YwLCuZVxCWFn6/han686mEBJfB4KCCTY23r0eAvbFL8=","Via3oEiA1l8BoknrWGvQiwCYSH3ObcgzlpU0dl+ZqeI=","74q/7HnXSl4rC9HkiocxSzgMiLF1cg1JQHhzasMGOTU=","4TC9Fc8YbhuLX+IR0YlXA0zJ3GKBfSivH2y2/kdu/zU=","aZLmqSemUcKEA3HlV8kI9k14thgPSGvONkgQuGPOsoU=","aA6hoNShUxDZzwYa/XnBKyV+Q5Zd1oGNG1jBddCzjzY=","RFnVnH3H4Kc54w3zRrLz1ukg/GIkeohqd80w5iIm4Mo=","p5LAThveUTea4XToA8yDf0HCD10G0bopIUjhAlJxej8=","xKDQb5Ydbfj9D47E5gHnFp3s1BAeHASM2rr+iDvFZJo=","InOOmlRstnJiktIfWnWSn26mfbupjUHG28gbOu8tk4M=","9d9jzJbPxSkIw6+gi31UySsUuZ51nwCzL+wqrpF2QQ0=","hcWpFEyqPUKGpsUCJUCFI6G9xgQzBQwopJaYQCIvSTI=","tfqugwt+9KPuxC4rLy1I8RYDryLywfbeMn58gHECJ4w=","G3IctBmIPNY1qnWSLinnK5aJBCQ/fpvwfWIlZ8gxpfk=","mro8TVDZONXMU4HRFJcd+1dhqmpplCXaxhuYitQoceU=","+eQFvSdBr/attnrByiIE4plkTn/QkT7wnHpgdHQvdls="],"block_size":4096,"path":"build/9491.js"},{"block_hashes":["DZ0VJfF5b7eLeHZyYXWQuvQ8vuMzc2CwEHiIlnQfmFM="],"block_size":4096,"path":"build/9741.js"},{"block_hashes":["iee3lzCcncgTL2iftqCoUPkea1iX22W0nk5gLSIOQx4="],"block_size":4096,"path":"build/9953.js"},{"block_hashes":["ktjlcO+adOVJUqBsSMQezytQlIB2MtkGtxpD4AgVSqo=","Hg5e9uXG+98AcKVQGkyaAE0mEximdAodzC7DxT73/Gs=","HdAwitUvqWWwgBlIVp+ZZraKaInqBgGku3A4y9ic+rM=","f0Sag1irb0v5K3f2RA0UuRSXst9QOTltsOvA5RYmtE4=","AhUIm+UVDz3GMy+a6rBjhGadkDOTqOy5RkGBnKI19dA=","v7EghjOpzT7hqUVAUWxUSUpwSmTa8MClE9uv/NtN+/U=","hVKCd6dzapqVDD0xSK0kiTIrAq0txerfjoEJJLHznpA=","XpU20ByzA1pVymu+GBbfQui0JZrahPg1IvPHlTkpxgg=","/9IoNhXUB6tDwaWtcrDlHCUQo61zfjzJIr7kmvqo8v0=","BZqQy14PjYcptgpmnA6Kp1UdZ+eY8sCuJGGADvKZ6M4=","dnq/I7nY9DIudahBAJoQvkaj3PhjqvXNU9kVw+k0ZnI=","0/xedA8cgljxRTJfiZzSFV188QV3999hXfpdbtQ6ODs=","cwlf7w98rGBSpsOhLosv3S4WBGZOshqFtShZdwaerbg=","JXDYuyE1L37e5jNi892ELv/+iszHqiKSYIi1g9IuVY8=","rkxj6rWMMXEw/SnyN8nCQR1m/FtkS4+usf39Tg8BZcw=","d8Lzrt07DNgm9TlV9kcNVYv3f4LYPot/o86XhNRQJEY=","gkKdetVQE8f9y1Ys/C05vj+TzSn86KEnzMzhnQ0JFDE=","vwCLZLawxG8t3EC/ZAHhkn0WlycJG8sUAjbfBVJJZEU=","aJbGhm69wMz0F1ybCUANa5p88ENVvgy3n7wQBTDUPX0=","KpADpaeQUzx2xG5osyju0G0PJOZ97UVIGl4spCuUSHg=","b7ItOZpc9L0DxG0y1T9P6seAYomzt0NSOsOHdOu0i6g=","IDkewXu07B2x/AZq572u28lOIHb5a8rA0GmaRucsO4Q=","v1TGAuNLa/hG3/l7NIcL9l9v4zYpY2vaSQIhIsuO00E=","wq90AHjDwkMvvbREvCUf6UL1JEvRvNQ+CkDMMmtQ7vs=","zno1bgGuvSDMJqX/Qavb35APwLjymvuNckvN0FqBzkk=","OsZICllCzQ+ALyqmsb6jLwcHyZJ7kZYmbOY4I/EHXGk=","1qSMtDIqZaWkXx4tKcSK/+ohjVFLLNegevTovTpKE5w=","5fr3eDMu0xe+26Sw0TxGrM1ttbS7KVISKIU13HuW7bU=","IACJDZSvxCDAqK0XRupDCOw05aRWdVkH8r5aW1cPQgU=","4khrahsDXn0klWMaEISXQPtGWP5g0phakWRTEbtcnbg=","phvODMGLHPInJ256T4C/+U1XBp3Lcrz3Ds20/wmXxHw=","Dja+i9Bv5UF8405mYYdw0RSijSZetVofQP9ELJvTP78=","PnHXAby99Wsn3Q0DRYKjGn8mwhPLBJqGCN70mOP92x8=","gQbqkINocXlf5x5B1cuRjY6m1N22JOiinENVubjoq1M=","iaHlad47N/hsWc6BasJq9YN3wrfqTGy4AAnQH6o0DTs=","kFbhf8tnfjyfLL5pym4ehl8XWBkVU7oNLjJ8iqqsDNc=","vFdlLD1Za/L7wSsWaxofCVFh2jO4nrYf6SypO1MH45g=","+w0+3xnweHwotvhgrts2RrEqn+faKIik0/2wX1o4C2M=","iPXxGtEeAmTAAagaosDpNFZUDctkyWzzH0HrelCbEPM=","L3RfRepbzMDhbQ1pCgHepUzDF3cvHFGw04eklLOCpB4=","IpjJwIyJp/iYnnNahprZCoGE6ro+KFlgB8y2JOAJK7Q=","blj7V8zWhTXMMFi0KP1zPrvULyCgQRdbfDx3pCXsU0w=","MCYCqqx4OuixE1bYjPddsfYqF7GjAdzqNS9ePIMep1o=","3qcY2kUIVuC5FmPsQutmdvCrLhZPRPD/YOrOKXQWY1c=","wMhKHL6ugNqiign1nXJ8DgMKq/ikNvAoZsrNIBNjdHU=","P6m8pnY3ft/YiwLhRvuu8Wp8qTAM3sCSXykdzQMK/Ns=","Ycfpqp08kJTF2afmrZj+F4Elgrc50z+Qh/qoxTMC1vs=","GkSZ2C5SwR5+RKx4YjO8JOwl6TA7B4z0ov4Q7yS9yYQ=","sy1vGJJ+RA1gfcPvONBNgaZbVI42U7zFEoHzb5tEUvA=","xUvnolkZAtwnom/NwFHxNsJFzswFrGJBXA6HpAbKjqs=","p+fZZCmnBfo0sXA2XSOWcihVoC/qdjQRIhasuwgSp/U=","gYm6/9jHcV4wQQORFEyTc+6Q6+MEoi0FY5SP7kvg1g0=","evtGCLV3CstD3PnOsnt9x7h9YajxwxhKMtIqsLdKpQ4=","kQBBgaZPgK92qbc0Og48YeWeX6MwUIEafANhZXi6O10=","STK+rBM+MTp1F2S/emSdwDwteiBDNSS0Qfszw656gj8=","fJNCeV4MO4bOGzSbiVyV3UkjhDxZ7DsroiJzQgkZFQE=","xBPrwY0BuoNYW4lIy/8kEepGwUiMmJ5C4G2jmiJVA/k=","cEAyVamxEcqLIh+WxpN3z6a7Uy1UxlvEGYJivavdxIs=","FyIdHJxmMq85+YlJ+hiRMfdLRMVHiz1NnuKkUnZotpo=","DoH1RdWIiD5DkEFh7gOrvUqOacWJZ27vsp/+RTA9p00=","si7+/TJPvvToZLFU3me0LgB/hYt310hTdHvMfpC7TcY=","12k0ju/C/kUvHuy05i2EJeU28IRMl91UDmXleOyIJ6o=","hy8tgK/ML+UDXIDbGyv0mq3mlb+nPOG1iuCxDPNKe7M=","FZzzTLOTCyu8ZKalJ7dHzlqzANg+XZqAAXsLu2CddAU=","hAN2OMbPj9jnX+A9D0sRzS9jgxgkbnkULWagHVR4ZhM=","H3v9DkoY7QsMgCUCiBor8iZlL8uJkUtKeJUJV1x6P7k=","kYUD2YR4V+qwSaoO+Eop7o867Y4UN88ujQSK1aSIPWk=","+nJHS+ZrcBquwtf+uV/CbSH8gvCw9m5zAXe2ZBTDvO8=","82z0MSbewBWk3qO08f+4BUARSv9onaXNp+forqBmaAM=","STu1UUWsTP2rhyF+GZsV7TGBPOjQhdUQb29zGApc8f8=","JT6W0ZhcROuOZoklI3CQS4KIUKEOBxTwFOEtfwW4z3k=","QPXkiXFiWwLYnkOs/DApdtBTayJN6QEymsZskIB4gS8=","hz83FJAFvZ/DDYzfsEJ7Sqf3T90ZjuLYYqgw/F3s/4g=","M2n0dfhHOI9or9k6qwWpFFevhxNO+jvQ602xhk6eFlU=","f6Rr4HMPW1+vCE9xMaSh76s5+TnZEckoQE490ez8CCs=","XTEjQttcAIzyoL/hcyOHe8508c4/k+rV9R32nkVQvKQ=","OmvPHI8B7EtINfFT68vxIfXMrlIlaFAkcTf1OkaeEWQ=","ndWdFDV1ggadXPJC87n6cARTIA+VBsi5OV+dC9/W060=","OLr+azlr5Ex02eEmsYYtI6cNDSohw9/5Uchor8WX4gI=","rkC8qq2l4ZptNBpcuK4lHUo11C0XCgcx7lN8PS9QX/8=","w3FaeKTId4t8S7qDuPFi+QX/cSXjl7UfkVX/Vcrtdro=","2iN4dA5VGkHVudZYxetiqC9ZY7AEFDqetpJZlKnw4cA=","2POgQ2OJpL50qnl6wRhaF8ze4dn7W04t9S0Qmn6HpCI=","XIffE2kmMCghFFiAY1Q3Nc0a3EHcgbYOcdF67FlACWg=","UeEGAX+OfvdcRwFkUztGPPTUt3tc4N/1GRcc11aLnAc=","QVJi3BtMOrNOkFfW2gPU5Q8uodTZ3QW5+VgSRbjBsos=","9SriJISRgkuvZiEy7eQkTkK/++7U5kSgCOLT3XoMZmU=","i7kc49m9gx3Oo/FmityZDx3idVv1u/W6VL/V23oWO7I=","uju2WToKXr0pGrI08HZE9RUSTAa+wYUvbLUNyXtUfSI=","pbwHoiZ7CVHrlVVNoLZKV5BMCBjI+nwuqDm7p1Rqqfk=","JviQAUjiVHiZN9vflDSfWtUOAXU9YAQ+BDfjscnajFI=","64sIyPhQS7pClk5uIlAHw4DikOZi0M4GGwvnN2JD+L4=","l8FOxcEyPWD0Bq9kNBBRxL6CRzJj7/bfGv6I+bAP3OU=","mO6KGDVF6QAxY9t7/Y3YMEkFuB4QwcJJ3aURcUJHZkM=","drUJvOhH/twrTUvCSOqZjboyvcxxabrfsFLb96D1rHc=","QVy6CwosCKH2vV/UE1UVNJ52YWGLCXf2zY6HttUIiOk=","iZ/f21MivQxuVEuPRmeQ5icLeZ0xaqQBXItCoj2KKao="],"block_size":4096,"path":"build/backend.js"},{"block_hashes":["rddLR7pi3hkISItsDLz5ul2qxapfqplV+4mH7iSTF2Y="],"block_size":4096,"path":"build/background.js"},{"block_hashes":["ARZJ+82vxTc8Og4QzbsExqomo7PXQzhETuqQtPItsVs=","oZkBuzrplxolqgxUXGIkVd0PhtZ6Hglj/SXhYwrxZBo=","XYoFdeMa8nqhlwJQTCjxhFm0oAjDNFbfDy8AlEjpjGQ=","kZ3YUig7TFtoOp34tBfM06j5n45VfHGR1RrYACIRFqQ=","SeQxue9DT1ca+ly6Y+y1NTiMAAQk9chu8SkJyOo8ngo=","gB6fHWeNKLkpJNHldS73tOc7iAGTGRRIn0UJqRamoHs=","Vnvs7xFi/4WNYF5/gHOKqIbHylxJj9pm4eX3jiRkIhU="],"block_size":4096,"path":"build/CodeEditor.js"},{"block_hashes":["x39qX9O9yFosmEDxdBT+o/jdB2IKikqxivY6Ce/BUfY=","3jlZzbtg2Is3Iy4dlPtgRgQH7X+rC6633IbuWOZjmPE=","tJYYlIzBFIlOaz/tv201yMgMFZvQZeFdDlR1rUVlemY=","pY+k4/kjdq6fv6HM+sGlAqHSw+ENjqykob6FxIKJLrU=","WsgKynLfkFjAtQIR6LrH/7j3DhM1lUHVHFv8kmxSNH8=","JqKVA3TVm8iIDQKG6z72an5rM2YyFwjoAnQb8xc9opw=","F+YhTpl3XcfUx83bua9cggWGIE2DioxSCDUNqZOklLQ=","CBmX1WIx+W7Yi7LMd44XsLw/WQVUoISNYIvLb62ka9A=","2fcIu3N1O9zPIRgIhcH5J6yluGNDUGX2SspoYKTAEok=","rzX74FLs+FDN0KJih6OPRpFtKtV6/m7PB36sqapwYts=","b2VWKBKuzG1HuD2KkVCJkli+yCRK1cGcufmGhWY+tgw="],"block_size":4096,"path":"build/detector.js"},{"block_hashes":["+MhbWsIpAoxbfTcXMpEO3HCP6/UsjtY7rUI4n/N0icw="],"block_size":4096,"path":"build/devtools-background.js"},{"block_hashes":["pvlQkUPjnBBThU3Sh0CB/Z7OHOde3qO0kehEuvswXrg=","upRt2AheTtMkCdPGIkRyMamLGv0pKwXKoCqV9pG5b6E=","ACM7WFCvRbBkYTWRTK28yYsCNLUJ9trIZdTb5c4T4ko=","7Vpm/v38HodWkbXrDAJZXhhgfQu7URx7yukRfeAvcSE=","uin9ODVT1W73wr5gqqINegdDANn/lSPzGSiZaT+jPJ8=","0XApmTlVnvIg2upQr51RG5bXhhp1/eQ1CKbXdXJXhow=","2JjbPVYRE7jVm1Pr7oOdPV7WAA0omx29gizHEKXt2YM=","iTHLya28jPXNIZhyNW5ZsxKipP84pnDJJhFnvPrel4Q=","i72wlzKBbncV7wgH6FsDpiv6G/1uIPA6OEgH+wzwWFE=","DMo24hf0tq/JfJFfvtGD4NyxkU7u1SlJLkhxto2kwfo=","qdR9+wy/jfbSbiwwix/a08qwieM30pqSrpv+mIqSIWY=","Xz3TmVaSmeZ3Ev+w/icvj1M55eKG0iYodi527b/2c4s=","rBYSPOgO4MTA2yPf0cDNE2An2c8lRIZY0n/YTU8ATXM=","sHmEo5ZFs4muebSMJ2xFJ3ibD5rSemvK94KjjvjVkp0=","tWuMzt+oScLCk7btGgtK8L634XNi+AzCUdIaZ4/1Rq4=","0d7BHGnS1By/RM8xj0sKQBnCsdWmkEqxrtm3Cg57gS4=","Xweiwc1MHbnS4wRrJNt5Qp5dCtddRivIruYbMdkdOSQ=","f1tTNXwmLUfdElnx55znS/QEiUl8FrjUU6NlxGCyiSA=","nLhv/WemYQaI4uAhPBSPjpbihp2vZ670h78jWKzpKG4=","shdeQKqVQiaj+I5syXZtzTBiLY5zUY9FzEE7dnDom+c=","KVHoJst3l7BlN3xeajqOL6IqWNH14AbwjnDXSJ+7w+8=","CDevnr5ewdEsAfTszGIk5qrDXF5RPuBq37YO/NCBsBs=","k3+h7F7E6vr7HWGVTPAK9pvf6Atdtjs7cPiybI8qouo=","CeRNhijsfv8m2h05bNzTLTDjgtNkmVM+HaqqN39re3E=","iIp+BljOYah4Jug6kRav+sfyhLy73gI3ZVGnKV/RpPs=","Yv8VX1LC+Ze3Iuad2y1BXXzUFC2/1eE9ADnCqQyqbbA=","8HLokGuGQu/mjzBkks+QyQlnVI5CjPcaBt28HUVwTwE=","zNdo9DYviyJEymqNeeesLQPlP95yX0Vn4+MdUTTQ0Rk=","+M0iNlYF3YwEUyL9G7tLI8aUTC+Hr/kDTc6U+eW8TjY=","1ie5yjk80LElFGp/fJvfqqfzVVLz8pXoAfsKL/IGOhM=","CVZ5qHuZb+RiMBtPTM5lawfmDWZIn8+g083tvg12j70=","ktE+//svMWewBxGspSI/juq2Ao8yAM2NYGvtQc9I5Yk=","uqtDrwCeLUzndFj6i0Pr5ZuiwzXZ4ooE14HTY5GwrhY=","Wq95zJb6YLfGPq0KCl/Tpr3YetKsCBe52ckA1HobnTQ=","S4GwYwPkDE1WieyGTwfNU6ixTCwwqbUxWqowkzuX2/Q=","tKn8h53rHWB+BUC83sZk9c5okeXUeAmS274UtT9LlFY=","Lx1nHgLbraVcM2D9mLQ9MlA9cSRaNvyTU9kdPSOkZeU=","Wo71E+hT7sya7fi6APRP0/MnkM/+v5RxibeBlowZmCk=","KZb9Hrhg6qvqeAx64HT4lolnl8sEROEBGP3wd5eQLLk=","S0TdAlPDr/7KGxWoL3mKO0GQcqVlfzGEMFhMekap2VU=","lRqYG+2/RffRMvJhYpGaOCgJJriIUUXrPqhJZ+bgjjI=","P91lQ0dyXmgQQyPPMp92i+xcwu6tu6fyzF0p8W67HjA=","CFrey227KZQrs3TcCK/eOO/pu6F5K4x/xtGXIONOmls=","zbi7tWT8HPiNVSJHqaW6IkrFesycE2O48b03HaCcK6g=","ycWGX/bWD1HVUTojLTYXivB9OThAn32QOQ391rz+Pg4=","QyKU5LXbDoT08zpD1BPGtrJXhgoDmEXFfbdWHqZMjzw=","jyjExZQgveCuLCEQzLSR3imI8wV9+xZqffanDdBwl1I=","oVpTaKTTvYT1VWC1lDqcVXlNmTbg0/O2FJHRHVv6mAc=","Y1zNVs6ChYGJFrYDcwzcLGab+j5VlyPfnvI8TjuX4hM=","sPYzqc+ENnP7c/YAdokOGD4BRZjJ4PRZFZNmKzcKyXo=","LcBIPE+OR5fF0pE3cTVdDT/zEYvyHOW7M/Vot9OC6js=","DxP4Z5wWQVeft9DcDF2Vay3K5wTvOshoLgJh/sasnN4=","PSBOtf9Le/Mlmo/oA7nw8vLiAb8H1JgPmTlIBuD0sWw=","5gdrIh7IF700lLv+lrIJawZRdGXNV1wJ+7QoO+G8k9g=","uicviXQZmfUabdsnOb0moOXcHgk9XxGUFF3uQXeGBPY=","04cIUPlQw79U/UVX9vA79nZPSvnTvtukj3OqbA+2AlY=","vHY8+vkZb8OhJ928BPlqpmIJ1EAzzep7aOhEeKA9u6s=","zrY7326HyXWGysu8MWd5Nc8++V2utF8xbxXnXURW+Tc=","rodwOhEC/6yQ4w3MY2EFA+vBTThMBtn8vIF8XWwOcJg=","9cQpdPwMnMpfHIQ24WjzQosgTo+a01zoBQs5OLG7Pz0=","49nhqNqa2e0yjrZOdECE5EI8Dp6g7Db6DfCRvWkcdjQ=","UgA3RxbOUe/lQN3t3rGEs45Ayvs+lb07wrPipcwzyYc=","jWMjJCyHuprH8+cWfFniPvIlKpyieBkxED2PBT78VGs=","MWpDbog7n+XQ4OlI/tfhUX0AcKwVHQ4YMisU1CevzZ4=","yTIGVeg8Ba3ljiQoKRjIRs6uPNomQ+TLnrB7XoLjg7o=","8G9E4k1ggKZ6cLEs+OHbbG4QnoaCwbcNSSkUW0LCLwA=","NAyV3j9RM+vl+zvumPT2PLGEC4OTboR+rPJRYbSGC0w=","kQA8OnhdCHPCFy/mLw0yMVgW/aruIjHu5Zq6leHb7nw=","fgL81nIy9x3G6cyP1opPtOXRSmyKtSJnnZlnCXjrL6o=","gmSfa7oGCvcmzavCJMkbKSAnNVOkPe2MH7qpZYXys7c=","OLdCehYaNVE+RGDRlb5l2+/w5HeSCdQLIHJ8qDnXrjQ=","pCWV0wSTRbbFE9jmTJ+SLsXxtzQG3zEyLpPGpujWWMk=","bcixexFBMXNHkbmKlukeBbLJYRzbV1TJwLZnv5rVhu4=","XGA2mKHok2SXWxsOdyxZ9g8UTCQ+iOAMrF6E76ruU9U=","VU9DStawnJrn0KmACR3jUipHHr5Nm2CFFnL4Euw16dc=","9E4CVYUNiIjEyy4/h+l0bMH/isRlTIN873w508MFH7c=","5mpJKycq0MEkeQuxi/ODp1bUzU9iQ09/xomOb7qPDLI=","KdoDnDmYWhPFrH+JZWnfC5IgKXzQBL61UB5L1hySPKI=","ngpQ7uplaoDCEepAG1VnSasyIKiJWmn9LE9HYWljS5I=","DvpEb9R76maDxrmxC9AYkNjfdd8eYtlZlJ1if0l7NrU=","7Y8s6nTif7LGmUfVsZih8HUKXTL68O38VGA0dQSl3ug=","qjr9Ik1a0bVjaa1aSIDNbQDz5qu3WkpSYx2odl+dqtw=","OgORPo9juCuYmA2wVr1hxqmM4rvgY+v3hfTaUkEOWsY=","TOuvWfftuQKX6LDK3Q5l1PlUZ6Aoqx6mUCpF1e4Ykis=","nU6g2JR7r0gHDvd63rlV6xJyXXt+JtqyukQDsBRDjMI=","+w5BaSveJnjP2pUDPnMf9YRf5ZREiUAjGTyWwyijRPw=","Kx/5Hl8EOOBw1jya7ZvmNfdBlpwDp14uMUnoxHFVLGs=","/InlWbX3Vte92MCag+fsfNxTgsPp9ABASJxxDmVYYag=","goJ4trMzl39Lwwyao00eS8xjGIKxCiS4n3NdJjrCs5g=","TqqJi8Ha0N119RPjTh11QWvzlMvtoQalKzPPq/w7Jqk=","/AIHw447kBri/az2OeSRA+HH/avIliu43X7zD85Rr98=","/blXYaDdeZwPuw86KegBhJmqfIDRcRccG/bxlejltzs=","P8KGDvezeAjfiofyHVF6yCoDKxssq6ou2RQIpdVNtRY=","b2itv+CI/YeOtoX+mR4jV4YnPyH7GoMffeJzRNlcKo4=","5XCpx0JKV/7MqL4i9ow/MEL+j435Pc4ASFvo2OSvkXI=","sVfQvciSj0OmqPgUfznHb5Ix4qW2XcUE8SUfCh+RFjw=","Qicx5fHCh55KrGosRP4h0PbHeA+cDfJFdT3G3jtU7Lo=","2CUCIchSjcLmvUS0qQJEw7CDHlpV4B4rB/RugeurQQY=","tLk04Jg+AUSHTMZjtugXN6iWMepdGWGcneOgChPA21s=","Oe0GvEmvOfkavldd8D/yv5ldJc47FVSVoewJ53okUPQ=","1fD5399416AC/0n1ryT8FZTCoL02CXtNyztzyewJBfI=","sN2zYdwZic94HzYecwrn8jqMLrWN5P0ReJsg2R7jbq8=","Seo2G6Fwe/+CZ1vt05jvkTAXt8tnzRhv9HtVWlFgD1A=","vCJ0SvwGr28YtJ3EKT6Q7YfWstDYbyxOW/5LxW/0QPo=","l1KIRKuZXY/BugSwM6mzd15gUBYhkJH+5vdirDBX3bk=","2K6epy9iiD2MMdot2FwpucY4oBfNMnHbI9tqaz3BSBw=","lMIQU+rrFRY3+z/WfsB6Laa+FsYevhcNpS/6nGQ93/A=","5oWw+UfF9HWjwtbzgSXgzGnt9MMXYGLw7XZfQt4JwQI=","zmX4lV775hBgajvZNS0TCwqVaU+9xSynG3xnArJPloE=","cAq417BMwuPEfqW38C7BLDzNz5h0IJNL7EL2xvVW96A=","fc8qBIzjCt3FeHxzw4ZJKMIQRZjeR5cu7dzcNjC8qX0=","f4Dj7wBONqDo88bZ0pnMEMc0SB6fCiQswHShYvQGytk=","Csj5fMtNNAZFG149pb7j26oKukI1Cw4s6kDRaQZjyck=","LzmKEzAyzz3M0QXscAEU1b0AMgv619ZUj6OFPJs9S4s=","mtrb3cEJmNapOxmMnsqzla+N1x++MdVj7CmLe+6P90Q=","I9hpTuy3PibH9+dq8Fb/k9cTn13WRXKZQvyvIQkzKcw=","uuOQ8r8BWdwAz2C2jKxKgJXLGpBHpkePx+ABWStS9FQ=","AfzvjH1GULUzV5U1VZxaD4jvkuxUcD45FzzjmbUUz58=","ysSN8qccvO+b4bsdhEzJKRYrUCRzeOtQf9U2iazrbNo=","Ths0wPnSDchc9kv1mZZ1brjcmsikV7LKNlx8UUdWD6E=","05f0CCLS1mszJqfg9tNgPrhU6ym7yKvzIae/UZFRzEg=","Xu+d5BHZ7MlKd+Sm4PA+QgbB0VvboSE73JiGp8vbmuY=","nUxS08bvn1/dSy95Q79vraCqe2Laxh1aZTmgFZg09Cs=","tCL/jUD/ZovchBoVNhKfXI3/xPOVrx18Nocab+WHKKM=","9XjP2vhr+QQqdAq29a4U962sY2nkH2JIoxA5kV1R228=","Aoi7txiLAHv3eZWHf0196wD+Y/NBPA2rhjMp5q4Cm3g=","t/Rcnd8zYBpd8/BPwTlo5zoUP6V9VxgQv1Z+FIljMxU=","ggwyXWjxMfqNMxd6Cb1wK8IU9gL3buID+o8UmokriT8=","VkMXlM94D1NN47miaSK/8qJJBsgM3HaokSoWUl8IyZA=","LWbFsw1Ityh9hCLJSwu7qMl7cK98VxiPkYR/+beNjgc=","l1wVoqq3bQKj3Lj3dmntWKyluAY7hCYzN27lUierKco=","imwe7SJ221/he4IB5SrIyxd91DBh0RJEaciLqa7SfFY=","PngCtudj6oN44xr+TdapW21lp2mt5DFpZT0bOkt/VWo=","VKZC0JUYWf4IKzt0E7BNrmBfnYr+unvr6JaF8kd6ltg=","unaQkw2G8RWp0E7fUjF2slUk4n+4UObU/nn5uHC7OYc=","gRsfl6IbHLS9pqzqd2x882lhfHq5QixC4bMArhpIV6o=","DK3IPeD8HASDeCTzkV1lITE5r1bGIJq7grp+7KwKoEQ=","/wnUOkHmGC0MvgN21TePa9+QhbhwC/Pc5aR2n+R0Eug=","108nlv7/I84P8zkIuxaWY1wMa6dTPTUSKqU1sGE4RLQ=","rVHBgleqZv7AudK5eCmnGunDb9lw6lSA6uir0hS/wB8=","X2YStKDLjMWv4y/oDS6GQ1RwWizqxzDUtykgdQS4Qug=","k+8NrQjbeT+rlrMvsWOuUpY74M3KeEWNn34Svj9cIjQ=","6l51qi5hiGLuw9x4bec9dQux/Is25HVqB0WDvNO9+iM=","B5SbehUmwRCXAUN7U1aMs3hHkvjB+w3GUO2KU4OjzOA=","IZhg/kP+9FUkRR5USE3jHnnZkSYV5vmaUnA+2T8wK8A=","xU9LHXfFGYtG7liZmTQBmfCZnNhYnG6lQihFTJRMIj0=","ORdcMm0y4xnMltDUd8k0hAJsJvPqxsnuSvOI7xk0ihY=","2wCrZpNtaMzNHi48wNFw8PgztJq6x4xvIsvkb0Obttw=","XEyY5kW3cSfQv8Vl/7oZWl5EPcHvDWeAlSO8bCB6Mzw=","uLfx3r/LaHWcxdIhZ3rEvEQX77kgxUT8klb/vAKCsZs=","Uqv1ItZJepAE51A/4JIvNEhAMH3KtAIf9oxTa/GNq5s=","BzrYgf5s5D2UcUhSYfQ1W6+/Af5wy0sEQ+QewwIyZ+Y=","tAmvpVox8NjYbhmambc4IVC9Tf1MetCWI4tweDF+5hg=","LNjqIVZncI3KkvF28iRQHyTZ0KGBsjGrJng+fpNVCKg=","DbGUpx+cogKjldl1iUmbn28FQkKAVyxSx3qSv4U8hXQ=","eFBRljGHriPBMxLW0FSWM464pP7gkWa8W4XqGU4xlLA=","XHDk13Ahacb4W/Rn82Bv4uHfErLZ65xXmuahuCewiLM=","q8tsuT91eyJBLd0ZwdrLJopATWFTYBgGMQJIfyX8+SY=","ojoWytB3o2zL6DeYK8AaF3pdrqWBu6l99vEfzirbP+g=","C//vM0+BXq0iDXvtoV+tU83va3qlwFqywVaaXtWoTFM=","A/ZSBUOxlYuuLavui+30PGCgmxF3YaNBsqVRlteuLxY=","vmhVy0Vl9rd4whEuA0xzMR3Bk6RRfeRSmkvw9JT0iqc=","Y5g3eXBfIMVVgj2pfRdEDTMQjtoJTkR2oQkc0tv/WmE=","/m+lAEA6I3RH9nBke7kUlDhIbczD3sYRv7WQpy1q5aU=","ZMkvxtsw/r2CbGEJYEHrZEFqeM3vqaQvtAmnJ9E/MIM=","YhdhbJnKjTxr+5ymRBZVLAImoTqn69bK6xEqBLrgEg8=","Ctu+4QcTtnMBnkds49c2s3zZ2+LorRF2LDBCnvawak0=","Vnji1R1YL0jn4NNqylBub1IKOrONcxHAAxnzzVNhNoE=","1/pKuOb25oj/6Lhp/lTBOqyYCf50cJjN3awKcck9ZME=","WF4nt9CeityZl5q3AZet9mWGG5EG6kSK8nsJVuw10Xc=","RJorJxFm3C4peBDaUNaeRQeM9h8Le8NsqiINNreBs+k=","K6F61/6wR0khnyjQERht7+g8boQiXIDAPcPdG/Y8w/0=","2x5GVn1aaYLDTwbbxJX8EiWPAptuNRCMng9WFX5pVVs=","rnqea1TvMrKddoi5V9uuVxtgSZiZrygpmegL12nNSrM=","dp0MML7L93S6ydk2qSw0lBofaMwKBZvAAiFSSAxdGsA=","9XwJ/B4HrzI61Un/8lVRMxtvDPehFaSCToEAPOdgqKQ=","OWlHF+NvnIOymiGiDMYbuT+iFdZCyfN6X0KAj8/vOxo=","w7vEtTCJbLe8Y0TEYUksDBFhjhMb1iCSnAAA7l4tbR8=","pHfDcmW213lDVoCz4rVPo3hhlCwNuByYFNUFKaUtqjU=","NIQY7KmnhkDC/KbWETk5S8O1VLEwDG5TMMEeqVTQZmM=","JUdF91b+gCRWyGp1yEo8RKNorPe7gX2nOoC++UhBbbo=","E9hjY/Ragl4fUbw5X4hAlZ0ybyZduOUi9+D4P+tLxSg=","DhQULABP0KOT8+TryDrFvBoXacnbRobnSTQM546SdVU=","jZVrSwLyVIN+gF6uyIbvCdIavOnx+AqwlJDiWV3YE4I=","IKc6Ino5LWwV0JxBEV3XZlxURYffsW+O2/TGkriL7v8=","fQuqh6g2lqYQWcaGD0JCL87e3TRgxW8iM/OYW6NpZzA=","KY9Okinvycq3Lw9675MhIJGXLs06uFKUBW/6RBREHXw=","BSpmktyATtcxDXFKuQwQowfSd+htL8pGiWbXlBHXyiQ=","vDlbZQozVjB5kRHvlc5LQgqEauLtZanYzohkzKGBQCE=","E+5hNNgKMBPm6KPVmU41GdQOiLiEHE7kYcd0LeyHm4c=","QHCkk91xeAgOQ2swQtor6mfrnNtOTXV/GBtvOTUvYoY=","+Xm+nNWqqmai0fcwfr0sJyeM4+oSpVl9+UbE7PmH9Vw=","KP23aDI5hWJj1hRLK9EFuvy9MwyAVYfYilh/urLrHsk=","E8P/3lPuhL8DKEIAt9RrVO4foy1hhNLpprwzKmAtCaM=","nhrm2yQxTI5VB2bc1OtW3jgKfpnBAS80QEsa6KmFhY8=","XmuFa4ol8bcRL907P1BEhU8Y+EvN5Yu52wCVrsyzcFA=","S+urw2hBuGsNgXFTsLpYQFcvYgXzpsePh6s8hyVLTwY=","5csTgDXsLQtbhVrFC57/qe/o3NzdzF7UNpHy5Myi+eU=","fM+rtkjbh81euoa7/TLkgWF6JpIv3NVzkob8lG6X7B8=","CePOHc/Jp/YRan9ya4zihv+oKu19ji6sA4DMgJIYMt8=","phOtiyGMrQZ7RTYo4ChjuBmt7UIHSFa2ZAuGE67cxgc=","z8DZ04iy/gajSzmJGuGbMq4O+BOjyO0cJ98U88y8i+A=","winlsKOs7Ab+QXHmjC7PpY1mnw6N/uHvL+L2/G6BCJg=","5pY2qpCqzFQ28YSy71RK9uaamq+h8mQh0lRzZBvV7L8=","Ao3JMmiGuv+rAc3MygRfPxf6961Lx+Jo8XCC9OgD5Wc=","Uv+5pek4NiDW8A9BdTNOrkjOmBOzwUvJiS1+JelWXD8=","KoGzt20vBMLM0pHXeYbDKwtSvNBJkV1vF70vJjkPT8c=","GiLdjl7rMX45p7X4ZwXXQ0DghPP926o02xht2ZxMcAM=","jDl4KPZgTZUeqdQFDhTwm4PMcRV+WPb4ej78CYyOYrU=","ST/3O9UejRLvkK2QVxA/70wfzPN0OOdXt8u29wCfiaE=","9LkiWJFar8hkJ+8oK4yRrK1s8aTC2/Liq9Ijrtusol4=","Jb5a+wM3ecQOZMyNqGNywc4GQX9HkGj/uAXfD6aB238=","gW9ojZp8W17BIR3q1RaHWUqYiQQptFhLAfYK1CTuX+k=","QOJG7QykvARSZPOlsBXyMDXACwdRwuuGKnEOpo+BqTI=","IdfF8ey1pDgIqHGQMOWfceYg/QJ2DND1w4TLzstkTME=","H4hCaXn7L040hlCON4k2xVSLHRAhqg2Etc9M2CO914A=","2ogt79Liol6K0nQdOrIxv17JZ5Vcsr8KFwn3hKXEN1o=","Y2BJFX9N1Jg0MANWg6KdSCwotP6gDJCZj38DE41a1oI=","NFiePc2JMuCP3g9WTw1HNRQgh5s+iBQcog2jeco6h3w=","plRsFCVVKILt3TDToxb/SLm3b4kpt8ciewvbx/n/2cM=","8snLHTvG5M6D9dLfI3Hc9n6CG5s/ggndVPPk3T1U60E=","//xqsUK7uLie6ZLzif7+CPNnVhvi+IWhpSN6Fxtweho=","MglIq+fGfMti/6qequxaBHyURm+4VLL21/0dbhBJhYg=","ludA9/+/xD/IRhkmzBvstuFptsQ1XSlFIJ8veLcm6rw=","SU2mQRrpi/vS3PZS174WNNZ6/Iqz8tShrhkY6HTWUAE=","2vP4v5vc8P7r+dDWVXrANASooOMHlADWItANMc8SqY4=","sewMs1a0URzl8WMVp1h4KGS35I2RWnMoZIMn+Ncu1I0=","OA+HPVSay2Yj+AkGOyTTz3uYgh9a0KNuvJw1N4SFg9E=","fq8nuHmC31bpsB3lVeSrvRluqPZKKo5Da8TKlZxi1pg=","Q+mWpAoOpXNIUErpyVLvUMn+2xTLgQayxd1Gv5ioZ/Q=","C+FAaSPCBXZEoXZbbVH/2d3YpVZRvPLDTOYjshy3usg=","MsCYwyrBNeIG/BCxY25VWFXYfAyoN3Fo39Aw0F2QPTo=","99k8LkuTveNA71AVme48xVUW/EII/aUd5cawpcdxBBk=","Xqhu/snwA9lFxC+IFFP/IXAhdxGtRYdsC1jPohBwF9E=","YXIHwVLT+n6dLft0PvgweFuMyRiA4yh9TRZhGhHb4So=","CM+AbX+G9RXBTk02GxEwBG7bWb8+1tKzwKo9U61uf8I=","8TwFWMDO0sNeg5pjQvK83AxW+pVOWN80ZHpciFuKhh0=","laEOEN0QVCvlOMRDxaMdGFPjcjMMrGpSTf1g3Bt4q/M=","mvW1KwYggztUMFYk2aRyhi8WK8saAvENOQzgh6jEsi4=","/A0N9vt8AzqBvnxnq8ClL7FPTl27LZsD3tNtiLgPRKE=","Ghp3AFTTTd5srASjWuRVtm4cPS2QAy9nnKEW62xZLe4=","La5M9+HrwM0pmodObUT3OmrpdCYtqXZLo2SKN/Tqays=","M+OgF+YBpK31FlqsyKf4xz4mrXzupjKfrBjlE069sp8=","EDwyo7RvcUNDaSat7P1DgcPC7SH6thZcWEZjNS/w4ow=","xA1mnThzxIALXt+knXL8PmcJwISflzU5ixtXtKuZAh4=","WOiwVeMLpu4nSWvvpDziAdrh9muV2Hv1kXWVtdTRW3M=","+rrMairyzLmXHXuaOTPOI4UzFumBnG1ZgzvIAC5Lvv4=","uinNVHa5GTfAOdBo3nZCwz4pRccRhkTBpuf9p3UW0/4=","bIs0xeOx8KYcsE3XDshURCPeQBCamibaMiGOvqiq12I=","hCrbu9+3YOvJJmPux3VK+6r8H+6eEPfCq2YXOziHyZI=","pEbjFyYBBmctJ5+c3WwQas54CJQjaQ3Nezz65ZiqUWQ=","C3qgtUB+m11D2Ro2FBu5ITqFphqKPNGK8FLTeeItjTI=","yp44tFEJqdM92xxWmBUyynvOQSEvx8dQdRUdLlbU6Io=","1+JbIjBVwhPDbdMPCmtZ95PJxlZDv7g4yPonD2ur0YM=","p3V87R6sO9E0oeFPZzgVciPm9ufkptXpfhUZocnmb30=","ucHS0x1/5okUKLmWsIEomidyepWtXHHjDXs4DG2TOWM=","5yfsO6T/vZC9ji0MyoixGsqzifOfhYuX3q+JBI5GrG4=","gtl7KdJSRt7PFOy11WXiTdK7PTuQm+DCvwV2XmpZ4Y4=","AvxqKA3C245yEz81xzaPXk/8iMIGOnDOLvXWaaw/cXc=","O+Q1alnKmYvmw40b/+qun1f/FvHFaNhySNPFdHiUv24=","I+hi1yyMe1BhWxGrpXiMbYWernPojqPQn581wtgMAmw=","f6U1r9T4r9IrCRFTO809pPbM29ej6NzGZu3GKqhvbk0=","SXBDWKlXbhv3K//MgbyLorZhrPSch3AVUIMW7oefp/A=","wNSyjDao+EGGIU8qOkOPgVQg/i4nFMIfXs4R1jUncyw=","yHCfM2NAMEeFMy4p1zUVZntQf6As61RB82piuda+VV8=","xU46i360KA6RT/Q97NiBy/go2o5PE3F77KDGOA1axSE=","byXQKe6flCEq6qwhJd84H2Ul129FRANntQnX+aE15Os=","dG2FddWo39n5acu0NoDsgQduGfbH03h2Fp/j85g6dMA=","Q7Dojv2r2YWPS8Slf05VtGeUTQURAzOAnKGBLr+W/XQ=","RAnHIC8y1AmFtICx0Z3o5KNPrip6Je1XKH4usrpUzD0=","1w5YLppHwsIpjrJZhuIE+DhGLJpF15QjmHboHBqXOQc=","kbG8nu0HTYkvqRTai7spVzpepy+w6Gfo75S6pMuHZqQ=","oZV8aQbaTgL0x9euo9U4EI+7oxPaRvRWszKp0u2l6yY=","ceFZONQH3kIYYUze/SqmKG3iGdGIvM82Rw32tkwj/Tg=","AeUCQSirPX+FvMWKFJH6OGNFsEuly7OCcR31OIMmEhM=","5uw8csKAoirqTiXYitRuHCiFMWx7W52i1Bl5j5EIXe4=","9MfMG8b3itzUHZaq7pXsvbuiDFO41hq2rzcs5Ed8Gz0=","30Q6RG/9q+38L48RfKrFyHE9XtKm26jSTxpAeQQiBXk=","uu7RhzVfKFZKe/k2mhWNl+loh/wTfUJWj+Yoh3clQjY=","jW7lOvtjD/W3FbFXwwMUxEuv+Sykjb8WAoYFFL4Cpg4=","Iy8BNezKPag7G+hxfIHrukHFvBzn+yrgLrAP3nQma9k=","mZefe+2eIRWNGesLs9WxzudpUIYfIALS/f/D/hz08G0=","tlKo5TKCRUTu/3HW8N0yv5oJQhLjO6c4C3vCE2XxiP0=","QJFt0nQPuMGGju8VBxD/+1xg0rcW/BeNW46FZMRrPXE=","a05W4vUtQsWXtfyIMAEb1spQPdh+pNLG/apqV42FoJQ=","XN6UpqOzlvjx8meOWwCgrtVij9hBym33Z+h0OCzkTN0=","yc2ZZM46KEI4hjTIBL2CsX8Z4wivg2/JmIsw4EzzbP4=","DUSyW95IpGkT9wEDU9BSBcjw0SDQvFHzZEPBS9f1bSU=","f1Zxf3eRmezBahAfwFbdBTjM8i0bPmUCHueEZ8SlPDg=","TGd11xHBPnP66MAcP7ZVwWHBGqjCP+qHG8Psl6hZFGE=","Ozn6MHC5tBz0zxBb+Nor0mUxcJWmONJKoba6gRj/m6s=","3LYA0mtY73jpnWd2Ecv252Yb90nYCRwPLybZvO2s1+A=","M2otGBXzf+aNIWtNy5j6L/s7wXd1OBKcTHNZzLPnu7I=","gKr7FY1HVXAz9+Ha1YFWkDPNfGC1PTh3Iz3tmkDaHS4=","blxVbsq5Q5EMpJmySScU9FtxiRF3EXlCbTGDaQ+homU=","wXA9NLc0VLXOYONgVK83w/etosXJHS0+pyWiVfk3Wdc=","XL2ANhkTF9fb6eML/TN0tv9hAL0ZXH33/FD/GtGZ96s=","EqqeeX+143tnaN7BtoJlpMZlQPgSRtV1v+0ZqOH26SI=","kcUmVbXjkUVjG3S7Uqp97USNW1/szZqy6BjRrVveGSg=","amRaDglPKN/dV6m1vFiP/jkMupkqH1CjKcDcssSR900=","cMsDXLQwaK8ereIt9mM91AfF6/nOpJ6ZNaby84Sfh/Y=","2+hm4qRnurw0hl6Bnp5DhFPfC2d3LRwRS+ZIlTNiTks=","4HmGYGKHhzVdpjuRxGXKrBerBvwVJAqgkCm7Ho1D7/I=","MitPLJLbEXuidSt8YY7qhL5VTCp2MAlZBaYS/p9QRkM=","zgcNkrXbM5uddKwrgdeW6iNZwf1pGKkwGN/LN1cNn3E=","+3qyihBkyPaJxr1wDcjnBcT1MlhHxznRAlgUbDu8Emo=","0JjcGhmA+fSD58HWbVQX3Ul/U4cDrJ4cQzvOD5ektkE=","uk8x1CD7sT23GFVg9xy9D7dEDn2KNTEFzmHz8ChEP84=","z9qYJ0iJ+0PHoiA0j2SPwxVp0xGUdMz6Gb2RL2UUWfc=","SExegxWt3IbKMCA+fCv4iYIsIgRXRwtUDefQ1B3fKVU=","+JF+KvUxVPVnAy8iOQYhp7D+BMKWGqKXX1aW+glzd3E=","bXTpmSXrvrqahAQMRyyOz+FOJtLFjiQeCmol8UU+oHI=","txphXOz/WYxbFOvHTmsjPR3+NQkyXhGSkyUX24GCzlg=","vFD7GbZ3+RkwlcQxZaft3KxLm05/qapgYDlT6csVKnw=","205+Gamcp8ttENP57yUj9EtCnxGCx2+RSfET4RruFzY=","K2g5jF4bmShVOjZfVGG4tA/X0mwp/Z/E0kEsnyzimVA=","TuAWNPPjyZzwZpFZfKfvMPfQXF2ABCN8eF7+aL/w8kA=","E+Iu9sP+kA5gFM/rL0CensDvNrXsogz1MZx238w3dMI=","KGbaASNK/HTFc+p+uzFRSTzxaWoTK7xj6CJf0rfuGa0=","J8beYrmFhNPxjdYRkSAp0ddSc6SHNHeavrqk9OL+Q6E=","oswzGPDlzFYP2yVqqd2kvyHI/5t76M7xpKxEUoJ9tRI=","iG1JORmUcTeH80IgWXiT6MONbCONDFbCRMQ4TZDtjVM=","ZPDqoc1MI0BtIaXtcZsjtUp56tQLPqoW5bL7LNjhhnE=","7mNBM6ED63B4UgdRKMUG2mkoLMwcQCJHA/pDHqD10k0=","TEGHi9v98vCQSFWB4hlhIDFddJiA64FmwLWiM/IiDzE=","TsD+Ol+aQWYgNEcrxoY2YAs/KEDRtRN0kI16lXz+2lw=","D6okO47lJb3rZdAv8RHYJfRz5zid8/fbIe7BR/ZNFg8=","F5Whs/cOSN2dFlSBcnjvu98ES2Yqi5vSo751WYtJsaU=","RIKIaC6ksA0R8jwBghKdswdLNip+UrcltplcFOBvPa4=","kGg1jNLWjhjUoatiCB+zo3t2ilOm/qiX6TY0gLZWJ8o=","MnZIxOfIiRz35xZ3p0OjLb3XCuk24yw46VtWml7ekdU=","CPdNu4ZwEYXnaa5d1qTOKA2FC4HGIYg5huDmpFGw8CY=","hk4ET88zzMcNpzei2a/rLQbc4mzQP5gB/8DDRY+Y7bs=","E8XEkmr4bzT2RITxOPnjnpbH9R18Udc/ECcPQx5mcY4=","S8qs+7WKBg+SiY8gHbquapTHWWTAZZBZHsq4NFBcTFc=","27ZVVt0CYA+cMuBEdS+mR0VnVBU4PCdKxwsVlcUh1Lo=","xuy0EAmgHdsk7Dg5cBwQQgYVn/9YvYAwFKISGTGKnyE=","oKc9IQfyAYQKbCoOpnUG2/WyPTY62nvAPJq8nXl96lI=","29JBNhQ48m/gmCFUnEDEIoB/GIfvzCKw7g0U3kBwlcM=","kZdetCCYhgpgNVo8PhA9z0zpmEhhvo5TogNtODlX0Mc=","2kR1qVvHtkTrXhIYGtTZi5nCCxuCloPDHEIo+Um5nPA=","hBvTB3xpptcBupgX6YhNblxq8K5RKjgzRg7Hgy7guIE=","t08vZiMuVgWDceVILlqp924LyG4PNqUdgtO5geRWm7c=","jgApA2fKqycvAhwPH9PZTaDPB6U1H+KkLsBN8QjVl6I=","8r8wLI9Z4+rSdK3jTSf/l0GCdNnevMxuWAB3oHbO1wk=","e/JQcdpWwbLYLXwRxZEsiRD59h+GZMqFWcsI+5Ff/is=","lNiFr9jkLldJzAb4BUfPW5rITNOq1QRVYWpWn0GyJjc=","FJwUZlmQqE0DVg5GJABGh3S9WvefdnsGjMOiT/1rWyU=","3GlYZwz5RdaWmsmiy/9AeFdT73xvZleUUu7IFRhE1YI=","jPIrdmOeVW04JRzCRqbVSBvrDONCb1SSfGtZRYWvkSc=","XpqcoGuhsMtL75pSTnD+3j4UOSKWv7nOKBW8zU+LPpg=","Y7P12tPH5+JomBD0BtBn1fps5de5axak9fXhtiuTkFE=","VIBKg7kWyGhYlqVuqOwsmymQpKH9cLFEF1BVHUhDx8s=","iBf5zJ7V3GaKpLGh5NdYfRsLsJ7n1Hk+g7K+mgIQt6I=","Wt8JE70hYze8xHcgeRtgjJ25yKsqxpP8fDb6kphSNZE=","NzWITaK6PHPMSb8AmEPSipVpnv5jYlCf4yMdvo/heKQ=","TKk5K/vx0FsJjVhn+mmkReVKYQXTfldGFyLxNUkGjws=","HpDwgViofPaSchJQ3plWkF1w41cHMSVigbCug8DjjeM=","Ta9/NxLfA0VuuX4NwXbLvWu4LbssttwZZblVc30tB44=","/Dq/0ePKcBpD7d53C1GUDDM66HDmvFEYsOpjLxWj8Ko=","PdVxEm/jWx0RTU5sKvg3JtAnqf44sIm2jlW/uoivc94=","JGuORHHT/qOt/pi0PvmnVwr8L5Ni0Jjyc8ZLV/HeixI=","RR4woDk8fz2GIyF/NQrpdfbUU1kM80qMW9qDD3iCA+s=","cN5ZNxzexMfixOFboegZbV50vee1vD4Ulsfgy1y2d8c=","A6OVPiSRBJvAT6W/18TmrJtxvnbrnypQRfTIwI9gT4M=","TJOcITKStN6DWzX6pjnOzK9Kt6oliNcKjVULtr1EdvE=","ds56MDf1WoQF2mDWOZI5ELaDgEz5R5W+Q3d8Wx1ScKY=","CGXpPpHJZGvbbXTZQzaGgg3VZ1H8FMTcnPbtM1jdz4c=","RzspJaHvEydaG36i/9+wgTCdr+HIJUgYIQ1NlDXIA9Y=","bpTz88bEX2VF3TQUNJDjN+72frt8xHzjcsveA/sVv4o=","gC+21UKv56wOHH268Be4t9EvqWmlgOYIB3xDdW3bG80=","eDndGBPIFfOkho58siySc1ObFtFxdKNmX+la+rl6jHY=","B53BttAdUzytPhQ5kW7v/pDu/uZYQNuPV00Rn+ax9wQ=","h//Bwat2B3xjbYZPJo7L7mZbj03/r4cJziwpYkS6z50=","ZPXStOGBagHvO5hmN3M407KmckTt9WsLQ69reCgdrtY=","6tC4YRVy52ZOytpQbkjm+Us6x+Gtdc/o1E6nzhqg3dU=","P/1LQd55QnH0y9HECrQm02v8OSj/Plvq+NWJ1ld9qRw=","YTxObDWhrL3lcn5s2kp1oJDTFuaFkOfFuw1bMbdx1AE=","/FtxfXDmHJcZy/+L8tfL1NxM6PCMp7o9Z+GXCdnlJlU=","+I9GddGtCl37K3lRzRnhYUi7IebTvPN5QkFG43pQm70=","iYqGQgSDJBUw8nXB5VS+krWjheRCCLTvX0j3PzPkp4U=","ibuw2ns2XkUDD7rhiHItnLnK2+uUVWzxuQxHMnzoCfQ=","wFS7opmN60ZLqeTt227684U1Px54cGmCcfFD7P3mGAI=","nkbtu25R/Q9wKPn62y264HdBQEQkjyLs/EsFVtY1ALw=","EbVReQz7SPY9bT2lY3A178LTjo4lcCRoYVSUQERIfSE=","DKos56BQFD2rPm9UJc3VHdQm++b3yYUOPH8tfKYHxE0=","6v685HlxWTK5NNoFCaj/7tjwKmdrfdG8+d8Z8PTQRzs=","PTSJJf5HPPE3Vzxid5/O7/DyhKPg5VP5TxxZhWyeEn0=","m8wWm/1ef81xmcDkGQ8SKsB9iprsgmJFggA1gjWNU2w=","5OaRglayyokh4DqnbX7kTSIM/vfhae1TyFbPG2cETsw=","ujTA7YxRv2sOyOaSjByDwuvwP9DES+1D7bF+uinYjpw=","x+VNSbTihkyrsUIvHuUo+7/tt77fdeYixLENOAcAvYo=","fLlqSQ9zVNh5Jmn1sOd43RjR6UmNKOwsxNbIqLKFpE8=","rMPonF9cb9zJ+kjqez3vka5G6/Tyd1OU2Gt4g+cDl84=","lms/Z6b5o6jb463XvytNjOpsL+ozjgqDPguSSDmTUAo=","iIGv6fl4JpD0C2hhFUrShg6kj3uze387qj7oAzxR6k8=","mLDQMmQYeHwzZ8Mgy/Hu6EtKStsy71KLJXw8hBZc3GE=","vJ/peGE/fSVVI61dvxRB0Kl1bCbQSc8wrJdBmMCOeEs=","IJYWhQEoFFDpys7Ethn+JGWKu5qejSEe46iChoQICgM=","Ndh5oCOyB532/SkTCpfaS2hjBCDP+UUSJcOmcmUKWlM=","SNLW3LcchToiDFI1pGgMwMAkpjFEyTUE6VKYuWvzyoM=","yMjYLQX9hBZgF4UdqSaJ5neUYBQOPI0317PVOtIYLD0=","jKfILZ1xsA5J9XwxEFE52y4Y3ylC0jKctpqLznJCd7w=","OVmG2MJbGqQ8ufQxT+fjX+XZ3MYW1B+qeTV7AEhyjwQ=","nlW8RC0WQ/FQfnoR1tcsm7LZ7puRz6m3KZ5eF8VuVLM=","5GoVN8eLIo5TnMiB4NNINYpXSInni3THDb4UAqQH3pc=","fSqlyBz0qUk6neo5JGhkObs1tEp0tZfQGltHAdXQAdc=","P4lA848hZeAfCv00h8O0o/szf0rNgx3nYha5lWYzsDg=","cdrFGxkZcDAcRlYc/ljVXHoSE/rFzIXnwML/b8WUmDk=","KAo9DwBTX3/EJr2jruWxB9Q6K80vftS71tAV3rAeBX0=","RtlskABbcGTf5yE4RNiHFMffPxmhaaNVZXlIdW80tGs=","ApvxvOTDqgj4Da9C7o7qftlCv1FYX8o79GSByZkv59Y=","hxs22+HR2jz7sbmNKWwyz6hhLPuciZHF28lE/dbW91Q=","O25L/BgjytB9rPVyV9It2OJcekxe40pnao4q4mMKcHg=","U+kaH9LdPpaGx0jDKUnppnsAk3by0ihJ7Yddp1my2u4=","Z3jndIgUuz75l0JftDFwEZoJfdtxcBFJg1eEvk+ob6s=","378qO98qOFTjL1k/hDRyrJGbLSws3nKQMZwxgJYNPqc=","leroqy+UkBwGqEhqtAb8GVNt4TJevw9r0XYUeNdZRho=","xFB9CMDNI8TmNF6G8uBo51Y08RDBlDt1EpHJK/ILLwc=","vsFDTnry4v1OouFG04Dl0zn664yDqEF9r6GxV7Ktiak=","sLIYD7guSKFCx7/YNstlrlFSiKiXy4HFuZUEhIJqdZ0=","uQ9sFUY8EYzO/4GptqLxz/smGNJgFvuD0yZ423VbqqQ=","xAetGFA10JhnvivAWFZXm2GgTb5W8vOeh4fyRVMlghM=","VEIb+1zi4aXI1gv/Iqa0fKvChfKuGiiXAoj6sZOlcik=","BHvBmdBIM/aJT4iEBQeYltPjL+t9Ii47Far/ZWtkNoA=","iEVoz8MCku6uYgbBchEvdPJfvimVvZAmlnUJF+sYr6o=","1AMyfoVQDrWzzZWdml7JB6GsMQLR7+OmUV4C77GFqmE=","zkMg006iBH8eQNEf0mrKSX2AYSG82rKqx4eIhXOF348=","tNcJ5aA5hMeoQ67Uzhd/dV0kn5ufXvnA5McZ/2ZCszg=","ZH36i8IUfPvyGfXGklYy6BZOZV7ht2w1iMdf+tKXnok=","yqa8Rhqx7KzMYcIsgqcNagFUKPQY7W7P0fLhj8ggqQA=","NkfSCsjk4kibQg7/PAUoy+KmdARcTgEhgajxW9oPozs=","G1iFetfJhSEIZL++mQfSqygZmXUb/a6GML6SrQKb2+M=","ZuSLr2eKbPdHqBGxLqgutGaKIOyMObNmagpogQkmV2k=","T7Dq+ovbeVpVR+lCoPvRd96mTrYX5KYePUYTY0XNz3o=","dmjsTDfgfF5e1HGAKyg2sPX8TQ9tffHD950eYLp0xhE=","3nMLJULxfB2Z8pbrFip724Fo8011ew0dlRl4IkwCgEs=","zQH4jnLXUXr6LdYLFEuxCoyf2Yx+Kd++tdecC6TaWf0=","asj9jEdzIrdK/GkC5FbM+LYLY0Perq0VRl31fBKNb7w=","QRMLFTCQ74XK1mqHlqjV35GQMltbTNE5d83Qc5Wq1wg=","V611FuOoYn+FMOBkVsBp+JF4qmCZ3zjcBcjTXN+Y+kA=","rEwg/uj8vy9wTv/PXgNre4qQtyucX6q+aulNl7+Iv0Y=","VIM7hZWNyXKlp+kQQFGRZMudsHJV0/3dTLPYfQMfNDo=","5qIV3vLHspOg7r+fpKCdTqK5CSJn/p4TY4s4mxPr0zo=","9LOocq1ZdBon7qM0HvRBB7n5U/CFnyLsgkAlwtH1LeY=","e8GLwMiw9z3Trf2N8wC5q+eocmGrYIkTJB9J6LgbBdo=","OSm2mj6WZznci+8Q6/V03rt7n1RXMjZ+UG/HTouIdvc=","zEv+eusMF2HuzoPx6GBLXISk3xuAU9gasJZBn5Gzq24=","ObN50ZnVeT/HK10mgWdvuRj3l/wSRG5hCnaHCcCWATA=","N2pNcZxKQFg47p6ubNML1FJnFtoNOvbG2waEt4ik4S4=","4NWhE907s8XK2ZxZLjcM7f4ElGwVOiRqzXYz2kkY7S8=","XoGiNjide3QH7XFFTlTjdGgG9Om9Ujqf/A6R5P6ERes=","ND6q6KZ1Xz0CRpAgf/iLcH2TusqXnZfYuu7mESh36fI=","AIobjve+7guICzuV1rgoL1d19coT5Fw5I/X9gtUZc6E=","cbFBgrl9qtEOpwkUKy+gzeaUCGpbUfnw8VrwTPt4wnQ=","nbt1NB2/twClrv4Ol6AP2wdNgn9fpRMgYY/890EyOKc=","ndCBj1lhmIUStV8WjuhATeeQen+KN5N6S1c+jk5wiaI=","Fb1Yvx36VX2sMsKC/B8p5wxzR+tTP6F7ELgUQPC4KIs=","z6acg4F9pLPLTqR/CyTkmHRu0s8pzeV9434FhHYNl34=","BKZII0ULep+rbENsR4xTrDeagJ+r5CZuQv79TyxA6C0=","jFzCWdVyqNg6hITPPPthcRq6UZMlowtG7sezHG7ZNZA=","V/vBwVXFf6hwk/iaF4n+kfSiaFtO3Fsb2xcvDiWXpDo=","xEyh5ggHtDVfMAf8L8KTPl6TbS9uWH1/oU2DXQlanmA=","1oBwlq7iTBBsJDjWnMJOI0THGRhMsgv1hi2fntLbCec=","IK50rjlfnbmihcgEzEH0+SagQ5faG+ppDLtXptiFLGw=","JMn7FKgo1MsUtuMLGVl0jodcb8Xq9XlEKBcOyn9wExQ=","Hr4Zkg6vzjhZplbXXhA6I10Qn0vcVRGphLR8sbgV+ks=","0aAVfYk+0rcRRNNfm5y7/JPnMwQum5LiNRhQrN8jagU=","+hiNgUdnbPSaHMcmcC+mTL996nAFij+E+K1jwmbKp4w=","8JsuVPnl+nYZAE93c01sVA/54fWBn3JCiK7aD7s2Xlo=","5EBz+5OYryC9RqnQuH6at4k14kswDKOR2qt92XkrTWg=","rQqLGq7/eGXhJugG0j4ZhAtRnazEeGC3WCY3zuD24a4=","38reKeHorY35p1kDSAe7ITUkh1n4nXEmdZcVoN6BrlM=","DC/plun4FT1ZvZlPHPdWR+cNjkx1Lw1bVdJ8UwtZtrg=","KCW82yzzQDZHJ+76EjGO54nN4xbkYNzUQQ+AeGxdCnI=","qRSNGO4WsRe5b+/VViSJYeNTVcFZ2sCqZevJCavBLaU=","VIeLScTU9kQwvV8LqcmtdblW6+FcE5jDMpOew4zDH7Y=","lOKpWx5Fu2irwlnYmzuaEQausIqt+i3cl7oGjStSf8c=","J+BXP9TtHW004vfTxQhcMawhhmC8T+muX17eISPbKMI=","bqPX3MhywAZXEjhpiQKcOuPJLwKSRrMk6YIjZKARvt0=","h/zW2jZ3x4ToIEBtDWD4wDSaBKZXR8oi3jNRootfyKE=","3qa1YnP1iRfLKe+kt5FeWUTlBPtxmJFAZ0flwolZV7o=","9kQnP2BvYQYWsk9j86B27fgZ6i2Ti3E149K1vNzaHPY=","tXS633ZVPzuhBehVyxcy6IjKCS0QRejUBps938G/hH4=","5meMEUYpZWvSbzWLnKmzkc4yzwKP0bhMdiFupNmOpbw=","NRbxbKj8QSQGWfM49qRFWz40H4WrJykJ2BFrQ8gFyGE=","Frsf0PJ8/UXIkxXczSBrk8S6JJCAsjPpio0pKnz6XBk=","JuoYIg1LBP09tCv7dM+lGekzuP5GxPZc85XP0lq/UjQ=","rWfV2uBZ0BBbhZqO7jusv8UG1gi4GS2oE7cKptV+tl4=","xjLOJZng4TVFob4KSPdxhDHtWDwI35Cc8qBBJdoZePI=","OBWSxQd+t0QiAfsBsA3BKrF9FWeeAW05s3v8AX7RKjY=","VYWE1M+YnqhY1DjzNZYov++vdFyzlmh5JLXdDNtK/A8=","n1dhuV8BCMBwglaPRFsAXbKEqWJ83H490KdxntWQ5cM=","+9g8XE3StEIGI6HAYuipTAMl18WYXm26JNmoZlo8eGA=","XcXsFZtKCPNg24gigEKRgUHAiKXHCacCkMD+PoKuMYQ=","5zJrMIqn22DCJK8GnnHgjS5mYqAXm4KnlRxNh66gAos=","26CL4OM2JyIqtG98Aw51StC2ZWNtMR8ObsWfdE73IH8=","sFFd1NwrTS9h8lq5wfkIXikN8alUbDSiQKIha88d//g=","G1S9++wSwTttY/9FnSIEBcmedL91mQ3zdSmC1gitb+k=","LNlA7xO9VEyZFVWu9CAq5PJ0g+EmMGDKL8Kg2ZcIDWY=","YIP/HFHX+F/WmG52++oR0r3/turIEZm0hnnokULB74A=","+Q7d9zFSKsvWADczLV5jtxWOgWNUsdDCg9uP9KzBQdM=","YpP0wtcu4ZZqzVGKeDvaoPsgFibMlbzFPt+8xY9KV/0=","g+njDljisw7m+1ne3NmFO1kGrP4ZtkcrBUq+Kw9Z5NE=","a55U9Q1v/izXn3JshZnypHZbKyI7eg6K8Kpvb3QcslM=","joTvfwxW27fSCpBKjwZ9I0ztmsSq6mKoQAkGr56qt2Y=","P0Ir8zaVsHerbqwJEQ46yiIXcNY/Z/nvxXd/6HPzTUQ=","+KnGSlb1XCO2uz1D5jTSuOTeFf2jr1vH3c65Qu047TE=","5T0Or0BhGmtBqtm6e8Rtl58r1RyPXMl/1GDnOO8yNB0=","46fn4MQw1wyP6YcuphJmoACYhW/Oq/QpTw1g/W34g1o=","mh0ubvkI/U4huJuitgxm8/GJOsAC99kRn8gdzPWphy8=","RScXLrcNWXz8+wOxzAyApEmqBaMMxNit6ZwE23y3mVs=","T5arGgiguV/5LPZpM+DGh3ppeVa+ogMWBI18WX37wgU=","ERXWSInt2hjEc5Fur4OaiPVjRs8fp547Axw3cXsEz/A=","wrjdCqHzezBiZBY9+SsC+4N/CQWGNFsszSKaRJ8OLqw=","yZvj+JYNyKzSNqR2UoESzuVVwM0oQQwFu8e0Le9GJqA=","God+AlIDP7YDEroyot6gFdatqDSK5EZ4uhYVniRwv5g=","tDHrDi7ZOtIgOf11uiIw++zXbbR+O/KgYSmA3M1KfC4=","Ozy2y1oHlZlRWSVmFlPWPA4U1DaEXMja5TcDoT5TCB4=","wjMgZPVQ8xr9/xVl7taCfttnepSPzMccezulEVrhXvo=","JGR7s76TRPEr+RTIobfc5liy509nMuGVERvyCjs16R4=","bxIwaJKhhLZ7XThVvyh5HBK06/BbhlACkq9VIbxJt3M=","LjaDUVg5HmwqLYkNlrIPZRgH4k0eQnGmQhISWf8y9E0=","u96ouN3oeEQQEccG4nJUgF8Fozv2WKKpYFroo91Q8hU=","9MaduPaa4oLeRfdWaaqPLaCZSwBNECvNMEVve5bs72Y=","SvJzF49hAtHT4tJFUQHKA0vb/gFl1vjBdL6M+qVhkvY=","QtUcRJeScV/mTI+gtjO9drwoCm0ay+pL9KbIJExDazw=","4hQkA10ONH5pOsYZPPpeFwFT6BPZxsWCynCzzvcEp1E=","OgWgOFDBCLCsnAExDTffPGtHm5+Y+smSyZ5DoualSYE=","lpspmOjBHGX+RoYCZogUdZ7GcJDeCmQyS1JicrfxXpM=","S9u0zgBrigry1kPBWSMu4Nj7XNQ5R7waxyF7yMdpja8=","gHjKtsy7e9uVFPO8iJfioKno+XiauR1nzqebhaI0I00=","dnO3dBGK4g4egEmhviC6mDBQN84SmJGmngTJGDjeiwM=","lgCdBlnoAAslmDE6fAfRK2aF1xDjWgtEE7xKA+E6IgU=","bYw26wUg7ckdyr84KpAWLIsFOE0FMCOQlnBb9fMS9zc=","0Lwoa6FflwLoDtwwDwUAiDGiRpn6V4GrkzzqRRha0y8=","sa45plGfzbOs1DO3t2tvIpdL8VqBK1sNnVg2Xz2Hgxs=","7fJ5S3Y1QfF+PKWACiKC4X9x+HWNaIJLbjz0UDuutls=","60Yk7UmKTsNKZG6nccyMaKS/Rwh0olcf8k8uUYuNjJk=","LqfiUtt0QA3w5DARqy4R5tJAHhTAo42lsPv32tUg8n4=","NFm05HQTBpTzVXVMYI+u/OelyqUrxqLEajgPiaXzBZo=","VSWaFYi/CSSfTev4FiZSKA6sPNryPE+MsKeWznUg/eM=","R7N/OWQBTC0fl40Tpr5cOI7/KlzzuTVIuGLExjWeLjs=","Sf8OrUNhUGevBvr1O5QeliXqqNlRkqFijAWqcL2ZLVA=","dPdIeVubklqN8tdbEdq7vf1HBB9zN7clffmjyiHTg4s=","A/4C8YmNG0LDiAqwVWgU2LO882eg2wJavEu9Grt3tr8=","ftirpHe3uq2V4p7J3qM1u+gRK2z8Y/PVZ561F22pTEs=","3qfzkK0sHGRSG2J7H6SVt+IjlKYj4doOmoWtoQ7AGAo=","ZDT//R0z5lhDNyNC1BsiAiuTtqpl+d0IsokAUFqRuf8=","/iJ5hI5WpOsn3+2Lw2Rqa5onhqiBXLkV6AtHYB1beMo=","fMocQCoOF9LdmTfs42uFOOdRz5XIrjMG8FF52/dgRnw=","4ljBnjpJmUrPJRjne+YmZQsjpNDoLbG5xOrcYY/kL4A=","DENsxTDq4EGGXs8Ec1bHQyHn413DRgRu4GPvdTtKEYY=","5rrMF1v2PmVRhXcW9PMJhEQI8Oi9i8UCF0xbbxNMHIg=","S7NbEipiRlyi0zpOUoQ8noDpYQmkCtL63gNULvQC4Ks=","NLpi4c4rTpgQu0cbTQq+wEblyycY1KIdk90iw++M6Jw=","ZFFMx2F4LWRbKRAX/SVWqi5f/gBh30mjFGiWUhgGvMc=","o4ijsEd8Q0Tb2CupGWgUWhF9ET48ZXAvBNBHS1liTlo=","cTqPGfouCIk4pSJI6GHu7Z4FmWiFQIxQFa/5DAgdtUU=","ggYwh6YgegAgDPb0owjplyZ/VztBSY8RqlGmcCyDYok=","knAUM7iW+DCylZBgwaMKmH/S5ldk7Ae8PWdj1CnywZ0=","2w7buwv8dvCqKEqmZ0bMn+ggIaVo2R6HJXQktMjAJ6w=","oenRCO7buNxv0QhhjrVdLD7NQ75cKCOtt8A6vh9p2ls=","cTejfvO15gJHTUzxRFydZXrjNga7aGUHDTIuCdgmvV0=","aXKV30eCRX8kutdxAb1RiFOlwZ8WCvuX42Ryp8H5ujs=","VW9dGkHhBYq5LZxAJAlR0pKtv3VTLapmhMu6Ufo1wfY=","CPWRjt1VfQ//fAA05Gg1sF6/qaQBmaUHzA2fc2KQ7Uw=","YBaX7mBvCDgtjnFGCI4uSEbSbb2OfbhKtYYMepS5AAI=","sDCZZDQLdlPjkUxXzyKoNLf5uiVMDgp3wU+VhUQT2jE=","R8wRcqg724DoYq4XtLyq3j4AkMWDBeDyzPbQkDjMero=","Wd6oDD12CmOyGqchp3xyJFeV7i2FwKlbzb8vyAErFKs=","XcFTZLIKl5okIHmzOUxA9ccnf83Skd0oX50TIpuftyA=","44I3r6PfJrzfplPbUWktul45lg40IS+1sFQx2BLqxAA=","6OF75YEbSLU3Cdu4a2hJvc7+BxFlLSfRhTIlzgJQMkw=","AYO/TWgcW2FByyuwKDmRAOBvAdOpFzKQB6yuXjQHwqg=","F8+HG8Ng9+C/jCNAbA4JClF45M08CTRhFCcQ6y+LISM=","ixFouqgZ1dMGwzPod/8mvibelgZMa0icI/WnA8V/yMA=","Azna5bhWJOgLiZficrM9GrUuwvKoHpNLM4pPUZkhLqM=","xz/Eph8AIaEoO8ZYlNC9+h1WmScs6SLpXc5ufb+PUDA=","J1ooKDtD36IHUobrdWVDucrLFqKycNnDX89fH9EBDeA=","R4hNsodNF7BQyqcUn64VkX9zCB/04kFaMRLj8w2cugY=","NrEeM7iBK0a1T4e+PnYOvhL/jOqyWAgCwUN/MRtSUaU=","hxnZRRnVx69bdDOy2AS9E63rQMsScChogs8IAAgdGIs=","GEFth/jQn2e9mlsEPK330/rRc4UFHV+YKC4OFpye054=","Xewq8Y90oAMFFP57n3x8v46NEB+U6roxdovdQM+YcTk="],"block_size":4096,"path":"build/devtools.js"},{"block_hashes":["uVbTi2xMErd+wYACSEob3v5ciNDEcJec6Ykgo7xWFcY=","BOjHphD/bIZqnUJYpo6Dk+zTkJlRBzoMNOqPK37oBl8="],"block_size":4096,"path":"build/devtools.js.LICENSE.txt"},{"block_hashes":["yy0UIs3xZMcPeIt6HF0VoS2UcAp9H960tY8kdjvuB6I=","wDTCoJ63urIm7XE28hubC6GUgARPeZx493mXFt1UyYk=","s6+gLRrGCHjL+GNcG4/nUIKTXMrSEIUGsMawyFUIhKo=","sqJ04xiGFLh4kXi11o7opojMc+zpe11UFJ5HDT9ytNo=","HzmmZ9mGVrgiszO4isyaV7tY9t+aTpje8WDQEKBQxW4=","cDDh4rvyVe+pUnMDe70t2x9EFLpHPUP4i3G3UHYTDNk=","8Uwfa+qBCmZZpN8qhvcOqLiM0jQsrnW6x47RCbeLGxA=","RGIGtIRgSQqCuzVi5bpoq0Lg/vmKPpc2X6jddJ8fQfc=","6U1CneEynig6MLPisnRTRGuuHfQwdXiK1OfJUfsaK6c=","BQwp8BvT20nmTRj4HJ7BQrOaln1QeC3NcQBS2Z/8ZKA=","dF+20SqHCqkrra3Wdc/Fo8zkOPsvmk0LfZvcmmmbjt8=","zIrsR1AtwYwnHJNZUeKlD0Q4PyWchm1ljBfFJMmA9F0=","Hvpp4DLJEFJnRt+RDbKsw7G3EKItvrcUY5m6Gnusu1M=","N7z17yEbqjAPjbh1TuMueQSZMOvByS+Rn/42jwRGXDc=","ARR5g5ssK+V7aCNH/LupP1FnKwALRez2nEzHqLsKy5g=","W5SVUaYTnMq7kUJ8++Rd5iYr6ZTVYG5ySQGTPlgMI4w=","vsPdk1rq+3R6zohftFB0QK7d7sHaO0F+1DoAqwwDF7o=","zNL78aM2IVkiD9otrFIrYjGnBft0qpxSIcleFjE7HrU=","ukJSSRx2pMdAbcuMS7lUI6WmxsO/JadbbokImePpVhc=","kKiedMb9mR81fBLHnAfudbxPNjxE5Zdwwv4LEZaVLus=","Qfz63dimxmbwS3gwcU1JXjMTbMZeenhVDk3bdLc0A/8=","SFn2hFFuFb5bAGF3byE+Q0LthTU9Jhtk5iOZsUuivt0=","y11Btorp4m3gpigPsdRi3QCaHf68urGxtkn5wcKXRyM=","v/vqSv5P0BCWwxkFI6olzxsWCOF9+THyEK8Vxg8ADUA=","rjHqNEEk90SR6mhvFaHKFM2gLj2xCoGfgUP7mE2xgkk=","hBdUmlpkNTaOMilGsfGbxFgfTFzWBvHLUrHG6+EeA50=","b5nrG9s8Y7uayQ3E6+v+i/iS6aW2V58lsbWSQDS6Csk=","3NLc1l/JHEoNvbl+1biJkK0H8N08hAuqtTzuaMGzHtQ=","R3iZHCXq1d5LOxy2i1zatj3plD5uxpueXU7rnPsxbS4=","KRv00MNUPgxUSwhaRLBcQ22QAHlUK+MKVGpKvmbFYxw="],"block_size":4096,"path":"build/editor.worker.js"},{"block_hashes":["Flhsjfx93AHk8vmd7ofIouLoJN63xzU86d4hYf4BUs4=","uZzKSSMrxHalnhXRn7nDTG6wmBmRrKzKzfGiFlYB2rs=","W7vhAkHZRQE2W3mAkT+4bfYfWS4KnrkyMGuVa25Hp9k=","gCr3aGlcbA3eVSG86gZGOzhFfzjAfhw7/sRhymicYHw=","DT/kZENdU3CfNfQMSwlqb3bX8JJak2NCDU6iy8nyFNo=","rsAz8/+ZOPfqLX4P0T5xaESzWxPz+RYCibVCDjQJz+8=","i6Jt1omNV32b/D/BAMMYq28u5geQovODsS8J5cL5kBc=","NA+7TDV+IDLVPbKcfYLz+QiUy4hwGr0CvLpvQPgP0H8=","mGI830j16vu4L3Ok1kYCTxXEuaSH8tXR7lHbdG8jbgY=","i/9uV9rBVzIqEZD1W1aGWXJS36q2KC0iznRkBX2C2X4=","Y1+segm9V6j1vRrl7YH9esZ6vneNx/wG1qhr1F7mH2g=","JhaNiBCxbnbUSKmxwI45nzrveP0LTklxLu179IMojIM="],"block_size":4096,"path":"build/hook.js"},{"block_hashes":["gDQ15laY27fwD/bxLXo5XGtHsgjdBgmj+KwBH2JacBs="],"block_size":4096,"path":"build/proxy.js"},{"block_hashes":["6s2BPAFo79KIymC5B1ATmPgTpPrkPembG2uBocDSb8c="],"block_size":4096,"path":"devtools-background.html"},{"block_hashes":["m2+tSE6bHRx8BryawHG1+UXcEVG1+xLZhzkhf5m4V1s="],"block_size":4096,"path":"devtools.html"},{"block_hashes":["C8FtZxMPj/AgSBmRE+kq/PLO5kU0WuckJLXllIb1BpE=","ydrx6OI3I/hRIgP1vM1QF/p5/5SOMffESK4QlNL7xx0="],"block_size":4096,"path":"icons/128-beta.png"},{"block_hashes":["QEJ6SRvPnXx8R0wAa4D0HBYxtyMFCKKftpSLnRz9Djo="],"block_size":4096,"path":"icons/128.nuxt.png"},{"block_hashes":["INXZD11hbvjDBXXTDiP+YctVLp+9goWdQfIuMpIbxMs="],"block_size":4096,"path":"icons/16-beta.png"},{"block_hashes":["/U8wdgDjmpyaTscGY7BSPWlrVL1QlL8OL4FNjwWquow="],"block_size":4096,"path":"icons/16.nuxt.png"},{"block_hashes":["vfhR7PAHM+sZCTQvjExx9HIbO2grOF2sbJbXUBwRdk0="],"block_size":4096,"path":"icons/48-beta.png"},{"block_hashes":["eofgJInMu+iNPE8nE5efhPrIxoLyvJ3nQw+9Cm+SGdM="],"block_size":4096,"path":"icons/48.nuxt.png"},{"block_hashes":["+jkFUdM3f/TZuqjn7VI+2HH3UWhnBYNX1emQ7BGTX8o="],"block_size":4096,"path":"package.json"},{"block_hashes":["JlZ2L+kg0c22UF3TICwLDm1ro186IsHM175bDgSzdwM=","ruyuKiH8QyzRtBnKis64jQ/55O5i8Lk+zhusIvEjcxA=","ZXxfj64BhXAZMTTBkurVn7yRqOP9AGVlKkda/ACeU1Y="],"block_size":4096,"path":"popups/devtools-screenshot.png"},{"block_hashes":["WnOjrFiljUPKGusM8KJ3WQho8yhhQRpNg0KQbfie/aI="],"block_size":4096,"path":"popups/disabled.html"},{"block_hashes":["WEve5+7pvt0++l2kONO75dtcrf5T0dJ3cXfv3C0M29M="],"block_size":4096,"path":"popups/disabled.nuxt.html"},{"block_hashes":["m7gKmpNsbBq7ZZX4R3UQnhQwhDm3VCJeDnnwtmQkWIY="],"block_size":4096,"path":"popups/enabled.html"},{"block_hashes":["NeWhdlD8thNqmEAUfBnVQ2y39ahCzB90h5nfcx08mZc="],"block_size":4096,"path":"popups/enabled.nuxt.html"},{"block_hashes":["781HwoAgmZsahkwxfcNCpwjrfJu+KSzzHOYjSj6/g8g="],"block_size":4096,"path":"popups/not-found.html"},{"block_hashes":["1mjHDPWW2rtc/bpJo0N6Ksx8JEPnokjjTpNmasFxgaM="],"block_size":4096,"path":"popups/popup.css"}],"version":2}