{"file_hashes":[{"block_hashes":["LG/Rova3ltjJOCJl8Qpk1INtoN3i9KA9eF08wjQNxjs=","8CyZBTZfyCfFYNrexGU7QvRbZ7HeKBQ3vumltuciTPI="],"block_size":4096,"path":"background.bundle.css"},{"block_hashes":["j97j1pa1KP/plA1Sa3r6uGzr5VTkQNHN7G+MntCrQmg=","1diwweuDdUkZu1hFCCqmsYrUJHVzmsIv1n4vOkXhQNU=","6m0YQTJmqA8vYe5NDUcqOir8ogN2M4NJJXw7hTZgXeU=","Kxw2dVGH6vyAfnSgmq1X77bn4UbCGDzP9SX0zuVhgLM=","YPgvr/s3KQW38D6xHZmteWlXPVTaD2L3tgdM+JnkHCU=","gQOKhW7Ur6szX6mwOXJHaoC79SO+BLvudH7y+TEmt08=","jMvpwdMl0k/vtsWVI7jnSdhjvsH1WHQGUknhCepKouM=","wkxu6GMVmxzLHAy0GGD6bB+1JaEHwEJMrMQ1kTO09lo=","9V/dFp0uD+rMkMdQWji1mjoNsT4+BpMXn7CvF1pEi4M=","WgjrkOuFhP/CF+bcFLY5XF6ygdI14uViv2CcXH5eAAA=","kmkQ24EK+403IG1QeNBIR+P94e6g+vfDM/PGCzm5C2s=","WC32zfUOsJeg3ZzqUwLOUP94igRGhyCF0UDBF9SlhLU=","fbRg7HN5HdnzV7Wi3XD7RzQLe/31qBk6IhT3eZxWPfo=","FjIXL2tMb9T2SPHEjDkye2FI/Z4IVM/WE71FegN9BQQ=","6kyA+jStEelzJm3frhQn8nO06S99ge4Q4mYyFLfpevE=","r/kYZ9lSoUW/ZrfJKp3mqJ7PFSugrf6J8ewDeUilDGE=","bMYh1e/MDDnzNDxvwA5Awai3h1c4Fncxn4s0DbS5I0w=","r1EDDhSSxntdwxKgTwvP3uhKc42vIsUtdx9pBOfYXrE=","WJC4VFIgKMUXyAOfrf8vNQ5Q5woLzCvMcsAGoa3iG8o=","EWmSsrtHXemHBZNb9P5E1KplLI9ZyPWrPopdhEzwZA0=","WirM8znCW4QdZJ4CoE0Q3Wc/oSg1JKCjz4GIFQTKOuc=","Vjl1WtRlU8ZLhhrk/wa6U1fwNRhN6KloMzJAQ8G8LO8=","UUCW99r1uLlgd7cqfhHiTWj0UuajGuBgGz2UUNyWSkM=","ysClvcoWP3nMgp7bovMoiBfm9D6xj7WAnlmLgvmu9fU=","jo0M5or4BH4goN9smsJKlp0wXv9rjaM7vbNdKmzDkAY=","jj6aR33zfyahdW/73HRWZUbl9m+ZIhOV1FvZ0Tz/E7w=","8KkCfo4im6rY63eKqjnJppjgcAxYjXjB/f/fmyjyCtE=","OKKQIveXKyIXmoLzwL6Xe+BO/QlCBCdbBDSk7q4oiKk=","z2kaXwHtsoUBT7P6AFVIGNFh50IcVJyMkR3lKyXtuQE=","lsESAN8STCNihF8BrsktWSDvD8wF2NuinmwJNpmLzP0=","btmtNOXL8twqwP0SoReP3MzoceO1PFgINstcLUGlOvw=","pxut5KpRMmvBGafqKJHSrj8e9IU62Lu0h5tHks4D7kk=","Bc/dpsURkhKJFs87dpRY9kIHXL1XyHvJZ6/v8kMt4gE=","R8NisBOiqWT28LR+Q+Gq6BZOgma5WIICHS2L3P3c8sU=","VZO22SEJFSIOK36RW7eFtHkFOuLAFRV8+WCOf2bffeQ=","w8h03kb5T3B3BxFHBTyGS8pLWFS3Hph9MDFoigrfWkU=","9jYjzwcwD2RAGk7dIGt6vsdd/yhK76Yl6qNKqH7+jdU="],"block_size":4096,"path":"background.bundle.js"},{"block_hashes":["coRRvON3uP0sadPldkruL7R1AARg5CdeisNRyb9P0NI=","Fm1iUgd/iwQnSGnPnsEUnuQqsLUBc5SHrTZ6dXDGDY8=","TDORAJ5b3fB5XHdHfLsOMu9hRyPGXlrdlHJEGpcNmh4=","Kcc9uiqKZa2vM5DzGBkSZ99fm9sglSZmy0TQ8MnNuWU=","Vn+rLmpp0YIQV7JBEryPCimZmWxFMWfTlFcdjG22824=","clLTEamPRySmVL0UgcqlAnxgsyyizHs6foG6dxKjCGg=","CVS4Ul1zaImNRgO0lQYQr54JRXHCk6XFwGb8QG1xKxY="],"block_size":4096,"path":"content.bundle.js"},{"block_hashes":["LG/Rova3ltjJOCJl8Qpk1INtoN3i9KA9eF08wjQNxjs=","8CyZBTZfyCfFYNrexGU7QvRbZ7HeKBQ3vumltuciTPI="],"block_size":4096,"path":"devpanel.bundle.css"},{"block_hashes":["9e3ifr7g+eASfEKICLR6gYyKifqsMsjv/UDHXxivRko=","e8PBoJoT8hdILBwKE4rVGzXSEmjBtpBoeFIgSifzNGA=","iipO/2Q1GeJWEuIKWoWGR/u/jCa2a2zAOIVTR+y2Rb4=","B6kqKigknDZFr7FxYRXVp/f9dwDpkGOb2ap9XcRuH3g=","7xrVyLm6fc9+AP1VvsTuUwmR0tdKoYsAZRDk8rq4qwU=","ZT+Ej0i5S0BMMGIa4fEgU4VIiKrp/gjo9qSFwozI0ic=","Zn+TuPBhLQvESzfKSTbifGMzdmE2g92HvAaAGcAD3wE=","hekHvvk29eMkshf695SnQuSoGrOP8jpLlRqr27xG+eE=","4+LFSDYyOTuz5TUwB3bEf7nh8GBrffobrUbltBvEKIg=","amdrAazQYatjn08yONO3fChIjyqbKONvSEczVgoZovM=","tSh3NafSSh2CoSGGjdXvXsEXrh/FczfRTt0mZL6Djpw=","4LaVdZ8xjesrNfkHa98tV16LuWKmtBn5A3w9cVEadLE=","jQx5Z2Xz/g3uyMU2Q2sO6wh/Zg3OJCoqGtOxqBlGxmM=","grk8CShWpji2OSatMtWRcF+pL5YmiCbC87xJuZeWs0o=","BJwsb2Csz9uykgID0K0va1kgdxUUUAyu7hpID6VMU5I=","2iQmPJstaRb8VAdZd5/AtnbYd0KO/7FMZ31BMKUZ2qA=","fcm7KHi56pIrfk+dTLptvljJwKdCoJ+1McGdFwwGwE8=","4gV1kHN9C4q49gPIAR0EPRCK1uRT85VqHmnWGiN+aLo=","jwDqw1SoM8S23cxuCTTOeqdLce3M3q50vCvj4KYOxc0=","xcB5LiO+3l21kcmCJLn4MFMbiEkhL2jUoOCWZXx3Vsg=","kltPGa6mX5vkQuKudsoDnjur6626eCWKHsNhT8O3mK0=","U8iSs4BomPjB8ApN38PR9e16aBnnNv0wT3hFdqDNxX4=","bIMGo5QcVTyG23/GFL9TM7/u7/vtkDIcyum6mz6lIzs=","ljEdDLmzGGdibs+PptsQKHoo21TFWtcCAp6AJiEt7Uc=","Go5URG1XWFn5ct752VkIjwkbESfhmQqBpBCqCtsFm3g=","hGC0J6DdxmqiE9wts5dluasOqL4KPiDXrR2eApH5zlE=","oPe5+JbpHgNqyaR4d5W5ORsdUX8cpBRvElzpfc1YVPE=","vhf9XLAzSFTZDSZ8sbiFFnWyzDWeqn1+H2A5vdXYdOw=","gTJlJ0w4HPpAbyyDVMVD0IUR2/lPexJe4RnIoZRV57s=","wDqTot5s4eMl0/EHi0ufAMmZVvyobXothq9yijzg2I4=","YRpA4c9HTTL/vhaGatgDLymaU7+vl81ukcSFp9upU40=","KTvyqGhhhwZ4ZyNxPOpGbAr7sUt5Ljd721TVKsPIylQ=","2gKt9EO8S1TRjJzI0MRgn0tlISgi7QgxDNW1O2vz2wM=","zXrQPL7uWlnk9+1x+RjxBBoEAsuhPWoUawPt+sg48Gk=","HJPykhmqYxJyDyo9aVmSBLCY86tP6ylWIGzsV1zBA6w=","jGf8ZABXCkw/+sjEE0LqCEHnUU5jcUuHAjxoC+JLNu4=","3V1LpbliJ0t++88Jxeim47yPVZQeEa6++SjoCGkkMtk=","bpU6neIuDsIvuqDUzmvE41GqWfOXtnXwIcpTunuLL5Q=","+fqMQhhL6yJS62BBvU4fzbJ4tUVIvJ31vvLQIqpFO6g=","36myBrhhkAhwPJD/ry7KoDzw928PyIe6+yBpdcAr3JY=","a/IkTWoHwv19Tq5d0ic6Y1C7Cvspac2hKKxjsiTUW+8=","PUUqLNHQtsmDq+B9QJQYKgHMvkR/0F+FOEeOr8maSSc=","xADLrsA79t+gmWYQqkf28raLG2sps0TsjloyJaURLxY=","nj2LseR3EiNK0BoRN3q91H2LtzqLdyP1US7jCbAjlZg=","uTGdujj6nm2UeXKFIOBS5Zpl3xiN6tZapAX8AWu5osY=","MhyVLrlp/jw7AeE4+kvTmhupAcnEJTGeeKrCp7R5HQk=","fvlMS7YngVrOmMq5nVaIrS2YWzBqYVBCp8fnEEZME8Q=","qvBE9+lrecKMNf0TUWbZh8CGLoo6S0QhCucoer6JVtA=","Fafaev7na2r0MfnyMJmT+zuPMqamkmFBg7+EwGW0jpw=","6kbZYQ49QHvx0fxdo/wB8tOdixjI0mzMcOGk+3p1F5U=","SN9jJZsiog47uD++keyBt0Zic2fbAVpILF9e5O9fUL4=","nThSgB0woexn/IEIJVpNAZseJukh3SI2KuZAf8i+kck=","jRLBe464HYqD472BW7aotqj+p1dmiGyOcEy5zgH+bhg=","wp5mFsMq3l9EYTsT/TT3rB+HvaGiZ5zTEkrdv2R7ix4=","abE4hYQN11F/K/YU6N07wvnEbAZvkPH4ngEDqKeI0mo=","cHO9CM7xFqe9pxCqc6m+yPLvDqqdgS2Q/fhD9TlgkxY=","VGyJAWseEHJM89IoSiNkj6wY7qOnPyEEhkaPsgldszw=","ouILU51Xpm5xMePwnq0tYOmtt12DVrOz0tlOwhdisOc=","F239TB6ct6nCla4UM8gw5No6gSOxcZmnawLpaco9ROg=","s7NDqu6kcUXpCJ2BJgCYNKWFnRyu73imDk8/2WBO+gk=","gr9pB8475oQNb746yDyWUCK1PWt56JfJ5oGcvTN5BPs=","v4RDrfAqyFFy/j/5KZqXrr0dI1nMtgdeYHyIiw6ncco=","iQs+Yi0ELE+XAphfHB39muWPQgt6wtK9Ld4qDW1i9fA=","zGdw3zdaNKCh8Kh/d4Zggnlgw0Ph1NjOTYJ4FwAJAb8=","uTzsmDnVM6ERUKToc1GQPm9nFGU3+Ifkr5BJsvzEKAw=","ve6Gubn+0IfFFgtpfZ8j3oUdVkVw/SAk8ZM7g9qq9+4=","Yr/Ql1vh3jOYpubU568QfiRGn0Frx6tx9FEy0BT97fs=","VXXS/iS1QRsi7ERjVlE14qPaCIlnLY9OyLncd3THvzc=","NFUt28r7jnzCfnVyrQHGKUS5bu/tvge8aXvNQZuO8KI=","8OT4SkoqbgfphEhhelqvyb5uS8Prg18V8KlP0axgROk=","bnpCO+5x/kD5kyRpRQNOT1y3TuLo7OVhLerojKaZL0o=","eYWmwjI7JudiGPUdFzF0xa/mSVUCpM3RmkD3hGvC5WQ=","xOvcqMMaOF9Pxf0OUln9Pbv7GNvFNIYKnWnOE2yl2jk=","Am3jOna/McxdEMvWBTFt4/FcqdOlAIAP6/MErDfw5A0=","RiEZy6aF/cvAi87+Jj0SGMGWVZLuPX55Rw0+6rNvxxI=","VzmLncBgpjUkce54E1Mw7xayA4rAp+Wk7VGgLLOokXM=","FFbTHtT0qRakD7jHLUaSKs2+3dlSQcYSG97ZjzdplgI=","pAmc8vL+5IME8eYBDWBVbyMtlh2bVLfdhNJ8Ca5XPKo=","IQe3PhgCCjGg+a+8WzaWJcSCAaO892pKXCIcwhJJpy8=","ZfINBhOHD0qu2ge0x4WWZFUzLg04E+8kXFs2/glSQcA=","Il1JbdNo5k8KM6d5Ed9Tkrma8vQL1KvZDuMWKWSY6hM=","oWF08flVWlOfTWR71bOtTIfPVRxzwrm4sp+bPtyWsc4=","Jeofx8esvHpb2NmBrxZU5EWRSQfX39IPjVbrx75bAXw=","Fcig34cZjh/UTrv8cUquBgH4kj266lhIAJdnKbWQ/Rw=","ULk6wtvl2rvkoob+bhbsUqiyTWjJZxBBFPYirY+HMTQ=","Zv0zRWxYINEERJyOvr99l1gf2iTlWdUm04r/fiyXnn4=","raKa9OjPjXrGEp9FDhM2MiBYEFgavYQxMnQ4g+EErQo=","yDiW+t5J/S6ci8OdAZgEUlVPt8mwV345LsnzzE672xk=","Vt1ctMSiFkv9CVrR3Rwyjvq74KEaR/q0tbKWZ26MZdE=","FLiyz+UTCEo9o90L0x/e3jP2y8RObJ8O2OTt8abrzb0=","U3FBXqdrwJ3J0QGlSvI9nbOM5uUiSBiiLA7P9Mg1G6U=","Rl5Vahqiuavf8cwflJYiLxrNxFRrjD1czM52G36d8xI=","jZWyaExgyC4Vy2dpXMjZwU/OX1S/IrJRaMk/Bxmq6mI=","SO4jhtGYFEefvYX+qbD2EExtXND5KENxktRpXutYKIc=","NDaCfK1izEusKHE9nocw9w935jjX3ixBqrU2zxy6Le4=","26Kn7KbdQJDMLHyZcG4iA6RnA/wX6pnEUWbCL0wmEWo=","QZ69QI3udz8WBKixvk28wTIFZv4GGK/8apzMfkyOwt8=","CapmoNUyU29GaMQCS9XyrQ/u9Ow5aV1ATAV3uQnPmRY=","h+0PLO/MlqJV0fGuJl7fUk2ufCe6yhgXLTIKP+7rhW4=","4OCtWt0G6G65bvC6WldNiTaPyV94HBdnDuFFwenM2Ss=","WVQGn9z80dDBX9bpQcVcqtJOBolfep4J6dPYRrjEG2M=","PEKJ06rFw6aSAeWndFy/Ybev5GKYORUk5MZid4WVyGw=","TgZM2E907chFDlkbp2nf/jY3KFF/dr8DTZorfT+bUO0=","57KTydra1TCUBcxFYEBoH0MJRVyLrcCDZUZKYrpRbWQ=","BR9IxUDmF+GXA+VBsLKXQ0hT1cT4ZGv6pnvvRH6VsTE=","/6hRWv7zW8px1IZPwR1UZNRt3PRcFyzG4hVnTaYQ/GE=","RzEriOTeeiAY+wYdlkXhwEJeiOUwxEP8Dn7WY4Mw4gM=","l8say6GzDgPIr10voviY7TxNvqGQ5GJUt0Nh+/MtFEM=","+3weIMD1wnxkbLhcNMbDD/N9O0gudryaLo2o/QKAlFA=","nQNZbXO4VHGD9GNfalZI29heLg11iudvnQfkme3AFlk=","8E4JvX1iNH7uZcMBvSg+RcoGACVhsi0gvXfdAv/gf0o=","u5IfvJGwGU5UZ4pxOgbb85NO0fEABHwaqbSb5yPcZw8=","awpE8WnfUNonQwkei66YijnDSevgKy97WhonjkfbYyA=","hYAu/0AY1EeosQOo8+wwNPBSSX6/ObCu4YhqEp62DQ4=","+qOghG1LWHAygDsBGfBowNo3ze9i6lTx9ZUZ+BuxPp0=","PAtipN0BBhII0VGFNVEI80Py2bP1Ed3w2L1fryYE7NM=","tqY+5lKJLeUxq0LOrJ+s3og7R/zfRgzbPu+Fxs0hfq0=","VV2xWs7Yw7RvgOI/dnD6rzQ7NdTe8Ems8wSxuJWCfDM=","vFY5N69Fvp3cRY5L1rJLYpSoYM06Yc/iXzLFdfd1i7w=","EaGTsnvaKM1/NAQiVEMN/tPDPGPUaA66rM0gUwyZ+fg=","64LtDRi+LhUOCnGOWyTf+T2ArBf5aygpCRJXxDd3scE=","ZkUL+6RO87YCPnff1eE44k58KTRP57pak7BsjKxx8Rc=","U+SU/dYAFjqqEzVGW+H1nPoj8KySiRfcvIag9b8zdZA=","q1HqOEqpSAkEOvk7dweH3v5UFnnbj2C3pviDvpmA9Hg=","7HdKQYh6yOG6FUsnlbmIIxZDnYinFeVbfi6TLfLfRR0=","z+4x9i208ISBZ0h1bvXrIXUEMeJu7HTw0fcMAWMGzgY=","xbLKDKEpDjtWS59zZwQiyvWIHFp8YA8AkK6SXrT72RI=","8WOJBaS0xV9MX34NiqOcjmzH2V57Zf5lccOAEbI7Yug=","clu8pu/KJX2PhQpJtcRTUbiyV9orXO4Hm+w6091nNwE=","psegSUPgTwVfOx2a+l6XRnQZLZYewhCWK8UwBbfKIZM=","H4H9chE1GA6KQh+qHa9wPFELj30vg6euEkS481DZX34=","Z7bM1lH2V0j9RUIcf1NmZFhM2JdN18JlxXjXnN/WbyQ=","/fUGvL6Sw77dGbGdIdWuAuLJG7tqIAI6TvW3WEYiVBE=","lxb5TBx8IPRclANNzr4+Z/HWSI4ndFGA88qwEahcHV4=","RwWSjGOzHVNHmo6Xq84iPrDd7XFiMwLE2++asNi0FTo=","R2Pe/fNm6OTc9yDRhyCNBnHW0s9QuGMIgEzmnmtkZFI=","A9wSh6zJtpJKMHxyIEzPF3LjP2y13/UQssGkoYy5HFI=","pAN3NOxsED2iwHbKOoINSlp7GEHw3bM8dmcjXyf3cEg=","dpyR3gHmbNsGl34iLHtHNSHF6N2pUPcdEpcUhewObJQ=","ZUEJj+xqYh36LymYPZ9WCkFePKEOjR/C+5H90L77bvU=","3DXXXGGrRwgafScQfCHh4quHkoDGS4VqOgMT1sI6HUY=","LB/DCC+H9q/3d6DOTfpowVoHRd+VQYamRyBvlig82uM=","/WIHEfdQHUI93AWnzYBMmeGOV/ecxBZTpRGZ7lOQWYQ=","QNhK2+RWuWNmnUWiNd2gKI3CJnKG6Gti/CRLwrBxyS8=","UD3sz6E8ebk2VP19AKXJHj21K9ThmnypL5gg7WWmXVE=","gpRpZphPOc+Wo5Za9E6sfK+CCFWPbZNr6SE6JJCN+KU=","FG/I5wZtwnwLd7oq1TsNlrxi4QeDwlgZM8mNa8zA34g=","rpwu9grZAIRRGGJNifRuySlG4YQTzmjJ6ef+dZ0TnYs=","VTgxZgp+Stvj6IfMvnRoAEPAyUxxicjO7GChOg/4F5M=","MhfpPgF4j+Shf+H522LeJrsHW7s3pkb48RqFQXywJKU=","9XwyR5TcKTSkLNNjUdk3Q5hxVbUrK5HB9eTyHiFXlV0=","lkO3uxbD8vSRr6SZCGGkuGgU9/fLGLcoxiXp/wixVj8=","XzRpqPfPbj+i1O6hc19ZLcoNgOcnPswio8oztqZDogg=","sWPPEIgmV0ey84HVNJAiGnraryrPljleuqEy/L6wAMY=","QEvpa7kPszVGF0BzAhK0JlRJh1b3RlSlmleV5DoKBzM=","6/HjYdkLmutkJZPLfYzD2uQkEteMMYyDR+ShbtnHlUw=","S9tW+JmfQbMc+Ps0t0OSO23bpbSxC8KO7O7V9p2n4XY=","YYlqsSInABhsf6b+lYsOzGCMWHY81vBoQVkeA23YISY=","W6flnvx3lZOQCzyZP/+RRDtlhCWoo9spi+bLcvXyLSE=","nxXauqSZ9Z6yyGaGKXXCeiYGpXsA+Ld/YMKu/W6ul+4=","AeNpZt+rJtNCcD3Ni7945q1Y1m9UQ3jilrOOxJ73/Y4=","iCYtdSGszq1rt6sWKTTJbv8eYsFc5pT9ax4vvL76g6w=","Td+udyafaDCYvXCdhVzlps7EnlVD8NH2dIm7g/HaD4k=","FmCjJgWQyT7KkSciEd4yhZomkwW0NrJsM7pdgijHkeY=","H/pDMB4QvDXJv4vGij44WK9F3uXRiHc54kHL//0Q1L8=","exSWOTqjw2MghQSFuqVQaF6iz6zaj3WrEnejebAISrU=","RwDkGk+Mm4tazzBUnDjTtahZzuwOWdtYqfYnoE56B+E=","qk9hb13rM620ikTrHhJ/cYshN/9fUwTi78DoV2PUbjs=","RDTNtWVGhX6j0L5z7w1Ikvq00SyISCV4rGDshQNd6k4=","6s74x7qe6h6ejLMgKNfqWG7MmaDHQAtUnH+GRBP1FDU=","YoXd8UOHGdGiLSCtLSqyhgPo0ANvVZtRj0mpmBxZcHw=","VxBxkClLyuMEa5TW0bVm+Nzoro4WQIyCXTfazVja+Qg=","P2TBb4QqKAwKTc7DhUpyOs71I2KSCR5BVzHPyWmukwY=","fq4Bk3+hc8L4U4op6W9nZO5r4bHs1m3dVQRcmWj3k/s=","c5sdc/mFrzMGS07QCLw0ypUhgjaJPm8a4kP8j7aV8d8=","s5bb90eF5Cyx1jJvPxDSgMKSuzKBtA2DQvuNWJmOP8A=","GfOkhXq/dk2cDqZRiaWLan1yd9J80TcsJycxcUzyxK0=","WEXN39sjjlbqesRX8eqBVQBOjJkVgJBQnyBdQjqHfNg=","L17shjXKQ75yhzbLmwFyxoOtoWTiI8A9EPJMKdflD7o=","DuGz/LduC+X+tgI4Ovl5jkUoZQNJlbONiK2TJd1T+0M=","6qTZIzfKaDhtQHghm+JYOAO5aVXPqtK7PG6p6AQ5dn4=","EmlHFYxk0BQKTyoZoU5cn7Rw1ThOukwePd0AwxOK32o=","u0mPDmbF1cHfMapsJrxio557qMvNTegvEu5YdhYDe9Q=","tKfByoUmSkcCK5Wafj611sXzw7Y7487PskSyAB7G/uE=","21+Bgn/wwAQOeEzoUN+0b5/MDqMj8plHb2BBHpBjeAc=","WY+B9+bBcndwK+WzsdX2O4y+iDPCN5pMsVwPBiv11zQ=","8NZ9EREa1gLy/2g+NbXcRztYd3JfCZdSHjefplVfAkc=","FzWEJuVY6x5RNp14qcK/HaWmsDmYOyZcWwz4Ujsh2Jo=","kTYtqO25vUcymu5E9TKLnXidzlov0MoVgoXAxN89KzI=","DgFp6Xh8ypzxvklnarjWQ5iiv3arvaBXBgAqiOV4JP0=","EIPddPG20h6f7uZH9NN9QjPffQfD4ODmUSF1UGoGCMY=","IVJDKPac3nI7fV16MAKWzSQFA+HD/rJHisfVF7a2Mcc=","MVnF62K2BaMOSc8AaFR/MvqIvMdNEoJNiVqTFjd801I=","AysOmbqxKwaF52ca4h7XXZ0huNTEkcAaE5JksHjqDIg=","FbVjL4eK2yLyOene3YrOD6BguwP2SHWe4cFkJMcwb+Q=","TBO8knvIDp8YdGBcIzDcZpmAoau9reoC8zH/ze7FjQ4=","UxOb4tZdTTrisPOClDCuc4TtsCZ8+Tj/sBhiOv7amDM=","OD1ulwpNZdZ7iQLAgeowoSPJyJ1F70f+1pHqwd5MWm0=","PQEcGzIDxlTTyfP3EATzzwIOO47AGRdUaI+K/lUKxCk=","WAYonLxoAKavuTfagZB9Jl4BnH61p1xzDNHleemXg8Y=","8kLHOPhWZmz39xR/+FAi5hpGbj/zZ9OLvrXIzIkXBOA=","9A2lU/VAfSB3rXIQtjh1m2F5wrXflY3iHGRuBmJg+uw=","n/qGA073ZzfBk84IHTp9Mmn8rkvKd7y9JCPJLBEGeAw=","c11JczODVMMuvyPVMz0kzxh+6kQKVEBXwTnfiYUhaUQ=","pmk4kJrxUBtcz9Xm2Ee/yMizb/u80FDStidhY4vpScc=","WGGi3DgceNG3nNN8O2BjQjb5DwK2etGHqJyTXm//HxU=","47IGO50sWEW1Oys1IAbMqLNVqFgp0PoYH8NOivOqXfg=","P5vqa0jdBfPrWzFPm0XOq13zaz2h2cVtSx/qOOgTWYo=","fDHyeOr7qMuue+/doxvzNDlEDkkZuQfnaWGYzesbjYU=","Do4BEFn7HPLenO/wen/SZtHI5N3zc8xfteVcBf8uJGM=","W9D2Msu1RZjsD7uECZdIqqEMoUs0HL435FAp79kEL2o=","YjQvyikUJbeaxnUVH0OfaeY4dEIJNxWiYJRMSYLYTDU=","/fBwOHVGrDE02woQXizKGgqzbmn1VszLerkBBIJjts8=","KlLmlGynyxNoGybhyelh04fmhBN6JlgVFIvE3BiJs6s=","DiGRcsKIFFdqUygd5tIN89LzRR3eyMMy5p6HgoUwLTc=","RyEXSMBvnJmpy4CsSD6LDj9OtBIaBYcSiamIUSgz69Q=","o06e4A957lu3YDnK81YrchLqedWoK/cLOJEknGdvfKo=","zT2veD42BTvDh2Sf7ltcY8yjQ6jf0bAx1PoyEk9fldc=","nOB0afrzi5egH1TIJyaDQXZa3ahOKde8x6Gxd0mcrSo=","HEeL8UOkeMrYQxYruvv/Us97+jUfzZN2t44VZZLtl38=","KsPhMNtktzoIih3J8n/ApaaP/AOa7iYZECTEUj8UGgM=","pQxrBxvVu3oBJlMgnrUe4cFZMEo77rKV9eR4K1e6usI=","G3lMdq+Y6TkY7hU9TJzWt2PUdHgGdNgpE7A2LmomD/s=","n13e0MvpwD7DrIwkBLj1iSO3vkVzYJ5lkHVD8u4X688=","Eog1EG5i9LE6rvArOudwanrmVYGIP78ZZ3fZ87FdjEo=","mQxXHSS/38c/pgAFXrC7BzxxJAE5uGnQMY5qgnEIj1s=","5qOVcIbAKLyq825t6t+3KpNEzAxYL0FWbfM7m4WFZqw=","oAmJz2BvpD1ZHfG7rx3vjCZh4D2IqTM+YBQYHe3f6Q4=","qah6h2U+5V9dAzN/cYNKvmV9SpKbE8nDXhJaWX0wga8=","VulghkRHMyTr/KJ6vlW1Yhf+Z++B/mnARjJDbcXWAtk=","82lTlu4Q3YEuIHVVJ9EtjrnLLByhJrbLWBBSFQhTjSE=","iAo22wizzNR6IppEvCs37hp4yQxejX517lTVEbXudQ4=","41Lp87SpuJs6p87dNy90ws7dIDzVpWXugFidss6Hd/w=","3GzLzrGuVfFbRHRhP5QFr78F438qzK9F4ui9YuqWbNc=","QMUcbs3LttvI0ERgayf+SubUC9hSGrt2cxYC4X/Tp0A=","c2nLyJOJGYjvqdiP2vP5HBKOjI69k7rJKwmx4k8ZpEc=","Wr8syiPQnRhgyGUlx1MCOtErs5zLgFmltdi1NSMKzW4=","Nd9DVLWeNtCMp/fTHWQurlhNF90k5V4dM90rm2710DY=","F9SEw6JlbxZM0A/yDbUgFgVgdwcoB8zhn4v8vJ2NGlA=","gZTTy/FLcKIH/9Q+ahmajmAHcP8jN2IxQhJUSJ+RVs0=","nPPGUk34u/5XwlAEG8Ial2/Yft9V6waoSJsJ/kB/J1E=","iJ3JWdW5sZHJxbZf8OJgaHZhcJrM54wd5ljlFoi/X/A=","d28V91MGT10Wl2PKU0h4+C7wzyvVgNfwrX898eJOxeY=","Euc2VYXPm4VSbyZmeZHHCBmaSu9OwHXGOqBsbwneqbU=","SVEXiChLfvJyxvXlhG/6JLfbUtD0jyqLrco/0jgtxr4=","0wuGVLFPqKM4JZMn1fK1cwGiAzK+Q1Vi373CRjmtOws=","seaaT0thZWVq3SzCRqV3r5fz7eiqt0fvdNDn5IOkCPs=","K8eQViAq06TiDED9ZnmBozmhlnqLVIJEd+AUihaGLAs=","1V2u7pVuqCMTjAY11MboBwNs47wbAm5tUW2vRXRD+bQ=","1n6ARwhdWcKIrJOv9xInnaX2QF7OvLKYnMijxvkIMtA=","zPd4imdmED7dzxzhGr9HF6dS3EF3pB8/ownD3OoZNsk=","OUO1/2ytIrZlrFmnKQu0ncg9GZ7rzwntJytrtRnatnI=","pa2MlWxzG9fgoGysg96HRSzFbaOFoiUt0YG+sNrG7go=","/DbWKnuTbiTB2OnSJEVDLF4IK/PxywX2+Ns2yYS+0eA=","rOrpyZHoEXboQz84Vbrod8OM6oTmu8HEbRjb4SZhgp4=","/2V9rik8T6BT7jqrSjj38xUnlzeQpJ2mPcsvmCpqTbk=","963p9OpWoC9h2zm9DsFfYj9QUBB319qBmSEL3ti6V44=","gWUWffFGcFGPfLQG8QRe6GP+nRfUPbyupIQhpgTqPq8=","Qql/Yba3Nqz43q+CbkE0qPQUFrPOPXbm/1UcrY4nVKU=","Iy9uHex7skc+Y20jnvOO34dX3Caf4u6szynCGZIHxmc=","8UW7uxoPJR/Gm9Az6Ho3IO0KUvO8VwS65XurUNtdgu0=","e3EO5pYF+km0zKN09TORcN51wkfgHozRpMqKPmkpfiA=","IT8MOKZ9EbQbyHzSwIQx/pHlnBpAwaaz+wtBcH6X5RM=","Ibt5Rgb0gd3mSMUu6913lw7uipPWf16p1gfsYm1DcLU=","c2FiFgYpmktKzto8nJrrYwBrTudBQC6gMdF5gNGW6BU=","H8TwZjwKAVU16lLT0yfaNq4Xg2ojpOPss6syO09/x2g=","FkW40n7PUJ5R9hvfDMWq1pgCJ9hU5ZcgNn4RzNUl32g=","27zfw1I+TAwXNOHHmg6CZQKS7v7tnkULRmzBLO1XSsw=","GTNKNR6PB6dMZJwT9Rbkxo6ssdOwKcaVrejYePxwtaE=","r3GtpA0NvrI7u55CF6MdEmylUB7VlPKo/uvZ9h60qiE=","bzXhS4yV/vQx4lNfOev2Z1+iU27WQ7QIjcYU58DnngI=","kqe++hW21bamcyVhM6vWjUdkNIEppIG20sfDRsy/rK8=","b3u3BrL0SdBj8k9FIj6vy6jtSvKJAiwyQEspcxpYA88=","WNrcXYCVgpDSQ9WWJsEKp4hY5ezTy9KYfq696IN38U0=","QuMFJqv/8jtrmqWUPV/DxV+lCEDaj4wFDUT3EgJHzbI=","8iKpGvO8CBWP9mM/JnxkSYeJNK/dppJT7W6oC01wlUU=","JUmwX80oOJBEAdanOrAEFaQ7Ly7YlCqwEAkO6d2CYy0=","C+hT1LhQZpo9M2lkP9hjgscpBminKWAcVO3HZFHvdw0=","UUf5QTfmE7/+YGTD3lTGWkBWgWpDWV3aGcjz7OdXXkI=","Zd/hJHejNwqmRA6XQ/3OZ/uFKScp5Yc2HZJxDOICdgQ=","dt/PQEwW2kvrjL17ur4dQMmHjVcAEtlwqk+GFS14tsI=","MJhV/CJg4lzsRSzHQZxE71cPaMU3NHflHIK08tYjPUA=","GvU/cATAU8uoXgIWKYde3AjehBxW/d2V0SGcNa4rU8E=","ZezTx8D61bK5xIFI3M63lf0jtz5ZlRpAQKDUCdHSOQM=","WeWQ4VzEn9VXWWxEJIpKlTCRD4TD3W8l7pgAh1Tv3mg=","V4qc8qwxfa0b5x36tfBjzzRlg+Kcp0y8v9F3goQmU3k=","LcQdstRYeHvrpJlH0pJwHi0raAyYjJMEcnGNJqj1VGk=","JmLh4CIPW379mRvr1nFQtdqJOR2+ZpYf237NmKNZCuM=","DIB1PFaH85khhrGNOvNpO/4cMhAGSfoO1Zy80ozJxk0=","IT7wMyRIlH+aM/UfjIJ0Q1zUh3jnsBxVH9tgc7JUisQ=","3iCvq0cYHLMYS9xe81B02aNBdw73Zu3puqCrZjH9I2U=","ei0zULQHi7PH9uMZAusCWHEY95EfQoxeJdNmvbMoEnc=","3ZNcFOuskftXNK4gnfMSJNRSruZachEknBzM5RfoZYw=","Sg2n+qdsxpmqKVRYTraHTUDdOgXkNuKOZv5ri5JgwbA=","/40o0D+n7s5ASSDXXtGDOrwUIG9c3wOHndA+ExeD10A=","AjAHp6+oYWzPYdFKqScwsQP2L/eBMEvlt6l1mtmsH3Y=","mRBu8ru4F+L6kBVYC9uMFbvm37Gm08HR0t4Y6UiDuPc=","iEiUjBiNcLt3LKBZ+MRhOmikDkpZudSE7sFLs2WgBBA=","qRa3J6jCOkr0XxE1tKIigR5CvAMhaEeLYIorDPBJd+c=","3a77XtuG6hxi3tzNIL3nMNtO21BddAk1pfn2PLIx+Sk=","lkpiACAL6gsw9OM80QGuTQp+i7twMApS7ZsH03wA5tM=","7k+Lf7wcpb0+xGbo43hT+VBAL01Hn3vn+CgswPqGEkE=","A0aG1aZt3m3fiTHGCwNDbbFwaycCguN287SPzEqhkyM=","chtqXP48p99+geC+RfNuYvb8CdAuMAB958Uzmmv4XAc=","zENA5uL56x99+o705auKIXE0FTRIco13n6DlpNNzVro=","dYn4g1b3roNF/vCj9fMG2E6N4lyGb8WkcT3zuLZiAbQ=","yCM7ZbA4tFilMkKf8V5KQ/XUMjmwa1OuXp7a7mG8H0I=","FnODnNQy07UhZwFyewQCLpGS5tZqdXHhgfNmKKLcX0I=","dX20LkKsvjpoVezOf4O6tskr4uZoPoNQD+kyW+RQFcg=","orpRneWGcxUePS911IdzzkiG57z12SAWwOI67TSXZ9A=","XrwJxeJS0z3MRp9PuiBBAq+QFDs3PJIfTwAuGO/3Hik=","Ic1sBjhGlsPSqMZwjwxVE1gq+UAv6D95Mby7J2PRBEY=","zEDw0XE47SX+UwEdtoCWLfsEG30OVaUIPaAj2Tn9KdU=","ADRIdjuFiakRcnGv19eZIPSunOvpmsJHvxr/Fe4zXWA=","nUciPska4/70vgLnTBl18etnrLxXIkODWPK5iirwsyM=","T1zg3sVB/40uzVpSZurVRQGN0Scn+z041i1eNl/Y504=","QdbZgnT3WSFTzczSegRHCfltHCz32LsUOeRid6eK5C8=","ZJprRGdjwGXPARPZAU919bA8mQ6bmHHdjg2H4sTs6K4=","ncZxCt+82DEq9ncHD7oyH5aA18unnn3jSJu0+GIY71s=","m2ekAIT6ACRI03NsqrEoHVand3zInoehm6CxMLTn+64=","qd/XFvVfLaNKjKnU+aUZTB2y4R991xrPb2dxwUtA/sM=","0hSfR2ADFp7eTCarSdHBaw0e1BzBkzYeOMG1XZPWSnI=","rW2cA9qeOiAryLlFy4vWfBzy8EwWRiro8uHePIhswd4=","QVxBHFoWEQq5Bbwh3LI6oRbUExK+b+9M6fHU+o5vvqo=","SZofpYDbLaGjpQSbdBfll1mdMxKiZkIz8rInpvr5T4M=","TTA6Jc1FF1wnzgKvSGd+NVInvQJuiHK12w08ZTNmmEA=","Rswclu5jd/L5BQ3dUm4HuR7fTkmQviE1U+kgAiKJHvc=","i4mzitXPyaIi6TEk7lqV2xfoZMzivf5NWFyAMybig5s=","QCGeS1VID7OahGW8qakkQWLWOR995Z9o+WHxi5OKA+M=","wrbchACJXISAL481W6GdldTYljAiZhdN9jC6+6vayIk=","lCYFSix6VV4lQasRLNkC197punE3Jc/Z6KdBeG1xCc4=","VBTk7P3iGWu6lTuMoU2KPAoNr/FyNknHUE8mAkhhyo0=","CdIhIRaFLqUrvaTW4BNzdZflml43BeVqx0oFtiPV3Vo=","3VuhYOJeT5uu/N81q951GctbA4otB6ViHYViMEC7Dck=","SDKSXEpd4S9VCzsbgDiBfym1wop/RPtNPOn9CFFJ6+U=","SVmylyJIOWH21e0X1XeDlHiVsx5fJ4KCWimzuMkBYd8=","DrZVL9B0lZ4MoLx5vZWTBFyvf5nlPjlSiFfK28F8d+U=","BAVjTwcSL1TNzrsG3W7aBXPaVrx/he9Ag12W1GDggY4=","dboNf0/axAvz7SAv/AT/sspvaZM3q+LH+JJ5wEr/Dzc=","/ua8B+J2A8HErsNv7OPTeD94TJXKqtsilFC+HyYVdP8=","Dni7i0nYrvvseqchB+60qsu+HuRaQVifvXdQzj8gDj8=","zGKqKBjDsXXx4sSWx+EdQvr/sxHU992f07oEUO152Ok=","2h/DptKVdpFc2Sohvaxrlyvi0o5LXpl5Z2/1qRdrHjU=","dTgOfU4DEzt5UqgwA0t9Iq1TvJ0OAGsfF0oaMu3/CgU=","RfBksdhdWdaOUnxGuDueuuQW/5d9y1VQlWjmUw3JoRQ=","U3UHVZ9IRPZF/25z2Wv9wY1H97CHKd2SXaImwKz/eTU=","I111+Xa3pw8RJgdeVYy8wYJZzsEZg1Uv8VIV53SONvw=","m9yrYfxYii7n3zGQyI+O1LJuHZNFmSbfphfU0MTWy0o=","mmwoICGBN+Qc26ktQcAVUCzHc4XQToPy0jkgXpqumu8=","ZqyMkIhAedo8BixzJSDODqzycQBVDjGHoKIaPMELBbY=","2qwCySIhrLUEeB2EeL4hcpYktq6euBDUDl0RO7DeyoA=","vKqIWVeurbjm9lVhHh0IvFZi2P75PK7kePrA+NSUxPg=","ssQUOXdJffx6pLs8xsK5NqMzSJCkSRNDxX+iPyGN9qU=","My/VIwjBntkDl4clQw+NOI0LJ6DO753I/EQL2bzFi+s=","PXftIH+i/qVvWz0ow1sGcOWCOygiZ5UX9gvVGbAPAQo=","nz3bXiRZdBittyM26Ffn97YI2N/gf4WN/gxk7yZ4Dro=","tO3bjD05qH8K4LoXMFMrZ0uH56hJnQV0a1exz8loavQ=","E1FwHghDwuaprRvEZbZePg/H6yEo6d2R9QstN0v5Eak=","DP88T4l2PgMOJXuRCycNwyb2j7uoN1XF1MG3ZhmDHmc=","EtZn64npxP3XZXUb6Jvv76SXahAcVA/gfNhoPC/5c58=","f+qUczFdXIIo2q9w9B/GaCHPRgWDQx8q88RIq5eoQP0=","kUuu7f/HxmIsQ7A9RHjKId+OmYZyubJ/6N9IeTw8+SE=","6KUH8NIbbsPhsjZi28AJfcecGm07YHCGMJsWoK4vrYA=","hkyQC4tiNvojCr0miZ51R2cF88JCYxZ0OUWn9goC0C4=","BwFokMepll74+ZK7S30FRcUa8HoG3DnTN+WoZnRRBso=","3KFdDQzwZjh8oeXjunha/QzG9fxn1sxm6naN7zQbpss=","T2t2BlyIXUmp8juTkH0Et5HEd6IFlM24rPNq4LhOoLM=","8C643DZUhJWfthAL8zNN9EBSQdo4n+v0n+/bdN6/Z1A=","QEaXZCjUkYsmRRCmzlTOAYIv/UZAkA8RzJB6gzYt5Fo=","WcdCjnWDJLM/eomxFbi+DxFoEniYBxQ4PNTMI1sxES0=","2eUBWcO/nNWkaHpLEdI5augFyfGkESwU4eA1coBAa90=","LJNh40gwl8tPi7v66VSsNOrn5szQZ/7HLGd5i0shS7o=","gWRriDYTmDkOrMU9fbHbzbu/Zss8KMcq8R1XdV0cJbI=","84T8d9TMKVtBrm7Xhidyto5UjNyix2Um0PA6CddZgfE=","7t5ByBkmJGEXvm/LzvIJ9ExeUdN0Zuyqk/UMWt0OLXQ=","H7cENoL9dcaQtwWICTsHFSmN0KdseKhQ3bHkK4Y5F7A=","YrAYbFn3H0BaQ8tltTIDTbSC6JkyyZfVkAFaXmuT6Lg=","YatbizDcLfVnL83zQ0ojrDnCa7qzO/Seb+6ZR7YG9Ss=","E8pD6WcHVuqfq3CkGG63gjPpOCNjkfNnXVhoLGyLygY=","3GR8SqvEbf/90sSlxS0oGrf74jTiPdKn2I4yNvh27BU=","QMylOvbNJJByZ+vJt13OcdKA6sJlGOtXNXMD1S2apYs=","io1naNWRgv2JQpCME8v2DbQWuQ1+Dh553CzFJRCX8Vk=","3FyEuejszxnS3FZTcgV2L6mpiHYAtuBvJXfLKHNE9yA=","flJuBhye7gtNBJKf6889CGun9jShGE9bXh9sgoXg/uc=","inhybI1ZiMQ3qjpM6Zlx2WYpn90aHKEtj8nMgu55AQY=","zxu0zAsj/6/HCb8wfVOg9bzty+pNfx0wIRVUtnG3oW4=","ssxn+BbMM0D6JUjhOErga6misF3Ww0ka7/mV9uxORNg=","KwNKGPD6unhPPEFFZCQD8HL0DWCn8DeqoAgWgGhJKjM=","ZKcp2n0vHeap3lDvWxlcbR3qkjj42Tz43qCIO3NZXB8=","dC3aXQYHDpRZmGVuAW36cgQgc96TRad+PYe3HJ0ttWE=","aaShebTKXA73gZL01rz2tK/cTGq+lkNWJzflgYWkMqs=","qqnAJR3heGA30AqM5Jbb9Du12Bt0VOOS84mCZfPDGG4=","a6d5k4nwd9PUIziQNwYw1r5814pMGAHGBTxfFS4BosY=","QR4P1BVBkHjpTpQTN3UGelQPOQIhW6pDKnSoJzlf3XA=","Mv0VmnduTzD5GhE/qHyoDFVMh7Pf+3j9fpuaI1eQQ3o=","koOENw32GLMw6JAka4ia6S2Rq7pjLor/uGFO0/piBXY=","ppb8avXn+rB7TCKPveOE4sg+Vmky5EECGzG6nXwbcRI=","eNnM9JIm5pCs24md+Ga77PDkfoZGRdv52sv8vgA8VlA=","gbq0YN4DJBl7/yFv6v93rYwPWkG/yZMOrDXYhqGSLqI=","pav0wXVkw2JcN8MY16dgA47WC2faHSJ3ncuK6Fpfdg0=","VpbS0rqLhQJRY1tPXFKFkMe3rc/lLJw+L9GrUESuQ4s=","EIjKKyIIsBSBYgeaddqrf2FH3Z7UzC4Yb/99d8aPSzM=","2G9nt4CMm+XL9/67lYqSsBmhDd8bpx6hhkiGWDtjJw4=","+aRayrviX0AUpM8PHVGGpUZOoB4rEL3ZsCvvZS8FWeI=","8Td2PjZrhuDKWdkHJJ4+n4KAsAAKduKDXbioJcWF52Y=","sc0kEiROdZ0pl6yCk/VwBmDkar91zx1wq7xr5mvGAHg=","3jHIXMiv7fxlLP/taCKG3WmpMMtSLjBmcxe+mewVUVg=","YcR8rRd8AT+ihWuqFtSeApC36NqN8CFPMD/9up1gNPI=","8LleFYS2JUHLbQz/9JVFgmfS8jpdoWdZ9+BioC+jrvU=","qNsYNzNGbSjBN0gNOxRsM4rmBBuUfR2xg3Mil6OlGxg=","kISGfQr1ptN4nCFLSlWc2wMEUZsKMdnoCzSpRsObmD0=","9NMUG/m5T99kkDNxDB76+eER03PVyJbJkDnDYJwQqps=","nS4kNBY4J8k7qFidgAHlXJ7mgQ0Zwyhc726kyyRwb9c=","WOAwojbVGqpyLdD4K5AQxssS7dNvyoRRB8dt9zIFEWw=","s1BrZBlYdk7hKwm1z7LsDNz7E6ASkX3fodOJVrZC2Os=","ZMpBjDEa0H/JcDkdUpH+exMCBTUyFdA7NYcqWk5PKtU=","gOJi7aRzVUphkRqNuLhuUkmy9U0Flc7ccNZuaT++IF0=","FvvioN6eoYOgjArFzbrTHw7MR7PEakim2gLzYrBH6NU=","bw5pY5GFk9e1JdSpEp3KjBoxosAow/oJfeqKAOqBuik=","jyuoVwHlAsBojBc5M4WP/1+I5J5bGG1Por3H0s9YrsY=","7RiJ8+wgcX5nK/oKvEgUbLk878zxOgC0DEF9RKRK3UY=","KiW8LQNtvgs7TXnBu504fMuwieDjOJNHdsCbI3ctEk0=","REdRZmwnEqptgw/CE/V5e8A8j4kx3C3uAR6Vh0T+xoc="],"block_size":4096,"path":"devpanel.bundle.js"},{"block_hashes":["5dniVR9ZKb/wmsGVkYkOykThQd4xReCNtZMYvzV4AR0="],"block_size":4096,"path":"devpanel.html"},{"block_hashes":["TprZ3Qnock42uxYW9H0ym5rx66ypPSzhiVuk09QVN3U="],"block_size":4096,"path":"devtools.bundle.js"},{"block_hashes":["7IyBKAakMawzhxC7PmcRs5o4bVs/bvsL2+ApAJ/U9Q4="],"block_size":4096,"path":"devtools.html"},{"block_hashes":["2Ic2jxiqRIPVomeobR/10moJBIuxyTwKydN05DgBQ0I="],"block_size":4096,"path":"img/loading.svg"},{"block_hashes":["stgNuTzV6nOavcmQpM08U6xLIA04naH+PQe9zpxWvfQ=","BQ/wi+k+nTWbnts+W0jIBjUg7hv2ZEf2nWO+kT/e27Y="],"block_size":4096,"path":"img/logo/38x38.png"},{"block_hashes":["oQHGPBbCmACyRQm5Hs5CUoLbDcmFibSSHs9zDt/ce6I="],"block_size":4096,"path":"img/logo/error.png"},{"block_hashes":["Z4dzuRsGEGfOQ820Hq3Fz1jDHayLbOlay9gAOnEFK9w=","3eCx2AMveOXQd4DbWm0i0YEmMWr9gbh5r/bdrVCBQKc=","iqHbGWYHZms7yPgAWz31hmZ1w2FJgaQGEgx+l9rR4/E=","hVqjtz1xAeFI0/rOd0KbkCcx+Svk13kNiab27WuiucE="],"block_size":4096,"path":"img/logo/scalable.png"},{"block_hashes":["XphXSiWEryw0Z4MeJuJ6zcrP9p+qWp/9OtOrhA88B6c=","m7RqPjmWt4awLa4UYj2OUsz7GJ8gbLoAwpFFaZr9qDs=","Bu5SVMfQEbSI8NsSolLXlTyPw8Z8FMKS44o/Z+iQm3o=","3+gfTr3dP7Pd3MsH7JE1DuZNV3fyVzWBk/CzKcfVRXw=","o5QjSe0nunDdPNKdD9KfwQxl+qSaCTqn9SXNoDCW06Y=","YGnjf6qN1tVh8jIbOGTeyckkE0IMCpZp9cIMn2xEpts=","/2nhGUDl7y+MqhhdIyLuHyqvlokMdbpXTGuZkx54kbo=","gqlDKZzdLki3eTCfh0SVl3wJFowsww0rBi07b2JCDs8=","F/E0CftrprDvFtupnJzPrw5vBZsQBV9dWWlF+Tee6EI=","EIPQ1TyFyYEdJvI54bIqGEfp2eXr5YcEwlPlROqWK5Y=","PxArfAzddAz3mABM2uVqSlmlaQ3HpUUfFz/S5XTDY6U=","dZIVsizhvjVvcuzfb7uOAPn+VtqRjDS2KyKxapeX90Q=","BhvLMVF+dDzmQguvem/fp9GSXzpugCsC2KuAU2Kyj+E=","rpQcDDlGpT4g1aZFYKWUyrE0LlaEWf78D8K+fCZruvE=","yY9NHDv01MYc+JcRQi5qRaCSq9MZHg4qKM+xosUVfw4=","KmYTcnsIGNU/22qtiGLtZqi2Xw+SO3hIGbH6iQvR/hQ=","q9kZ3Qp3JV9wEpeqHGA0bTUJMgdEjMoEawoys9co78k=","sFd64xJVKxNT6uXaCyHZLUxZ830l5ljJNgymHJpVx/U=","gKyZCj2VxntCtX+kJpfRMD5igDlx6bXBjG6tJQTg+EI=","uYy2FqCaYdABmFcQx8vTzNgp4P/tu76iWBDC4r7oXNU=","sKdU+u4o0mjLTwZXAaDfml0XwJh+w8gVldENLUw/twE=","0tr1pe0OMtlw2NUEOx3OSnm+s3nPWbeNs9Znfj+cCUw=","vyqf6ofsIuclC2rg4cYxdsj7iPqYpwvdgWcy0u3KLz0=","gkaOv6nB12lpO160RUHZs4OLAlQevCOnRkJAYmddr5U=","6oc+fsTM6W8/PhZjF23DFW/HaciapehpBpipqt1tTBY=","4EZgB5JAj7fCiXjzsqclogASpo0NwGUtY25dp2UnyXE=","cwNeWgDnlAH9SC9lU7Z6AVGg9Zb+5TC1Ng/+D9AObEI=","WCMhGe70lau0R4sDdzNLfqGvEJk96v6z+iQVdrfGYiI=","udBF4VZBlZopPjx9DAvAlCIzzvYFya7vrqxM+/DgxZg=","UMj1v4/Of/VOWEMA0CK7NwM+yDLLq7YvOXRK9Slhkmk=","/ne3nTucy6ExUQ5+J/mUwMxLRCyUrTRl0uLr0LOCJ28=","E1FGT0uidyHSONqrM3hKhcT6C6a+KIbxsmXEK8FZyEE=","6UH/XHK+fKuvKPU3JZcdVvf11e2NFZEBzlaO/7SL1B4=","nfCn0YcxgmlzzrlbBGns9pU79Y89w7ygt0iPFxJgO3Q=","x78pceIApGQL+PMyGQrNDxBzbxVLtGO+yaiXPaJtfPA=","PxLkCXGqx0gkdKKgPHeEmm2Ml83ZqLGOGCHqa7ABdWA=","BVRJorMybwnxW1jsR1Bd5l7PBwSdOZT9aYpKoPhrYoI=","QVebZ/dVwNHxf0GJ5rsLOE0lMS4CUIR+RO7EZgTsxZk=","lZfHDXfGbcpVMawrbBiku1q7bzfhAO++7dSoHPJXdPg=","pRC41dAXpbUHkjtP/59ETho5LLYPTBgU8FswXAvXJ08=","uyJ38j4VoKLt3RhWxsyrfjIUF2AInJy/IYoeNMMXsls=","YnALZjUMMbdJ2MKa1LUFqhvQZfEDRVFIDKvGJizI+A0=","V4YJ2sDWR7TYwmfJQDH1UXAolOHo7vyVD0W7elLaRWg="],"block_size":4096,"path":"options.bundle.js"},{"block_hashes":["7rzum5B1m4DO9vWMH3rNT7qXeQmhg6lpHmWOCmplivw="],"block_size":4096,"path":"options.html"},{"block_hashes":["C9mOLNhfwvRss2iz/QGjkdUBrxfMc3WOxI0PWn88nGk=","RjjHJXN9hDbIHEllijoLx2jzxGMgneLLL4AsXOdT4/I=","TuVffQ0dYqrDo0HznBfnTR/tOLoYfhALqjtcX690bxQ=","1gqCWMygxVX4vnlQABufiODY53gKR4beZo935w/2lyM=","h/lY6F4MVLZ9Mqnxiq5SP9E4kUE0tFNJE4XTW7jOWpE=","ur+4K5nh+eN27yoFmY6VF6Z239yp/o+slZDilSBVASw=","eoz1ArLzT2+NBUbHOSxi0e6HD7E/MsHtA+mo8ByqV30=","+KG7eZ5ocdKciHCEPnQWoesdcz3JFmY84Lkfr0Unl0s=","4puShRKLGE+ZxzbbPquVyKMm0RWignU6O+47VWy7Lhk=","9uSbi1CUoTiME5bTbKj9cuI4ZC/TQFIlSZ77SIWh8dE=","4w10tieW6jz1JSH/uV4UVoyKsaQaelgOrVDp5d6mvwc=","uQJ3kEfg5D8cVXx7P5mKIPuPyLqTiHHIhKFRQ91RIb0=","emkiGujWlAvYM4/hvSQ81XwQM+7TuIWTd8pdoqWw36k=","stQEGHC+Zk1V/HT8zMo+JE3EM6yQOCzHBIv00dLI544=","GcKE54CdxTc21sGrrax/byHsD2TnxoKzKoBUu+w6cOI=","uQdSgraxqZQfLaXQIKFxu2EMD6IAUktD3s0ytDAm3vk="],"block_size":4096,"path":"page.bundle.js"},{"block_hashes":["IVyLlxGiA3sSbVbNtW+rZ2jzNlYMPse/C1ho5HMTK8M=","e1eXz+FYWZtp5oIkVJuQrus8xCKrg4HkKJfbfR6JYBQ=","Iw2mixH53gkFYJP2mhBOvF9ltOl30exNa3d7CnOo8NA=","92IOEVBbyZ6aQVDvMwCcCsIvysTrOU0dlz29sFxHxVw=","bVt/ztq2wYbR/Y0WTGRhEY56YbQBfwzAWP2Oct6syrI=","mNpzdlC8peg+Jn3qjOEt8R0J99o7tXZzekAYpwMB2H4=","TjFhlTmjMfAx3OhX+imwD0HV8bd4+J9co6xdUeP9PSI=","yRJsIDxPP6ay6dgNO4/yhSGI4eY7pwytyRXuOLKxGpA=","LMS3v9vUPpJsqoNKVOIZJLf39gnxDwsmpJbrNRBCLfc=","0lxcWSbNWsQvOLgox0o5g365DvyrqPfSnYsSacgoQkw=","WDYfuMVGHQ2BPM4kUsxs1cMkHdtbTiZX44ko0FbZMpQ=","jXFEu1vsWi7LXlZln74yFkWE9vKzbRdKo2PdiHByznw=","WkJVTPjBoczRzgKGYPtxkWizAXiEmd/sRzTsEC/myls=","Qim4rmrb7fP31cRKMdEYxWj9Ba2CQSZTqPeDRu5QqC8=","/ZRGO1QFaR9YPdX5NZA8pRT2CFcyCTkPVXWtiix8i/Q=","pJg15C7k7XKSRZouOSzc7eXNaZmkQD7qoKpW68wSkuc="],"block_size":4096,"path":"pagewrap.bundle.js"},{"block_hashes":["LG/Rova3ltjJOCJl8Qpk1INtoN3i9KA9eF08wjQNxjs=","8CyZBTZfyCfFYNrexGU7QvRbZ7HeKBQ3vumltuciTPI="],"block_size":4096,"path":"remote.bundle.css"},{"block_hashes":["vF7Ym3OoVGOq6aUIvRQVsaDAzrcG3S01X+LDRQGVpjQ=","8YW3kXtBULe6gj28CNoDf2432JkjS4b4qPB7DkqKNjk=","DiCzviVXjamzgrcJ62c0yGJOfK6St9yPmLSlzQLrh8s=","SQm5GhSv3g5SY9Fh0qKPFQkRH0b/x0oDVYpEEbwDWm8=","KhI9Sic65FYPu4/J4r643g2E16TDjMpS9iWA3v10WCA=","tUNWLX3PEPp0X1tiNvA9ykw9qnNOI0/llsiAVDxYEN4=","ANBpiFKU+co7SgEoWcyECXJXYPJdlKOuDzXMS8xxxmU=","JI6aejfezA+BgqU8mCgFmRhy7nIwP8UJBcPPXHfJ8AA=","1f9tRYpKhGlWklQ99ZkZ7VyvH8HorGIcwIVvq4/5+Lk=","LKIfX+oLC0TWg7le0kiJ52b35qfp07ZFAjHizR+NFZI=","ka9KToDW141kI+SqnDRXmbdB06jHvBEbkD81uVyBH9s=","6HnQIOcgNbvVJmJ9TqZT7tN7DjatI4+JtJJLYqPOMhY=","y4LXJ9eFKLCijGlYebO3PVRDCnczGqJgnBGGycqfaak=","T41ggdMkaZ4oRBhJwFpXaxgaZ+TBkrBzvHBdikyN46o=","fSMsK6OLlchmPKp5JCms/jRpEXrds6jb1R3xVymMM/c=","OeqqnR9/e4juN74mjd1n230tMDOtdib9FCWE9a0FdKs=","jSuhc+TdDwCc55wGcU789N/HeMsy7pV47kupH42VI0g=","RdysmqnJfsFnQgTxMOJLyxw20wrq4IZmpBCBwTjCuVo=","kfAiocDGiBygKKOG2kVITOt0guqzRvnR1TFLfHDf9G8=","bvDzOHXruDeAKRtYZFy9CJrKn2aJ45KHJyD5v2CoVSE=","g/YQ0YXEhuXNm1nVDS7iBcGHkqauV1I4r2I3Jsn5Y+o=","0a1IQ2CQCVb8gtx8XS6xjDoxaQzzJRWDyC2fogBZNOM=","YuqW5Vf7VVS41k9mXgHfqSBRcA/CwsDZ50WT+GGWINg=","igcTrijma+fQBV/jMQA8oxDOlgDkg6AxoaO+8n0csgE=","0La++AS8SGH8A2I2077WBTHQL+f0Jg4ciQAkkXH7dQY=","zF7seSHjrAmipcfohzR4ZKXILrGSMclAlqQmxAzVfC8=","2bZ0OcR34ysgDY458+3pVLVHi//cRN3vJ5/XGmz+5b0=","VIDtuJsWERRgXh3OIg7reIAy4A3HHjdoe0d3uYxMcWw=","lCOyAiQ8C/u0MZdVsrfVs4ghbxgxyAQqbG13UGQh8aU=","+AaTSlrTr7SbWrjRvPwF1a8btHEclxYw9PyqjTW87PE=","YoVUbLnvq/vxCnqAz5vlhGgwzNWa8fCE6BgA8cJNzkM=","ECjwt6tlZ7IVZSPuuLKvt3UlVonLtew8eEQWYPaW9LU=","ZLDlgckiVdIGtj9sqYHxEzS0noBDkQWlEN4YPOoiC3w=","54t0lIJ0a9g7jrxZBFZVIdz5bSvrpg95zuYtmJjF+CU=","4X8QYXSLlqkX6i4oDYz8TBMMVQQaKUD8pmGQMFqny0w=","BnVSuUu/qjr08OqHTxBLmcaGCvZkWcUPECWxzkaiFKo=","lTNjf+0TmEl+WSd6oqS/dgMxiKjRUnQoy+sgcdCBP5g=","CqvFtpVosbaIohu9jWOKbXz0tX4UNrSOEhAxtXle+WQ=","HLsx6OVHBzOnJTEBBN7C40YX838STmgKHO8g++7HRRw=","UUTtgLbw6HpkMzgUhG4eNglcEFrLMsRngHbMy8GgEEs=","WXH9Q0OyWywIAcbKB8ZZyaKXQnCF+XOHW49TWE78al8=","Gl4zutHojldEySLojOXT25bN0IqnfTGhjhpeoMpIpEI=","tLyGn6cp09Yjl3yN2ToOhPfauZf3oN98IlJaFx6VeRQ=","QUFhGTef8s0TWARdcAyrAoSzx/WvH7c29gDV+v4Vy0w=","nczD2cM/3UtIP6mJwsN91XLulxWo5YpqhrheUfn9TJ8=","rXViHfPy0cy6JuA5rs0xZ6Df5a8B4DuTFQ0wrjsj5KE=","Ts5LucP/5NS/fnmFukNAl4zrL/9Srt//jKy1SIWegiA=","WSwxftIjPm6w7ES/zP4/tlDcUzYkT9IikObb3MCwoq0=","mJ7DQE6cKZB+YmQoGl4uUBA45+3ZPwSX2N0uUaRx3ac=","DQU/bFG/FNP1XLPZPWt/TWeHXcalH7k1BPtf7axah0U=","S3Bu3ouoDoCa607yHzt1hqCrrpP0OJ90KWnLjaxi18g=","qpo0KL06esBmXxq+GxxPg2Hnbw5WxQ0qaCqKs/o6/so=","lHoi1/uH5t2w4oxFRnUC84RXHj+m3h9f/zXk/2TVUEs=","JR3U5y+m96OT1bMVxarqZ5RYeAsemPsOYdqqhW1fS34=","jeX0Sok3nJnZ6eOdLPyyQxU/VjnHwD8fgGgAUiWYdks=","mrkvzOWkZTHAqTeUqvxfmOS2XSEiOHmRgsXeVmCRm2M=","gliiksLBCa7vYWSJyFk8OcCCXF+QbrF41ChwXOaYagQ=","eF0+BBETcizTmZD4NXZxA9wza6tvooe3l0YaFiFPAZQ=","vsccKVnWntPNvFRTWWnp3tcLqcgWFyLnYfxJu5YNz8M=","M0lZbvZ6dzfntv/RCnkA56yNo2qswA/8lPfe0w//v7U=","nq3TiXGd8mxuDLd4Dqqz5SDQt4kbAf0q4lh6y9V0OtU=","f3LHjPn97JUojF2Vy1tyUM/kNeuiGfRjcGaYN+jPe5I=","xbKk/DB/yJYJAmxDzrLcdP+VeUVnOIUtZQcjKA3qOxU=","Y0+uWAnokS3UNxqKPnIskmVf0iuO2gBjJSfgr9Z6JZU=","MqpQlmKV9RvfL8BjKX1DrMrPrhKE7TQrnED3Dc5NN18=","aHEuegcidO27FyYWUz+yaj6cmk1JruURPV30tJJgDyc=","FC71d2/Dine+yn4NDj0RWP+CLo67MlnAvgcX9zZkXiM=","doE5uv0yJfHHlzJlVyQjPphl54mOCpS2evQz1CNt28c=","neGMun2ucXM+FSSHbhuFWz/IBPesf6Sq25DdCpx5jUg=","Nwnigdg4mDghPK+SQ6OWMHDZuCnPoBG8ha4FnGaq1eI=","wWN5pCDisyvwXsV8dAFlocjgOeWBWpUFY/u5Dq7bZZA=","HndZmVrMRzaadurvPZByDK+AFKeVVnrEZfDvEG+2cGo=","JiT4eJou+ujdmJXooCjQnCdBGrtuR0VAx4tOMbLqB8o=","hgLplXFSaBsVglf7M3ov/lJ330aQ3Yz8iDkdY6kJbuw=","84YXsiPN7uSr340DUPCfYkUT1DK/rVeZ9Jx+w+n9Wfk=","dYUZnAcTyusdu1DCxZm+2aOYgrm8NEifHyt+T3S9YJ8=","EIwmsYals5Umd4H2fLQE8f2JClXwHDVZYEIqK48i+AM=","gtvMSPIhNZkgc61YLIMIVg+sMleNtQ1FsXpjy8jw0pE=","NPxjFj6nxCJUKpNWuyyR7vf+pc5yTCzM4VZkBm1rWhA=","3MJarx7dMaMR6Ri7/4e1+NnEyvTwMdE6dzxdXm8gXNU=","ttP/VVEr0HJ1hiQ66k7J5Jcpw2xoG8Qs7SVxbJd5HqY=","ekL6p3wwXAWNv7LaZXC+OsoyJzIMTeIMfxrFqPEB6XM=","sGIL3GVfOZPyBm/wy9vKqWEFjadVTbkZma1Ww7LIY9M=","ZAyZT/6i7fT1IALYhxs2YzMv9SniSuyaBH8ijzkpjNA=","2BCVsbaAYAhGWKGkDLwtJjo6R8wgeTHAsr17w12cit8=","j1RNXo6/89+gkgWL5TPqclmPO0mXejHRCv8gmmpxHaY=","v/7gwRdTgDHFixTzS22eys4n7zLl6n2fB7dcLPqdbZk=","JeVwBRRQbu1ana/9qUj9V9HtXB7CBeYZsm8eBrs2fZg=","nm4BKQ0AIE4AD9ayfBXo+JN057uZp1JawcKkNcW82zU=","pDKI6SRN+rlz4nziijYWNcbF0TbP3JDr1S0DKNW2yJA=","6rtr/izzEcO+7KWKSoFWsOGXr982kHcJ2csyv8YSpG8=","ERQ/EDM0DGvU/fU5lM95vocxfUMEEKTVIPT216myIwg=","XUNbqVSkryLEX0LZdYFHQ3y6nN2AtO/IX1PE6xZBvhs=","PLHmgiolaIkw9JynSpKI3J2eI8IvRtotSJRVGGgRGnI=","y6iWZM/MVq2dySk6XiRM7b0rKEGwMiK6BVwCnrFEJhw=","JPZ1yv4HBxDvnfvWHp8VZnJbc/sO5Fw32qIrflAQFx8=","qQQtbeoBwS+/CHFknM7NAXzDYUj2lsGGmWnTlV702k4=","7jv5rn6JvyhQ3LXva/a6Rs9Eu0FtwhBNHPNStIITf1c=","Rg78i1n+t9qC4ndU2/Mf/mK1FrZ9uRYVf5ux3dUNnuA=","QualXCa4Qf/ZYVqeq+4UuDaH1fvbFJDVJ2DotXnj+Fg=","puM1U4DheMzXVfWkyptXgJybBibMHpoXPXQxbphbEnU=","F2zUy0jem69uu8LMqC1G74qT/D2ZdKdp2kxijMC6HS0=","UB8oAxLJJhWFRTzKH0/11VIrMJgQyAMAgYRitBqVSgQ=","Sm1fx/NofBpjHH6y4JtJkHESyWt7M+Fs7yD7A21AG5k=","nBstuL8RNmBpZEnZdRv92ulnN6i0yvwLFQJ0lCJmDr4=","iiw8VL3WY/hWnI3OgG1vFhkOxTwLS99aLC2NToLnp94=","sygnv6reJOdPCey3Dnsh6BFBsR6EJKcRvcgEnevOMt4=","3vyqiV3JPTjC47wwgMDlop08Ffdp4GM6IQ3BARxLWgM=","L0EBuqcsSQlEt6ZpHR1h6FwUYcITH8V026PNqMbbNc0=","BNAyKATEGZZ3clLkppbtUoVlAMKwvRAu+c9rRz5NjgU=","Lm7P+myJiffpTaOY73zlwr6/EE4F+q7/fQbTFcJxul4=","1n3A8oVw220RK/QpUW8RjGD/V62gpLQmxAAwkVLp16Q=","weCJdskij8d9J5i53jAUl3u1UkqO1frF3V7IrQxCXS0=","p+QLzQP8ZXs+fuhxD3/5l3GXsLR9N8j2CzoWc1FFvd0=","2ongf68C6YQv8Ppf1fjnbNEkp7fzX4fxK0faXLl/eTs=","tGrA3vIKnSnlRVVEmejcRcKVKr4Bn0r4Ya/P86ip/cQ=","qFmIs51fEXyD/MekJWLvV+QB339nXyePhJ6DGgSx1/k=","k/b+m3CiIXIWbg78qEP1IyxiWDUq82EJfwcPH4y3h80=","brEvqbw1YPQv5aVSJ0Lq5sW1uNJg7dy/7f6VyVQnzJ8=","hQQ++PC1DK9S6PvCmdEnLBkHPdAoYY3Z7i2gBBVVX1s=","kqxol9PbI+sY6505tTz4HMYXFVMFDeYez1xgDQR+jt8=","4AjW9U/UP6FocrjZP8TSFZbB8EI6Hukn9LFw2bQPXdA=","TPhh14v0YPLORHIIy3Fd2jk5gw7iUlqi9PpREj6048o=","j9ZJnUYk85qER+aAJFjqAGA8iSAwGg2QSdEStTMQiiA=","dkQaOaHFQnjSp6wXe9yG9GEPkFjFe16rrTZJTxMSIrs=","8MO59kvsWRZGrxAObL/1LzAtGWBWcszAcFRfTNbg+fY=","+ZxtOQy4k3L6mzED9yihzN0dnCcsrFnObbKg4SgepHk=","6bpq41hjDcWVn6JNDt5WlHnB0B3U6ymJzTO1n7QqrJY=","S9Z3YuzuUPINZI46lAey4x2o1hwSc+e6eeHOXhYQH3Q=","svdRN+/E+AiNMotvjb/nGC2nDrw9SmgnykS0A0SN1DI=","hQxiuczS5D/qAoovFOUDVq9DwGCGQK3CimPsY29D/0Q=","LWzVZdNNE8lcHupPkhSbvmfwmrcZT3gU3Aon0fheVWo=","g8W59WWJuYfbGCj9ssLVyY4ATDNYDWLB8rptRuMgcVc=","bc1Yd+geJUmY7DMe7Fm0nwhkvePzH6YEkHJqwdpuSRQ=","RFxMAF/AUvOmT72gbVS2UzTeA1AmwdQDxv2jJeV42BI=","gy9gvFwE5MtwHd4l6mBgvikht0cAG+/pR1FZ2+wY0s4=","WuvU3tssFS+FYdYKkBTMBPb+SsaDKO0qCjvo/WOhKC0=","8CyBa0pz5sdLK7YyzehshQ25tfValzHaH/FSubC4XLg=","UH5usyi9cH+oSuBb9LoSuCYTXUFffqd0zP/S1H3tJv4=","rswu2pfkYQ9BckC/XivQDZBr5uBSyciuNvmR9r922aI=","XFPbM7iiH7rgk8gWV5vaRhSMPFYxf4QHllwLcl5qeMg=","qWG2QFaU3YYubufqJ8jtivE/muGzm6+Y47idUULbilw=","yDNhUP2skEu5EbYhOk5+vNEkWblilF5EBZ1L/YT/akk=","RtEyibjsIQQ37y8MdDcaIEFASRRWl1jmq/k3PHAUe3I=","NrJ2x50DmNKKcQWFoA46FRXEYXkGIeIqtbl5E7ovYF0=","nrN+nsPzCk11BZYv5KwzNTXkHVCdlEHpfBNVmXcaroA=","75Zem+aqgmr744qqf7DfaoMEvF2b0y2/ZOb+sfG7H5Y=","JeL3tv1p8z0wFxeFjg+nc4Jm7pv79T8tnisNkhB69R8=","dOvmCK3Tt9Yzu/voGFn6UHVRW25oZUkAV1z27VgjuVk=","89aM+Ea+qeDablRrwPuRMEi0Q6Et81IUP7dJlg9rfaI=","BJ2E2FyOFJE02o/MqVvnRJN0ybokRVMVXA3kI0s9ejA=","bO9LQpemjHrvnOrbsjqskVAn70uIP71RcpVvz1f34Y4=","RfuqMjT21tSXTRuh1uHwpWO5HQOt3mudI5YhuSs74uY=","SkyPtFqRRW/D8HHQgVOvED1RQ7HmU4y8FkLEM+Yrz+s=","eEt+kJ3C5sKD/ETlI1hEg/qG7Mi3UvPAJrHFBgD4png=","ExYscCIQF/Rx2NvMNhDzaWQwGcDhCRxV9W/1yVDjucs=","g5pi00NTpscIpuJ4wKdhRm/wM+qOjp70dtD1HeyfHO0=","2O66LozUD4dpjt1eI86ma3owoKCVYuxZ2FQKPWKvcRw=","f1x1p5Xxd4n2Dfnw+Qt7nXTG2You/0UmEMSn6/pW3w8=","tf5S2LD2wkZwyZkd2ZJY/cWa3X3CtI5eVgmEClRy+js=","BZABxj9hO6HYsypdh2r3T2usPTZz4UPS8RMYsiEWefM=","W24JIAh3NaPnxtSQBzJI73SzjKOdbis4Um9Wgkn0vAw=","tuW6tmCCfoFIzlI5h+uUhCXbE2shWo0IqwUgEs6tLUY=","7LqUwJvQuDrWLRGcael81OBETuerNoAWw95EraIASeM=","wy6/Eqp9dtJQWK7gEPUZffgWtRZeow24oSYMeiD6tAc=","w1FFmjTxrR0cG2cc0+gyF9/+mO1mpJlY0w1RG3FhGXY=","Ke+1uShy459cdzxO86VbKPA5j+nNxlIcBg/nLdu7GDw=","S4jGdMYpaeT+8ZYP8E+VG2Ifiyme09TzqdOsROQXElI=","g5kJCUIX6vqO0ypU+6lCXRr04Lz64dIl1NkYY/QB07U=","BogNcc+xBHw0DRXDVXUVhrB5nuMyG8G64pA1wobaKG8=","t4IIOxuYBjUmPLtIReZPq7SZp75ZnJgW8K43PAwIm2E=","H+i3mr4jKJyXvmzY4HUlL8yxhLwanP0625lQnhuD2WE=","cKQUR3iXDz9rPwGicFpBq5CnCbJd41aCURMD+YmpVjI=","Foq9sMRHGT0mabvBCQitivdbW5f+MGvcn8pabwzoGTo=","5e3UiN2SG0GFAXk3IKsNu28lPnbYByuRePfr39hhams=","o86AVNpRKKvW/4UMPp1iALF2evazbXgpV+RyspK0aQ4=","EPMyA9keaijE8NmToOVJfOwYWLT1t2aZpyNB1Pzmw2A=","a8adjCKjQQey/bMbK8Y9IKkyvlQzhH77XY75NhlCWbU=","iWUHEirrr1m+Wm6FfusFgtXpsjk7+xONQxVoDB8oQJE=","hHV6f3yr+RIU/Q3CMiKqGk4pF4yDvFP1tBts3+F6giE=","dY8n50qpd79Y70JfoqIigN/UxEaOC9NXjh1TGeDU+ZA=","+ux3qZ3IPxEJYhSgebLJpT1FTK+8iOq6VsAeQI/WYqY=","a1kgs7y1AMK0l+cyBPHecHYjPVG+ctGve1vNV/dDwvc=","0LsP49Tb6elFnifOlWsU3EnMF1I1Tsh3s+61Ut3j+Ww=","3e5+cSR/mUppHQBqq9Y8lNhTOq3AJMYFrrT5JDeHYz8=","0mrvPxOSJOSKOk4ZIytvQUMFztPRhiIJBPh9h3uahFk=","EhEUxAUlEdtJfLbXS7YSUAg/oBDDJjzi34IMSK670MY=","hHBUrvHvwcGwQD++VRAldMuIyRdVFe6rzkCtSJIu6M0=","hzVKZzWyFJdAu8tSIqp/LoQCCjH8NsQi5DSFkjTyeKM=","fWAUkppoW982GPVusVLpo6xsQkMpDVG42EYQUw+uR9w=","bvHM3JR6Rz6uIb0+86GXSiXQ26h2au9BVFu16YnE86c=","/jjTPoaDPMdwuZR28ZJGczf0IKkNDvX+aXFQbPiOqfw=","d1D7RQUiqzSAlYFNNvKu7NDAVd3BPvuPDfITxXBjuz0=","Vvl10UZQ8QvV/hDfFBsTh1XX/kj5ybD/JqlEtdxz4zY=","YtCMiBUzJ/wVcddMbVQbGRRS7NY4PZ8mOkiqTnTMGjc=","P4y32obyebHlsVt3SAeJlualwy3lopGt8icfbMlAP38=","5aclYtxvgBtbVaH2dW957Ip8FbloRnDrCqSVLbBpCJk=","64GzTMPy6HIvgB1AfdjyW/KNoDwMRX7qtWZNHulYqbQ=","7sAzIwHYThMb5RY5DGENteu7AsjitVMoe/fZqWJZVTI=","RtXRaalZ+o5gh5tNCu34XOXnNx8Rzxtdd9Vf4vxh+2s=","KQSMAfSPNbOT+1THqTulHKWKSc7EsFX3pHFWXTtVDZc=","5NkGToBBH2p9IQZURYPECJFlKQ0nGYWOM/2PaXtzC/s=","iK+wiVEdvaoe18r2mDhELi7rAeGoaeBZGYSGOFelkO0=","Huoabv2uClN0IXaOIPc7SMxq3hJS7jpYdqAyZAgx1lg=","x5iLjGcIcERN7RZ0hVQn7PJwZzbMDppFtWAMH9mzFUk=","WwtezoN+mgxMPX6dz50N+FxS+D481aAkgzZyPm/sBHA=","zahA8Fnpb/W4kTqJIT/Y9AyBNZpOuqUTOdzu0g7Fw+E=","+rKiA8rUlCHnL7siGWE0h0vw27WWqR2/bH8gNzWnTUc=","Urf86prwTJ3wnSR4QVPBGscqZ/ez7GGx5orhGxtko8I=","Npdhh481IDnKuk7edHloNLk8ufGdsEmkdkYW1EGWuiE=","JQTEt6zgHTWTvsL/tdL0MTQkMI1jnnIWAAUxcHFRq8g=","Tv6iWbSUokjGyuJus5fbO+fJVyxiGev8ZkvFaW+ydVw=","qdDTsh1e17Sx+3A663ysF5gofM+o3iwN4XvqB30fXDE=","LmK8jJ/5mEazW1ZrG49VbCccAQaEeh/Z1Ea5uBvzoMk=","7fAtjxBiS8ve9qasXqGuDM9UZoLsBveyS9UIDuR8EAs=","4WUik8a57BxTkWrGhxH7mZNKr9jl6xP8DAZSoiBRM5Y=","De+OH+Cb06mjJ6r5ItaX529vDfpobPjp8Q61/J0H9wE=","3kkxtlxpGf0mjeck5qJZIsYFGFh6p35KEuCIOCt+7kI=","D55++yOCkib0t2ng/+tu+ZOIb3NQECw0tOg2qTInOtw=","yCyAa/PLKW6UDzXhoDtHRaWzdjGX22DR7Y1LHeX5Jc8=","EYNEuuMGwvJSLymRCqN3fuN1R4bJ+2UV8g6d5ceBM+Q=","Br6fCTBnZ2Bic93L7GNKMeeLi4ZEIsk1n3HjOmmaqVE=","0H9eP/8UcOUfFCSSakN7gN5KtPSJzOqiCPydPItGunU=","239MpXzB/jWMipMyAe5m4JpsUsDJINXfCQCor7bRHSc=","2QiPUWwH3+R/pC+F8xxrPcCakAw8ptxHR2P9K3bTp/I=","POyPbOQ4vKBl0oVRYgzOUTm3Cr8ReyM6jdyV5+EZuFk=","S8oSS8HpFfGs3AJcrbqDJ6BmI9NJuvr3B8ZFnOkPnLA=","D6vNJij6XMsWirUeqX5ep8Ovxtt3+RinxqOoIRT/UYU=","f6O6bmXNGDJqL+JvlqVqqjnQXlAt9EUePS9s8ORHFGc=","LeAbEbhPNmI2CUpZbEcnr1ew26mTWcVLOFUrs2vqjHk=","5unxCFDeUz6IEj0lE5O73PRkxsymm7mjd7B/qgmSp8I=","he9cAlzmcmR1bUjb/j5PQrJ0JqWkkrXHw8ihN/lJXZ8=","cpTIthsPWnTgLZVz+Mf5QTIa3AUUhbn3dbxdJlBg8TM=","x+JdVirCDWw7F6JI45SeM7zI+/nMIiMhmoc5uwxdGtY=","xw+G3qSppWEGGFVv0rEc8OVNBhXVeouBlWSNe47gCdc=","yw1Az06qzrGZ6BvDICoDC5uwTK2hLqwfbeQHqcBVVWE=","qLJoFRvFUFb96ML8Waow87EuSeTmtJ1sTdHeZGIOiOQ=","zNXDwGDHESphDni2xDmUCk50fSon0rsSK3ht6y7+BaY=","h4fz3ThLxH8Z7sPjqkF4IScMpNAH4dcZKoFGMHoGzfo=","pbBnOBi7AT3Pxhk+yDao03qScx16skwB0RJ5DfKaWoc=","hTWuf99eW+F+KBURAzYLQn5Ipr8gIKOahNcYEzACBXk=","/HXG9x4bdykDAr+84AH9bfzHd9mfUUhFHOvrQveBms4=","9p1aIqZ68ZCDC54h1luOD6OyhCpmaTn4Hyzb7iUiVgM=","JaAnJf08zebNT9sSQJ8dzlp5t2fRIne8HAYMxXe82ik=","lllZywTFbQVY0QDruqP7zodKiNbRgt+UxhEaGZ13Dx4=","WDBOEFFW4rEBEi8rSUY+PWnMJ8T1cAdS9Ptf0iWiNi0=","0IamADDHXLtb+RQkcrnxVCNSz1Zci0M2Jf27cX5SHfI=","CCDkh8NUfu4L0F0p9Sh2kFgQa2DKnzPjdacE6eg2/+w=","XDwJmX1iCSsbrcBDzFSXH7nVoYy+3z0wgWkq5YkBKgE=","omkvuvZSfI88suMXAnAiJmSUDBlX1tvDFwe8Q0rBOmg=","RQ7bKtgBfdCTMZQiHybSBp7x8Q9RZY/30d82ES9XqJk=","c0tF5GL12dRVJ+3V/QoVNoWq3+/DIj7B6ONExoYynvI=","xE2D2xtdReyF7YEYeaDhwEnwdt3Mzl6zMGdUMIpvubs=","O+EXeVcjvEVQFSY12sOJBjYrN4swiDe3VHY0PfyT+WY=","1lLWKqq6N4jTO1rGghDhzBueWSPIMxEiGMp4I27gUAY=","nrSeWp6xKrnR1XZckLxuyMxNFAzHdAM/rMG3JYMgJ4w=","5jbybofRzuREdxRuZbywOLXu2YHKJXjT0K2zEv6JIRQ=","rdlXxaPpNzKimGb/qfganGPcLSwz19oQPLd9kxpeQcM=","A/3s9P29VjwRMQvs8gsSBeA4MAepjUK2SDL6YPn0pNA=","EAe6aCL8cxO0Pyv0GkqMAEIy0fQ4jkp6tJtUHjUs630=","wiy2rHRoaM5B0zCPjmM2Xj5rTJH0HztkldpqO+J7uqw=","pXB95m9Rl4Ikaz8DI6t6ZxScPAc5cTjlcWhzcwZJlSY=","8LZBNMzsErJEcWi3JQ1Hi4ljRleCxpp+7l3KFjx4KAU=","UYshHpqrk4vZ6OjiBr3oY+/WSDTXTH+tWX3ObEXdcnI=","633PaI7qk9F9AblqNhhWBJpL9QZqhdG22rWGpc8cC4Y=","YV0m0/nCWJN5E6+swCVJT9UKsfy03VLKpUnabVVwQyI=","J6b4gotNJY683OVVevd4FGVDqvIRbvVZTPXLkDdNsRE=","DJpMkYzjuWFGkvruzeowkprTBt3xJZaGeXOT5DhdJz0=","LtsKEHvaJsTYPBrXb7JV+pf+yGzUyq9kgCtP0IOOHyc=","zvqMZos2HnvfRMDV9yElaPU4rCAlQ+vHC2+jDUdvL0U=","SIcGg55wA5VQYu5QckSTX7aaRcurO2klkwAxyNDjf/U=","zNj+H7kyC32rURCkVCIHyn/V69iB8VLG+7sE2HIJxpw=","xW0MldTtp82fxzVsW9d39A31DXgThuA/7TqqiHGsuaU=","dr1HvsO0jmp9i7YDN0lsXwggmxcQ1wbV57rIyg1I0TI=","qqkjpcsMPUn/cZuN+eAyrRrCW02FqQgXvkJT9fHrxkE=","3gQGUDovgfFlEKSvAW1j6OpZqAAnw7PcCX/i4i8cCy4=","ePajKO1iUAOnI+5yhG3uJ3q+41+pTx0669/hYRKSwNc=","3MIYYtzSrMiAItxWzCJ48RNtVYve6uMYFpDnLL1cytM=","g46eXxrcHnrI8yx/oiO8bfGJiuTxqxKlQaQDFhy/fnM=","RGOiefth6W5xjmWN6cOjoRWViq9ea7rQ3CCZmwwNNSI=","MgpwD9WXX6KOrCS/3lRxVYqhHc8iEu6HDCYHn+Hq9sM=","1NROgV3OOGojx8WrDuSB+cK1OxArQRKq6A4rVGZ8rvQ=","W8uhfMLFAxGYowbZ9+znjs09GtOMLY2FBrqJ9DLbTec=","mWxpGGI4RQYb0QUFGcW4bxpSKSzthlaIUZA8Scy/hP8=","NbM+BDkOgZe6HyzAOdfeAC0AbpYoAdQVhOrQuv2++84=","eExmZIUGNi8m5bYSJwUzEnC5941/F0ZkUQXOmQfXlEk=","gAoMO8rs0/LKGn6yGarbDuBxLBocA3DMntmdMuLlYqY=","6NO4edByslqxJOSyso6olmWVxBmTyuve1FX2ZGY/RXs=","fjqoFmxDa+/COFRX/J9Ky9znvhP4gN0kOgPPfBKnssY=","I4QypLtJ4oOQGKkIydqacuIOTjrv8GrqqPGepuWCT0c=","GIisMeVD4WdUEIKXEMoaO+oCDSOwX+z0+KiNs9WXce0=","qxn4x+wfwN2WARNf6ZdG4+g2FgKcQjtgoV0oeNj8dV4=","jDm5X2ovOQLgok1Clkv80jU1mQ8MGBZCP1JXXY1pEvw=","NkUb9KDxUCFRbslgdO5qVO0yAEzjInFLFiNGBiR11O0=","7Q2N+VfBpQYNLimYgF13bQmXfs5NZ3rBfzblP+Gg0PA=","ruYCqqqg8bEFdclRdGkn6kPIrW/uHTJKwITg57WY264=","UleIYg1VIs8DImrzUvreYi1K2Ha92qU6zARAgB6oR68=","CcukNShc3VSKWDi4ljRSIoh0LdSQc0fkBdteFsGT5xE=","fhsb+JQZ+VJqoBDjYsINneqZFF+hIoeAYXNi/KhUos4=","pITSTgkHY6Cre+T2lK8IX3eif2s8mg69fTjPkjTJzVk=","C8ZzTJ+BbtpRpHQg2ZsrtSWylyMrPx7MkF830Xt+nV4=","KlN3IA5+F2cpTEshstNMtAnbHvZ/H23klyOxIGlh8m8=","smju7DczTYQOr6cIs2TvrQIqym8/P6P7/Hkw08RF00U=","kD8fbRMEacWOOKuYom19MnL2Iyg4cCeT5YT2BJrrCJc=","58chCF35kuFwI1XvZGd8sRJeS38aAt1XhiwZI7CF9AQ=","ycW09Yvp/BQl41W+txH4oz1DGuq5kjNF506fxDCJ7S0=","Cek7ZFZyKqcwDTpIoWziVuRvieF2X8pq8JNTlEJo2eU=","vtfBieG/pYk0G5D7CGN6Egx/tlZjDN8g62qDwGdZ1EQ=","TBJE/EDkI+Eym5KxpVKgtdMUNLa/OSRWfOl1ft/xwDg=","E+8afkVZx340ocwM3JW6THPiR6Vnz12DUgGJBUlD6FU=","Dy62qgvIJ5VuzOhF8uEOMRIh8kRtA979NnFz1oPQAaE=","HW0gQRiKlGj8r3uMCK2m5VNjalMZGNUzkn8asaRXLUY=","6utPJTgZmSoQb5H8d/wKJuCMb33UJeodf53iUTUDgZ0=","2mdC8/tu1HYFyUV4egrBaiCp0QOgIrsL/hij15B1+e4=","G7jEE6HLbzFFF3W3RFbUQdUhXLcz8vEuxuB58D0j5FU=","Y2xS3Nn3G72frkb0Ae1zuOMzOgOPEGPGZYtoDCmOWIc=","EkCCIWrTeHzULlHMLULX2Hz3RC67y42fGAxInK65Sgo=","LiVFQDot+n8xaGfcobvcsXbQjcPmXxo3KzkesIdGSQU=","q3UDFnk5kjZzutdHH7URG+ZNTMzS0VkHS6rMfKEDXFk=","ReNxXoOMioB7JhHCKRFyxi2ko+H4qkQ5XjrhVSB84f8=","+xasYJbFq+Tpw9drSBAa2JbRj9LtJtjNMERuS/DalCo=","eGwdl5KWvde1GJJCKUbE+tGyd2P9Aj55WNg4wJh3E+A=","mIs6iX3ZM8tFs0rsx92lrNtmjeMLaYAt1bnJaTE7wi4=","YRGxm5T7Lty+5v2MvdnqgpXsO7Gy9SxhCbY1DWYL6Rg=","2IPuceQE+RcCE9YEnfAj5zI1KRqAEoIfDWUu6DH0tWM=","fzxUF7FsyGx03KiK+Esln4gUz0f4NyRpyFHFV+LhTj8=","2skY8NDKD44i4+oW9Bme2yoX9ShCr1msBznlKSXSpkc=","MS/XRcSpnqCEu4DuuuCmdOuD2GgtGgYDqsj0tBH/7NE=","Pr6fpYM05oBeEevyFf0lgG4ov1bmXkMr/r6YYu7j4sU=","6Plnp1cov89p4ddjH2Lqce02fWRBmSFTMKQtpNTzi8w=","WuDttHa680KOrYifF7DQNum/n0oXorks5Y1aoL41lpY=","IqfaCiDRfIlSr1qoGYpCfN7NrcYHTOp6x4WOeQ+4fOk=","Kq9ue7SlQBWTiN5C/opF5cZoIXf5LcXZcgHF/zuuBI4=","Ze98pBW/o5LxToLrafFAGKb8XL4SIjpjNp+VH8UodLQ=","vBiOsHz7HzzGMlS2mwfk+Q8HwXlSvQOOfheHWFzADCY=","ksJWSC84NisFOS7wESBpdR7ttKQ1UrfTLbg6/KmSlDg=","NiiWqfO5Mdr65HrGyHz2DGw5fi+BliLrBox1PYoytjE=","wFG6j7mmG+zLN3XAqClGwtPHC1pFpLgeDmOdASm1tFg=","9oRdiWCAftF6dqXBZtluWXTVlMWjzTWzsv2RcfN0IQk=","fh9jmkS9uhngSIJkn/4neHVQYNBt01uMqo8w4ozbZvg=","ee0DrixuyN9D+9S036YuXz1m62saBpHD/j5PHNwvmW8=","CVF06aTaj3JcoHceqTx5mHNX5/9bKGWQ+V9OUDBOvmQ=","M1hpfLSmiN4d1byiUjYOVUqvzsQBR02h+4VachWpWls=","GQm9L/Lg7aY+Nd257daFFHyETezoGHYFDUdt7jyPUjg=","zQqBEiAD91Ao8llf6pXbmwRp31WdHi1gCDWMA54SMdQ=","51Rk5HzhLQ+jAv7lFTfEB8H7Ym3PgKB2MuwrBcHjRvA=","cyVPqG6Ldx9ac1+Ior8ElwscWzizQ3aK94A73r8GeL4=","hFoiGKkKPKkSQMqwzw/QNy+aDjFtfJwnBtiKjwZuIPc=","6mSQDGVXWc5umb1Qi/ToHS9RR9TvVmXD7Ehy+PDLYp4=","ctvR8Clo6srHNWY7jZU82bEXQ+34F1NJCBtwP96I9IY=","EeOCjiqBsiJXOKdiHuznXvA0PHnocmAF1ZmaGyhMD/E=","Os8dEOw8OrAw/wvQmCfdDIG5PDSj/+KfSfyr4VM+s/Q=","JIgz1JZ9a28VFvguCkOV+bAfoSCbY7eHvmPeNPQOKsk=","26ylQ7CagtWo6/ZykLAaPEAtB9EfxYWMxgT3p1pJjXc=","y473R+pqnOluhLHwmngVHONyJuDhGrI6a8gzQjxAWHs=","VtJpt9j0DqVWvoR2vQpJUtdnu5sQ96QZ/6SfROuiYZg=","hVStN/XlhwpZSEMyqMBCfisTjIVaEzLg9xwXT3wXTJU=","2UuLRNAjVXimyZ9waobjbB+V0rO/wY5d1HquU4FL3CE=","UDTDYT7WQqAoN6dot9NBuDF1uiEI+JyQ2vmowpPsTF0=","/IWzfevepFhHPEXY1u1/SUrDzAt4I2PFqyy66p/weJ4=","/d8GUfPXfovmoWnJUc08wJOrExmfZNCCp0j5LRtDwG0=","kv+3MPKhz9QFUL/IPPVFdTaIF/1x+nsiLzuZEH1Vzp4=","ffNQgCxBowzxrlwINmgSyeikCUGvx2iTq+p2XL+gA84=","iHvkTvR/gx1creEaGYnBYatO34KddK7liq6/dlE4nkU=","BHNK42T/Qkj3Oo5DKxm4xw5oAYgB1oodTgVgj/t7+Bc=","ZXLCIa1ei2Ly7wh7z+Xpayblwnxn8U0JrzrsdtXiVIY=","2vnrfxeAJq3C/HBzy7ZLpyUsn5VO9xFQ0LVyOx/RjTs=","H1J+v7dndMPea1eKDJL9wadG+xjFCbqjoJ5wFqQWIHI=","QKpZfy2DjEjbjxTjw80YUYbW/SmahI4kVDeuTZWEW8g=","i2Hbiyb6mcURvhr+OvASi2b6xQFEvXUvrSHXCs4wHGw=","4Xks5ltk5X8KIOJIO1c2lC7oGelWFYFiFpR05pWn9EQ=","fmQ9HOGBv6TPav3qyyabT43QgMl5ulBLifipzNCROzs=","8tg7NR96AHZ+91BwedPDDSZIkFe/h2WoV8NrZfho8mk=","F2UKFQoYirpa8YdluUIQMiFkWBOTsmXJCm+/ZzVJh60=","C9lCUxMJ8hxgq511Jj2U8UgfXywoCm7kEqheDW42izY=","7Qvo7IJteSTY+ymBEzI6Cou1qGmq9xmzlUy5/Sn9LN4=","fKbu662A5NkcFMCorSiEoaDf1mBei9Rxy7uzhQbJe10=","Yljh8YyYpxitgHiO5Zi41IpUYgIP9GN1suVkpON0Vts=","ziEq3LM/Dkg3RG3yS2OcmoFjPkMMgZ6q5dUpVWr+ROE=","tN2NbJQb8cFass0l1ZHzGfzXtoU9bughA1nbbYq8J3c=","xX5Ye2caOogYhThd5aZav3G/W0ZGldEoNrwXNFqwY58=","+jtioYr6U+NUKCRrtx5oWUlBPWjmF6iPyWYQCc6hDS4=","eRmL0DPZHFDyhpqAec1xPa/fQt8dHXMWwt/Fzl7Os2A=","NbqhMk9i+Gq9qngwwod6Tcyg35HV2NCZXD9sCdOz4Wc=","ZNJFSJpuio9IfEL2sG1mgSKUEHZRxjwJqnWZrOI8cgQ=","+2m4aVOJuFp1J5YbyjMQ5bK1qtYp9U8QEXwZN2k4VWA=","eYSmZMnEVmcRdHnpuyBLI3iIgMKaLC3GPNGDsysYc+I=","dI8i70gwI5ogg0CXmdpkt3fz6C6mwLJkIvQU/oMiH+A=","17oQrMJ48/5U1/lDxlvLRCg7ETFT4aOYIp93HXjkfEo=","POxbsz9zzcps/K/62LKX5ApZPjS9jTpFcfqZNR1tG9k=","ZG+WtyLDMPsx6lHcF1XfdEM+tPhabm73UG3SVS9/udI=","tXOKs33xswUYblQuFUjTEthmI2g/a9nWedpgaMJ2jL4=","C3T4bHbkQe4r4mEfnrmWD6AR6DsQqaxpPYQpIecodJg=","ELD4DUocEFFOECIa1SXETQDoVRGhlaRUwUMMg6rib4g=","URikfQ4vLKmOyrM1eI++9RJxYl1BqUCQ3vjxTXunzFE=","F0cKWjZ+KBck4vy6dvgHg2Az6oLAmI1WYn/0Le9dVJ4=","FRtQNCZPYfoCJuPl+AzZX3YYkZu3T7bIQKcZ6xMYdPY=","jISfn8FwUD732X8lFm43ZQMw6P0OkR9FRuReXBu5oEw=","G4kaMSwM0xNn6F+GidkEtWNhrF34wLyraL5sWB6jy4Y=","3uIq3EeHfO7hDwI7DSpRTJRCJdhgOAv4fkUztNyZbPQ=","qwpEyUluenQXrwDSApgrmtqCnI9vnBOSRZOZqAcDKfM=","Ck3nFIST+UPoKf3h3Sdm8SUh2A7Lg/DLdLPz6lrNoJY=","MviarmejpUQvRSqdtCMqnxG0Daf0AYMdiChbfxvoX9k=","9pVKm8am7RyYCOi0gO43Pwa7+wdfaH4WSQ1++sHx0g4=","OX31asEwaAIrv1+K4VdZjVgUy+lnfxRTORuB+Q1cfjI=","I4xk9wsB4pfOLveePwcDpvfQ0VIAkHZBPOgV5a8DNpg=","nbGv5zUqk0kjBxZiy3smXIhNSZn8N0momv7UG4bDMm4=","1N8C3iiETajesxrxZ5r1do8jfyKxUKKJcLWDmY/QMJ8=","OdL++8zgBvp0jFs2oC5+xu9qXBuQlyFGYIh2/ciSvBo=","DtJqVXOMmMjLZJEm5m4Zf7kKRcwMFW4iB+zW76Hb7Bc=","/xHPy6fAsQIxiW2fCEr0zAS7T93yLZeYsgKOc99VQLs=","osGRn/DybfbnG7akYEw/ExMFsYWGbdc7ekbHOGpi6WQ=","F4j6dgN508yG+VV/NArIZ4ffSrNopws/jibgLKEuK7M=","S6QdlcFrQiNOQaBwfX5ICDejch9jmjCHt2VcDvWVIR8=","JAzE/cwu/W2C4dQO3h6GdLOZzdXWbXN64Vcwa+wmhaE=","0aRTZ0flxHBh0NAtlm7ospDL3jVpg5KNNi2rUq/9ilQ=","PHyOuFrtkeHAZht4+zpJzPd/Rc9UkKhtmMnapXhaz2Y=","Gy+K5BVDub+oW6hj3DgxxIJTXOj3twboe+sMWHkylp0=","oEHWaZD+yxJPK2I9m1tMX2IUO9YDW68pdE5dn8KAtFw=","UTHpWlksCfdfXrx8UMLQBycMtbupxSwE9xgWL5/gTEs=","Gczs8SDUKY5F+QiXFMVQL9apAFh9S721vOusHp/aKh4=","BuVzPBPYm1dPLlTa2bmUjhskb2U0c5rizW9IRbEaJlQ=","IyhShOx5v0B6jOpNgZni56n4a8+a8npqDt0Mf9OmU/k="],"block_size":4096,"path":"remote.bundle.js"},{"block_hashes":["EmxEW+iirdC/QoCvUUmporqIVTHG7JP1OC7+jR9y8xU="],"block_size":4096,"path":"remote.html"},{"block_hashes":["PR89Ane6MISUR6LnDnZ4FcEy20YVBMaUkqaqFJkBZuU=","K6AH2bwJKy3/CdsKaC6WzLrX5HWytmnx5jI3Kzuqh3w=","Md0uSHJGpkZBBCsSmyJ8g4P1YBsYu8TddFhrsaFKa+g=","goAqpNtoT4pWoz02L0yzk3kvyInLQy6yM4lC2Wf/Guk="],"block_size":4096,"path":"roboto-mono-v4-latin-regular-45PG2VAM.woff2"},{"block_hashes":["Eo/kDQc1wqbGIDb9CQOZQnJO7BwOmkegxMZgNSQiG7I=","4Wuc22arhSR42965j/4xIxARAGfAYqQAecKM3R6pWqg=","6WM53kEXn2fK5e/MuSWikJW2I3rKyVBEpCIVdZAd9R0=","+9t5MFrJMbnQzR964I+gcSR8D0zLp6B+7csWNaClfGo="],"block_size":4096,"path":"roboto-v15-latin-regular-3XGOHEZN.woff2"},{"block_hashes":["m2IXpJvLLI5euMyfVSZLWf2SupOwK1ZatQFTTioWeNU=","OLIkQ2yS0faXIq3oww33cxp76YSsqHJEL593ymGr4mg=","w8Vc1dh6UhX7pa2iHEL5IdwxYg4h3me9skrzEvKHg+k=","WwU/p1ckIzLpFAutXN3G50AYR51omnI254SL2nSlOtI="],"block_size":4096,"path":"source-code-pro-v6-latin-regular-T5LNFASY.woff2"},{"block_hashes":["stnbepg8V5ls4DbNddNj8bbMD+jaG+nGUR+31kc6i18=","8Rd0KOCAjhG/1UKe6pd2gy4wgHdKcep4IZPvhS7YQYQ=","xq8Dgwttgovz5v8QgCrBx+VIbQJSRFwfOfyHThyhyPg=","37MAI3mAjIoT3WvdJAdaGi3knTme+DY1dfvFwnVU8lw="],"block_size":4096,"path":"source-sans-pro-v9-latin-600-S3ZWYGUG.woff2"},{"block_hashes":["MFYyTudZrlxr8bDHv76n/dkoVoOChHXfexXiJlBjJWk=","5xwgDt/g22UfBb3nQVEHFCIxy1wILvDBpFcEnetxNlY=","LGTSV5/YuKanPFqxGGyl8yfSYq9Pe/DFxi9zw6FNf8E=","e4i/PKFHAp8jHAfHM/8k7AApdzO6JzQIh1QcBYTz3Bc="],"block_size":4096,"path":"source-sans-pro-v9-latin-regular-BEFFICBH.woff2"},{"block_hashes":["LG/Rova3ltjJOCJl8Qpk1INtoN3i9KA9eF08wjQNxjs=","8CyZBTZfyCfFYNrexGU7QvRbZ7HeKBQ3vumltuciTPI="],"block_size":4096,"path":"window.bundle.css"},{"block_hashes":["usOSdDJOgD63Y5H3IMERC/9adtosxP5WFxl3pBA3G20=","TPgUiK/2zgs1nF1gyW/93PomFdfI5VTb2t+mupUiZPg=","hq05lnIMrAwF575LztEe+yAOmP0VNu0CywVjt2kjFBo=","fA6suxAY3TRxxjKjG8iIFxwYxizW6HrLg/eiWSwcoHI=","9XdLwf0o6n84BZ1j+SN5VLXXf2uCx5sf/JbATOHEKbY=","e8OYDyt2vZubL1fPYYmD6rPaAKpdrLVe0ZNFmOgZGyU=","g65bF9F05EteQQd9MVCvZUa6aKiRXVxt+9a0FgGlzKI=","v/ges7n9E7t1SZ3MFtUcjveK+MdBbDf6V9xzcjU1xkk=","HZqNrnWlEkw1VnmcGVKubs4rLZLP3G5s9FNUMP/Umqs=","iDnm69cvrScz7zoTWJzPNhU42tPKJjvutEDJlJsR/7g=","OzlOrghi1NKwLU0jGwwmlW9J7wuQ/t8UAwtySlTgJKY=","A5D6Ta0XjzoYcI8yEGAEcsRZxFpWxUIlLfA/64+A1Is=","Fo0k+ipJ55TforCO/Da03ttEU9zhQfEz9YbQye8ZCiw=","sgJDhLB3KMNAPdvdX4hniO/9QWF0KwtBf8jaNve8+8k=","zdLMVExC6yNvSsrQ+mwG1IT0xEAUPk9ch7zkovjztK0=","1IS6faYq4DrSXE8mfSChqQGkhYV+Ya+r3mA6k4tQ4OM=","WJmHCCq2iUQprzZqITFa1M1W9IVW5NJxqETm7Mem67w=","pWGRFtysJFIBCBY7Z7BvQgWWpz0iDvJWj631WaYOhR8=","w/ljt9+jqibdjnNDbZ4daNFYRZuv6pwmvgxbldfDvE0=","k6MHcYNdxgX96fAucQtH2qHrrH4Kmp9vMjilxjFzkOo=","gF4o5SAPHuFwwSUtVQEdUODznEUcqcQsK5Gi64XJ3jE=","AUC6UGj6+m4o4itpQDesbYqTbSgwbBTbILzFeOaxjho=","VD7V4qnUBM9SQD2bmDOg2hL/fGWcg/qlnGDwxm6zSqo=","49QQw635eDFPl46YSiVljZjvXplwz/zeEP44M8DyyoM=","O1cFiM7EYB4F8elfX1KksLgkqnQQPnRRtNDuuPJnzG4=","omAgygTjuMXEPb8dZH8yHjx5wr4VMwdFckG4dYN3zk4=","Z2skmCbo7sryGnL51p3ePGO6w/BWFAal/V+6wq0cers=","ed+n5hbIjwPKJ3+G+pubV+JBlTFw8rt6YKw0IZ3F/Kw=","DFwBJvTpQZKSGp1kWqLvJ89vC+h1WIOU7gPquBErf/E=","1DivnZnTn+QuRXZ9Uxf8dMMY9p+pD5cX3vUIbPRvaAY=","oBZzd8X/a2vpbLA3VpGCh5FoLy84YsjrfFak2rNiDUY=","jjdu90OGkaxtb0giQ5FkyE4whb3vgNyaJEYxOqS8Bzw=","XsDZ4qdvkBlZUzI9JYFeZLTvBj8/ChK0vagcZGq9WEE=","P7YkRun1ogoz4tTHZzBneq/WBAm7I8NtrRPHHtVMJLc=","RR83V1WfNxeEGdsjzbbc40Uygc38RwrekkpxXTQnwtM=","kPSpr3dJPylZF2isHmVdDxG9k8y1oVsuUrEmSV1bygU=","e+h6WKJ8kEnQyl64rRiQ801CIRLO0ja/nbG7+SQwiSc=","ohKF3M4yJAOJUfk0GFNQCjI8KKlanvxqMlKVYVLKvM8=","3AHrC9r+V4cvLHiglXLS68oE9bZFsLQW7+2l59tQE7A=","pUMgojp+g7fqhu3W00xlW1slS9Qtlgl2hYzsVZMUi6A=","KHQdNZ6Y8KVujynNNy7xW4vCRCX3juKI11gMK2+Q3QU=","dWM6aNJxC3nHbTtlqGWHhqVPYzh4dyz1qtkVenm0mXU=","Ul8uaeZdoprVltnYUV18gOLMkJatKOxsxTAgCZnKjHU=","AvjHtX0pYBBeyK2wllTrtUyYzPTqf7kV+iB7E+pVkV8=","uP9uOPH1Reh9559SaUnQgzUyjDJpaG0c3hITRHnncTI=","XoeCZUecDVlSvzDauHKA+UIdaebWcN4dQuAM2MfT8Rs=","nViRigPV2RtSUozhUmacLPy4gTnlYTCVRyz3wVf0h80=","MlXpSrfGdIUa+axLKbUQ5wtlWvMK9pktRJe4UwhgsTM=","5aJ5DtETpVRdX2piKQ8XaK3gJQLkajKD6bjwxI9upIk=","ioxVwLH6ZbvgFaOg+nPLA4rfimJ31Lt/tsAejHTLNDk=","R5sGZ51jA6Ebi5pdUN7KNSpA4TW2Zosu/2bx+n6l1xQ=","220Fb4uRBRkF8KretSSO24HMEaOP1dcaJkig9zgufyE=","NLmroXNn06ZNt15kis1L43OM4FsTpgOy7yvwFKlp+gI=","Fx3g2Ry2IWgrpd+Pb1fmgr9VdYzfyZrC7hpz95Y+bDw=","7ulopgxjqPudJjIoP0a7+ksLu2iHOnxW4a5TfoiBsZI=","4bebpdxJkCBOQgOkKvPahJzqbSbYL5iOmfkOxQ3QfgI=","psZ/Nz7LfqrqzqXJF6yvjMcpNwlNfC4BMI7MVehgk+Y=","YCziLibrvO4bsxgch1CJ1tb74NmZN+8JPhhPXSt59fE=","rsIKegg9WKi+4tylZzRNWGvtNoECRsow2rsovQszPvc=","n3efFv6ON/b/NUJbeByiX7uM9HOTQD6N7C6NBUuIiUY=","cXg01Ka0AQfSKoo+ABDptvge/mUzFJkB5sD6QdKAXLk=","tLulTZARUsWnoPNKZ0efAI99xI7r69XLTVk3EHrubmg=","+vdbqMtYbVQAMTCvMfJCgicwuvn9ydCUjzloDJxFp1U=","Qk93h8kz6ZKKNnbbnKoEALM7pSMFj7j7Sehhiup3Ja4=","KtisB85bmlHRHz+jmUMrGxjaI92BlsBue5bpiUQPeIM=","ZSo2NYtwqYhTPTOf5MQcc72N6UaVfBegYgafPY7jffE=","4b1lYyB6nUGmCdOBMK6l9ZFtLWqInBixZyD0IrjxktA=","jNy3uvP7B+k2azxCVVG6tCUfPvWdfe+m/0R1vIIZYME=","UUzHjsJQzXfqu2WXGegQiu2nfAmx9O9GFW+zGR/QycA=","pbpZZDCmt2td+Oaxti5mrV8Fv207voS3/8+FSS+Zppw=","C7Nc6dotod1NcHkD5+PhdQwJEvDvfD3DyR/i3BlPjRQ=","zcSC8hUuipoijUCWR/dFDvFQ5NYcVUYFNi/9HJXil3U=","vTOcvJUK2lzW8hqRA7rvaYkUSgqYf15G48cu3xfwtv8=","FvtBHQN2+TNrr3yLThOcJGQX44VyPHwG4ifpMfdnlHI=","VZmM2TUFEE1tbNNocSp33uvPThNXn6lcPsF3T16Mx7Y=","oYKzqM4BDRPPlnV8IG8quRsec2Zv5hxE40bITwsFVv4=","OFCaL03xqyXrTdUKye7e0GXbvDXoZ902sxt3Jb0o1j4=","2fl3a7pfXZ4kNSaBUowwWQJqyLNoU3pBD3OQ6aDIgi8=","A72wEORnHrtDulbPEtbKi4qlm9nUUirdW3KZv7sWy9E=","0aNYKnWx/ddv0dge+3o+ArMX5EuHMyhHXUS8yJnigwE=","RHOEfhrM5XErPwHWAFsV6IlfDO2CiaayakdRD6yjKqs=","WO8M0k5PnXHucQnCmrtXCSuAmA3TzuzbT7TgV1C2YNk=","gsOES6han7y/b17Bk4y0+Z6BttjKubLOVdjdwCEF3zk=","oRbXUjO/9nkcIMEIDjotBoFZOY3FaaHozaezptoJh/k=","cA4BZicP+VdcHk0byegtHX367hQcp+naoqerC+4TmBY=","dMwfsHB3Dm49eRzGohMrqCjWuDYQALI8Mg1t6rSt/R4=","pNn5BZUaiUgJrlFHYuzrvO1D4GOwJLKXaO5JrzTpFQc=","pN7qXiO+v9e04I2Temg0lxmdCmfLRVTjKFfvS3/A9N4=","yydtl5PJ1kPEznZOfwx93PIj+5afv+lzy4psQprndJE=","eAnwoF2P9YGu7vP43vuTYS7fwuTMYsukVmfBZhNsf9A=","c92ZGfu5kagZX/c9II3vyU1Ea6WiKEJqr+3ADGxGTJY=","DpkAuVvjbkxsq5begFolPbvb7aO/+VaouPZoT1BhDQM=","umzklEhvaf69dcwij12M9XphU2ZG4SCAD1oLtnh30Sk=","eB/ku+b8GZgmTH39nVbjR2plAA6mvd08HEmBXap2+7g=","fPudDCw0d21tLaVTJ0vbDCHS/HRa33hyGFsE1d/H5sA=","lBkMIjSKshaFpnOh02CnjuBmvDJAWy3i3Lr0o3Vihfc=","2MOhRGM7Zfp3eS7lU05f4AtPoWf9OneZU4qOE0E/xQw=","lzTjJI14i0JEjE71HshDptO6nuIFX5gsmTC/6xVe8nY=","VamB419vgJEN3yH56rGUZTmM5dq8Ui5VCW47RXD6IdA=","AZq5I1VEbALjn8FmB+gwpvSPN16jHe4YVkl+z0sxRmw=","7E6zP5ko74aM0siQBVAj6neu2VxtnQ7Boc4amNDiv9Q=","BxeGQJ+8OTyajlFz10L/QAINEtUw3ab2B3fv0lmGoSs=","0Av2Q2dGPX0muCzgtRpw/CLAQrUJPNZhpfNS2twDPBw=","PBPOr1uJpd8IZ8SeIQNMGpnDeYZ3OerBmN6Qr16RLFc=","y5n7Olta5F/EQS7c3kGRNZtP3vz+nceRFdodgNbFq18=","P+DLyjI3mRbmTYiRZJX/JVb7HVAsr0dmFDxKdN84KJw=","K2YuJH4jCxp9RPj7DQvy+mMQQ4e7KvjCiEdVFqcVYvk=","lnnEKllUQWZ0SNH5Er3++Jf0+s/SHevP1gGtnalhgtM=","RmQPqX5kPQpVz7+Lo147FC5kFfxS24ljdqxLxny1SDs=","vKZgshqThXGtrswEwnrCAdUq+aUE8gj1TtScldshzDE=","yLct3jCfNYIWEcFCYubGhi4auyUYT7y0lQq+84I6olI=","44BGK3+v4L3kjw05tAh/2odlzbSUwYXnH2B2l6Zpwz4=","yEk1h7rpINv971g9AuFmhpl/qXxwgYd5EQbLCidlWYk=","duOw4UF2WF0edFvb9uLmkqqc9mFl6QBcdQwjaiJjJJM=","W57slUmFmxuUPik4xDpjrxHsEB7OKMSfYe/fzy57m8M=","V7x7cBJg5Dgjpn6tlKNLHMx7dhYXvXTMjllIE0aWiA0=","DAdUwHyS1ptIxNvbCO2BhH9OFgAJRopi/Lg3cDwF0ls=","oSjv5ECxq6SwjjZ03bRhQWzdh9dALGPVDTDhqtzjzeg=","ZX3uvukzwUWpm2Mj3UGEDateWyvKfJwht30gUPP/Jlg=","pBJQ5osyHdmpgByUs+RBnDUEZJ2ZMNzeCtoTg1KbH+E=","8PdRtDEmZ0Zer4003Em+yfbgq0caDfv6tqD4zICTXy0=","3wy5kv05bOd4O6eF6uVkDPotT1FSDcXSnHOP60FqTIM=","XPA9EA1MqWiqpOZxVGknKYWwbXtDATmhEFZ6O0E74yQ=","fPDNRaTjXqdP4Yj9mFiCjldmat9+SQpj0S43T/Ulg+U=","Hjm90RrGYIuwdRPiZm2B/2i6D1I3BjfH4t0EjQCQKEI=","gweZkk7x43GS9zaOjy2cEI31Z7YADpRI+kLJp6PwvKk=","GnErlwri722dmnN2STmUW5YNuDJE+e2ncrDyqBjq35o=","cVFsNaYmF4Jb3QoCNKqEy7Am8GyJKxh6NZBq/9OY0fQ=","wF6UU87uY6+LWMfz4UHQUFkN0SqX6ggcKpfzk+oqI+s=","RTxhOyPll4BceqsMRsSZilLZvbMigbmgG/w6PhDOZmU=","JJobnM2PSEEM1uBGbsOxG7MILk7WhcIaD1UrvscxXMg=","CJO99YhTlWEWXGgw8+dPL1FV9axiiT/gDFRSdwZyhXI=","WhiQvcAsPbSra8pge9C/fmrMTuv3zKiFg7Y1ZhysOBw=","ie5+hjFpquX+EFvwVIIthZpO2qe4luunhMWerU9xQr8=","9agE5WtmKAo+qhuDav9WLbwcwVk5uZAwMeeE4thb1lU=","zeYOt7HcoUgWb/Zak91E9FhDE7Wq1vpbxoGtOK0IYxs=","5amkgFps+JbGC13gmokQF8fO1fy2RezLqeKJNYvreAg=","8vHjYzZhiQLyZ1x2klYcx+/ORniGEfTcsRzzFUYC3Zs=","6SdUhMc0KUGtoTzKyAdWY2T77gMyMAHLVCzNd92fhjM=","qBVcNBYfB2ZO7yxUy9UPx1we8tEmjTvLdLTYNTJ8tm8=","I8qM0FoJyBzeaDhjYKL0+rANR+r4UddxrkSMPcaBGb0=","EyepitI1XUOj2yV6bUyw5/bs7nRoJ3IqBXnx4wpexVc=","Eu1sY58HQMgESoey8oFw8OOWU/fHofjYlv9OoKaufFo=","bsjJlWQLt1lcwBJLcJAbfJQYSlTT0+Wu87JHYMaLNUo=","SkwoBxft07zro26vwRyAzyzGWOF6aHgLVW+5bBGB2Oo=","vy63MU2T0JiYS4hTP4fJEwDYsXp8luEi8BhQ+GIctoA=","d4uEWhTm3azVibu3kPu9S7Vpn+ORM1n1Bjh4Lbdwbbo=","8uMbS5MCJdD+un8nWawxGBOCaDMgLfEDDs+Hf+xtnOg=","wxju300mj6JMjrICbFi0NGzfnLEDUtGTqHTuICrygZM=","liZK36aGdvBvDj3PJ0IugE0y1JKtNUEjVF40LElXAnE=","LaUlvzrkqyarO9EpSGDp5gAE0TobYXSaLwK2XIxje8A=","ucK/gRRZCM7BowOtRj/4qbEcrv4nF+xo6jIHXlmKXcc=","C+zxNkgKXm3eDb4fjKkfE+FEUFrthvN+3ZZ5x4H2w7w=","ef3uwXqRRzIs51rB8J3UOryMOxOQa9fZzRO4oPXAoDE=","YBN+YYtDKakoGNOUCEgtrw/WVyfbunqjXdrZqFZFyf4=","C81M+mUoYPKQPbl/BIgbrTlLYH2bPeCXg5hWVMTK55M=","+61Srrn910fkAtww3EhxUEqZ3p9Ohy1rDjsW3ZHbbk8=","PhQG9G2tnvNXfARPM75ENpdog05w4faNebzieiahxag=","HM0qkDsvi22oud5ytm+oT9DST1w4KgnzcdtT6IXJONk=","jvhHrZcaUBW9DMkWlhiETQEKG+VJE1iOg/JmGcUpgSw=","DoFSD0TkSxW2H3e2JyRO3j1nF5Xpk9WVopJVfyzHrzA=","rCZ2LN5efU0hDNjbs5z1NpdD/5VRntMq5bJ+SNKBdSs=","eJ0UbWCB1/12daen2VsO8m/68jmjCSc5u23ioVghVWw=","EAAf/znkfiaZMGWvo5CUblI6Shai4Ece6Oa7Um2kRII=","rPYJDiDwRa76Qt9DcH4B1HKxyhjGzaz0oy1+O0Y1Kvs=","8oIN3S2fqBiHBBuwOVzrSZheFw0yBGXKJ5UlgK/7GS4=","DTdtZI+2HAsmHSkYP0fG8qT/1fUeusl5UzNV2q6p/Go=","lw69K5tYUdfNrB+EjnhV+xQ40RoRCdpMbXbyWDrd360=","TDzkUwWP2efqyyC1/VYubINDMFvNtKt5ZjtWqYpYAww=","1iJVbs6BziNfgmmwsugI+C8dA19cp9wO38BJPoH3L4Y=","uunJDCsO1KKdteFAF8Erbq8xF0ZWVe7cMkOSTgTLD48=","w0bR4A1qSMu0rTgxiAMeUXED6VzXV62Feqyuzu5u5Eo=","L2L52XTLj4bYs2hr7omHd+hdBJLJy6zcfBmtPm+MT10=","AqQ7CsjJiI1hSKlYxGMBzvveJ6lRLNxZE1vrVVw8jdw=","1SApRHNn0A0HmbvgGRFLm+3Mda5gg9rcZMObljJsqjc=","TGhGfpY8xl1x+NnEPuCtsP3cz7S9Pe7ecgOa5AhN1VU=","b9t/JzpSUgkwjiEeB2cCz7nZ82fle1ykzqPcQc7QHOI=","t0Z2PNyJkiDyWmdtveV8Pu+aa52EkjicG7a3UzNFO54=","82RaQ78Wx0Haiyi6ZxPNLxaHIykApRpzRlKdD+Vbr48=","d9xzYugAVN9A4Ii8MoqGVMIGtftMJg73mtsw2i68U4Q=","+NhQq8nAcQefZcZdTmiJEpVXcp9ApC5fktPHOzadqGk=","Xa5dHR4Mdjy5C62CG43cv+f60kwPODqgoAEe3h+wVy0=","anLnMBMLYhUG3AGr22M8JZI1tlnMLdwnVeiQuq9ru7Y=","k7TRgQStKi7XQlOfH+fL4SfiHjQRXBxU+RmxWl062Gk=","SlhLB7onKzBw05neQxeZ+Jbxl1A5FpQQV2HqvaR4738=","6JIietx3haTecvpjrVAqpSuPoLGBLSd2jG6SmvG4eTw=","TK7Av3MaWpYDPBir2xwJ/LIswhXPFAb2qI7tlLtSvMg=","XGooK+BMmNSxPzIU7XknU/9b5hVfpc2k556QSsY0vMc=","3kqX+UsrQJ081OcIL3D8TgrZqIQ7nzxnN1tT8NXikSg=","/qw5W+TBROSq4WEUJX/oaeU2BFgT2jL5ARlAp4RinUY=","GjOkSynZUDDYYNwg43pg7iePsY044xKklUsmCTYc0WY=","YAhDzQfagi31HgcT9H//OSbGgnu1s9gyYoznTGmgvLE=","IQ+ycuR4vPtecsfAZuj5ye65jVIY0GWa1+IAA5w6+Hg=","hC5orDxAZMBAR1ZfVpHqf2IcZ8yzXB8MkIPmVS/dbk4=","MgQcLvj3bgbeVSsGt+Hk6xVTe1Qo6SnKrSWhlcbueug=","iXeKyqYsJN4uHBxv7icPH/corDK617bi91QteEjqYwA=","X22OheLyGn2GRdd/H82mwpG3PS6SgFYBD33gYHlSR+s=","zwUEVDfHiy13Zj0jMCBJ8eD5FgC/SUV7b0PZurupjq8=","O03+UtC730tZ4+cZ5TzPLC7CMIJCJ3B87NVtKwiilAw=","U8DbZl8kJfwl0hvVf3WDZAQHfC+JusSn73yJd21tTRY=","Y7usB4uImCW3zpQW1k/fIvID1w3svPSj4xwmXEuDE+M=","uMYadd6ZzGa0taTnEpmecM1JL/meCG49s5VTJgsc0L4=","G1rWP3UUSlARKLOgbdSHQ+swmsh5yOdy2LM1AS63pxY=","bjwP8ZfEfIPw4MKFWri+q2bSxnJ1j4iWK1sNZ1wmNiI=","J4ApvAVCBSVUMPhqbwj14LF1cC2BttcLKv6LnRWw5Ds=","WHUN1IVtN3osAZbae8En7T/3++DOCaxkOAz2SL+1+vA=","1223Kk/hL02YM/EmhF/nEXyOUH8lncxBzF5xDuGW3dg=","0UUTVbjgzk62DaP7UgqIbjQtd+RsCvkCaBqlXF1KQ2M=","QoLGbddZ19dT+4a0ISq1CPWd6VNRcl3yCYo9FwMtgVM=","7VJJtECIxxP9c3uq1ef78NKrmWVp9BQOyCYDUPClZuU=","/8A4psAOj4CPPiTUJGmebIIKFg0rAciY4FC+1WldFpE=","jQG0KSwB7E8wAP/eQCBJBlue7XZGklvxHSMt/NI7F9Y=","dYbEBh/+YYFoYAqRcjJ51BIeCHSYu6B5+ydtY2LGZKc=","of5bkMxcxz2WxgIVo62dFzgJZpmkXIXZ3qeDaAVSkoA=","lG1uw61xIXE38dQCd+v7ophHvWR20OIx8jzCgNoxhEY=","MRUcoKqoL2UxGPGdB0QueF/zcbFtQfs/cS+zWNa2x9o=","y6F7Uc2ldYmXVoyXsQeanIMnN74gTJ4pf6kdbi7grSA=","0VgDkeHS8cfp7hH4KYHlonJ6mm2DKkV9WnZ+yVnunFo=","AKYddRXJs2XNZpLSyPysHEgMxxKlbsqpgYu0wMhUuLI=","kX8PCqGNX6tsm48Z6nJWD3FIhV6BmKy56HT76D8o3j0=","id1e+9ekhTGGRITFBND1nz4Ip7qPKcf7KhZPTgocm1Y=","Opw5EmFO1kCTm9PM2/MBBcPCWrsflFDuTjzxdKdP7rM=","wFjYgymHgvbR9rpdLnIGmPI3PV8qidGXS8lX2F2O14g=","IDh+D3sdbr75RPudB0mtkba4JYM8Ed1Ha+au9Iw819U=","Dk+0QtnZMv09IjOgR6ad1fvUuk3oKYkY40X2ax+X13k=","LnOGr3/S1UjR952x8xQkc+CbFlbfmHE7W0gMAj0h35Y=","okO0TUsRhp4LTqjYIlF5QPwXpe8CZIR8U/iJa2ZQjsU=","DNEEs12zk1gd1UjVAZO4VTqEpZxOCrn/ENkBGg1uq6s=","1u40R17gZsYQrSDkzA+DqMu/a6+xQbgyxLckQ9g1k1E=","TjWy0lP7d9Iux7mTX9/DFgH8yANgmANhLo2P6wvbhMI=","zaiQgLKN7NeOWK1aLadpxLRufw+CsOSiQd2asDhDqxA=","5+RIXfJfZoyNvy9noH8XpowxjmzD0e8/jTJeD9rAAkQ=","zCeIeQefMEucnzBoZmTUZpGctxzAnIoMN6NOobhps1Y=","gMxzJ7LMtH7mOjcLlIcTwV1VrA0qIJ4HHkuctUHDWXQ=","jpST8tcb+Xcngoa2LHB0RDQcPki6VRDRAz3MXr3cdTU=","jnwqFNyuDpPTOUa8khzucDDk3+KkBmcTbAeCz7x0Xn4=","9La3RylJNZkufN/buoHknmLdj9QnFKZng442BNAcaw8=","mS3obMA+Ey60ravTnd4A4V71JdWgtt6kxBVTgOANM0M=","a04SX4AozZ4Dkhbf3oZcbZe9RD4RWjEGGutSyfcMpfM=","xQAiCy46enemr5ERGJwxgZygUi2HkgDW7k6w6DQuuMs=","uJEfX3gK33fRliCqiMMw7CrDgU/6Aif3HBJByIEX5yk=","RHLKaXzok+Y/tJ4fSblpZe/6vxyKeqebxhG2dMNY6Ww=","GfDNEGQzcNosZVvrxVXiTLxKLWG71OwgTxzlPv451Hs=","kDjKUzP5bNMSPT5NNLtHCSP2Jw10zIclOoZybSnP69o=","GA9zoHP3EteqlQjrOfPrHlxkAq/U3ciXTCVnK1EcaMc=","TBlTux38cWcUfEL8+NvZg9vnotJ0T2sMmPqPLxw43V4=","dELF8CZ5fd/QARQQY3wpg1XmrmINTUtXweFSmphldmk=","ppLI1rs6xAB8mSMxUMSFd0s3QIS7fM1VEuygsetmNAY=","CWjVER2KohFf+WkMGWgi9qwAHEqNRHuurojeNYjBfgE=","dbjpY8CZF1M9p30+Zs5zH+YI0gTjyyB6sbl6guN1byI=","/CsiAoCnOFBx59miQZrPwRSoZz1zknK9yspZCIhQerY=","QDOKjnqIwXaRdKEttU72UvYsPGO95ARyrCSiiBgk92Y=","jp6mjDHSNYTcxBQOAqg1OuUkcSQJbj6tzpfyTRdhlpk=","Kw+lo/YlVbGoiLLHwY8HqQOui04OTPND7sshqXLsOAY=","qziFoDAaNrhy448BgI13KGaoEy1afQgF9IaUDKOwOt4=","LwWNogX/3fY7rd0I4Qna4lr8qyvqStdCNSsibwIORBw=","JHkzsx2cbKzLck6zf8FB+cf6D+1h1KtvNZARnZiyiOs=","44LhHWjZNmrThwNMpGxDZ/1N38WREAzOxXvc6gZZEoY=","xIXeh+nxBYlta3OTMYf0LxbuUBAM6c570eFT820xcaE=","UeZ4ZWjpaxboMCOrC7UmI/mbsY5ZUWXViILvEmCg1OI=","nyVY8J7oD5ArvQczeBTltfshyxTvs+SZbwAJk6Tt5kA=","N9dalJ5HQWUepwmqw84XGsvUscdSPlO9Moyv7Psrq5s=","PTnuFV1P0tig4lJUSiuNdUEqpvuwFTCMpf1htaOsNSc=","623YUflYuXSRP4dShVAvMIsinjkI8a+Z7+H+TdnBHEA=","98XOYauVGNYyc/L2ERSr46sfc4guDDplwnnJgoVXMe4=","/nFopexTfF5NCu2u9zqjJ7DpZhLTWjHra0v0AXNmO0M=","OWmnSBkbWNvbkLWyvHrrazGdaGyDP1LM8vqStcj8ZCs=","bJb2LXHMsPJCde6anqBQ2IZFutWVmeVwlWKTVMvWtSg=","Eb6sS9B3/EYVCOxL1oaqfUT/9f34YX/CMFlt+0szXHI=","UxDbPZ1DLpWeOpaXStA9j6nVALXP2rzqE/rXVOGikYE=","wDZr/+2b+AheyPXusWfRB6Kk9vwd12Riblen61ZI+H0=","+EVDRxPywS4ekQsD2zTtxHnANTeE5SdMUUgVW7Vpiko=","n7sbkoFMDgnDBWwz7Oj4t3DlwifVB4c0kFlWY/lvhrQ=","90RX1FRSi1Fsu9BN5va2Ura8RAhr7rZEQnYdCPoVp/4=","Ji5P1JG5geapZttOMZsXJctrNymdcv2nUvB4ee4F5lQ=","npl8kYZUEICH0LZq6I2awOXML8YrKK57tF7+pwcjqaQ=","zGxfa51EC59u6eMxwnqa0pcEQbkskkIM1ZETelQHmJ4=","D0brTFlRoIj4QO/JkpHkO0NC+bliTxX3L+hOHul/5w0=","vcezT/1+I+wf0/AYI6KjwQfQ2V2i/vRkWS2W6yZNCaI=","j9GTy75wKb1ueLI4Jcyo28va559OdE7yohc6SzhCS4E=","OPH/UHyjIInucCf09h2wIRfDYyCODoY1w8OZvX+AS0w=","kOkAefpG57PVt/QJopFV0PIQN/jbsru+eDNFWcU5oQ4=","tHhNFMgbwg3vbZ0GhJwvbdUlLwozxQRl1B7thvIEFQo=","BhqdDJrKArMC3aIC3wh+h5wkEtUAFxNFN68qJNRQApo=","Xct/ZFe4Gaq3A2FqWDtUdORMePtWbQKDG7PZgEbw3iM=","T81KIe+BMPfxWRpLY5mWSZaa4fCxssg451CTB874kFQ=","gr2B5Km7ka2yAxe2aV7xggwXnvAc/37D4/Voh+frMAs=","38OO6yqB8vamkMIxyOuQlfa+b+9LC+v47dnwCfvd47Q=","qmJIef99fwwVyt7SjSzxV7jWwRhZr/1kDFhkF1QjZPM=","oGdhcyaJwl40QiwlKsnJ7tTJZvHgiVuFAToX+/X2xqU=","f/8FcqpDF34r8HVRUhoDfaEIfqBKDRWyG/NcCYK2oFY=","eshejwdyaKZfmgRPXxudWpuDppLpnO9duFW7GR8YN90=","17Um+x9kUk7HO137kUksvuPTRSmC0WlZpS/veabYlNc=","AaiXIBEJjy0YIW09oMZBpNo3X6NFlrBhDTBoIgGh0ns=","ysnK3UQNqMh+PeG+x7vw8GgzbRUj3zOuDXn16omZIw4=","7pRT4AlNUN/2lRcLTM5TlXaCYJb47oc6ii0gpyXZUi4=","oC4EYFFeR6JaOaEJDa+IJcW6xH/J0wqbKFYzehjwA0s=","ArV8Eb2wTzXDX7oMVOcro8OXdsSkGabdJceqttk94l8=","MggE2OYZpF83nA3SRreG+tB6+aqRS955at0RZ86am8s=","5wANfpMJRtu+/qFnQp+n9mXQhnZKb7B39DVmq3GzwqA=","rJYLi4TcU1NClY52uf5rSenEDmnzVFfcVDSxJSI6WIw=","0cr+CbBy3zkSrrC4UWjZQZZ+sUYtCNZHNJ84czmlulQ=","oyomtQe83q2qBN7OLXnUWdlw/jpHoMvONRG+rGdw0oQ=","sCsIAGfn/C3bW1os+Tj6RjXcjxFI0Mkozs3taXnvemY=","jfxFxxPR7ApftKCB4dm+LasB1ONePiQL9JTvGHEAXEo=","EvFyKg/nxSJAOGUiaaZkLl2j/eeC1mwNDf80LLDUW8Y=","y6goCyfjSaVdmpW20TUF0dwMYa71o23PZWDk/SQcxPU=","GxvlFBcH3IUWRDDY/Wp+dSX0fjIlNeBPvqfxd+QLNRE=","uEd5/17oVH/sgv4fJ2K1Kc79JRevViG3uutlMxpebxk=","JgTrvYbXCwsXNRDqyd9605OX5vkIBKkiQUQTBWDMCAQ=","3ghLYJCFGmLlfmFSr0W4fvDZbI0wocC06nlOQP59+Jg=","JtRGMWAhDfutfHGtFoo7v58H4a7VqyAqXYLTmY2aTMs=","HeCdewBqFJUivr6iJIklyEU03g/bgn/PH0YILmh9mrw=","As90kEDDUBxWMyj7iYaLPY0fwZ+A+n1wmRwpUFbHPSA=","LBvN6aro/+Oa4rRNu0VxWCbRFhww3a8n329hpwwHYks=","/0dkXZlY2DU7tbL5Kw3yNOO1FSwNEkzM62RpZ5AP2/k=","NL2V4EZy3kuUR2KTwbt5mMVJJNxPq8Jz3T3GzwVZUI4=","VYCho05CR2ESAAm3//HflUVTa+phvbnLhi8uO277gNM=","mJHG//f3GriagCMjawWP/yzpIx9R0aQOAvME4SMbGsA=","8s/M/lamB6jaDPJukmXKSQIHyLxUdr0MzS3TPd2t/UA=","PCSz3qYjOb/vA+gXXs98BA/0EbfeqyL/kc/PDSmwGIg=","QuSYIP+BVq333FxVi+j+ssRP6ME5K9rvQjAKFgE6MFE=","J977i4Wmf68yxlQnLgeGHMlGqWRNkWmTaCn6e1D3rco=","Cj9DRU3Vt0a7VAiSP6HsRe4mqyyltWXXFHDuXgT4INE=","CflHuq4/7ny/qgGwhb3RRUDwCb7okDY9KAO6gq7HKEk=","h3mMD55Pi28524WU3esN3wf9wFnohCyU7k69AYHhQr4=","4xjKFZxA936qtBhVDybzZd9aag2Xbe2tcpblvBeS4rM=","h6xihm+HVKwwPaxErwK3zPbRv9NZWCLXZb4jpmomcUY=","ypzc3XglB8Gaf6IgUeeU+ickMEXQDKR33vgYvzjj374=","ltjJZmg5urZaDM/hUseZN82tJMeXag29nqoBPRMuVYw=","YV2gSxWdKlq2Y8gwUVAOXUDhjTT5XkdEowAuab5mc0Q=","lxMZ5SxxtAT39c8/HpgZpeq6xkGzzBoxfoIOnrxQiQQ=","3tYrMYC2P1G4HD5zeWYMGran8UL+xKHkfM4nYroaxqY=","gG+UyIdXNpqO3/GGjoGMOLSvhB3qRmP0O2sv7L0vCvQ=","xd6kZu8TMmJqEWMeNqv1GrdhPZbmBtwcOVYnAyW2fwY=","mb9FdK1vaHTOphDME3DMjd7S8svTl+9e2G8PN+CwGgs=","VISKzh5tDR2nJcL15SmLAN/ojxQu0B1L9tjQldLoHKQ=","HgbM4+VVqKHnF68Ck1uIDXLjub5rpN6SwzjRhqj8C20=","jBVi+eYkEcbJeWqpsQyyABorSClWQHHbokCvqlHUKW0=","j5OZolxmxS3m9HRSn0+vUueVH8ngKzdRzjxGXh7qDGg=","RQ5F/7h5dESgIMNw0YWUAKZEq4eGUuz9Sw6rd/tgDR8=","oSDPhDJW6fo9L/GPTQ2HkZnIG/Oe7oUX2kBLilrDf1I=","EPLuMjJQ4imAQr4+dRBiD1h1hRGnhVQ955JlzMYjK/w=","uz1fK+RTWv0QgfTO9Rhlg0GI6VkrAUiwTOmnA69l8s0=","dBob+E9Eas64PxJwAqDRl5/nJPU7iAI0KKF81+eJoYE=","Ugo+i/XxPQGi+/TasvZ3niAcYMIhCPrIDRIRoZ78JYo=","x4u100saI3SxY4a/6BQjH8oFFlva61n5Qm4iSPVd0dQ=","ph/Ngg9xQZQKshY2zXIeiGEY0se37zvA+G82kQRq80U=","rnt2+H+QsCATOSmaqFz7XL/sKfavoUpCBsoGBZvK8UM=","mVcZEMPMge6Bif4ah+mZJsJ580E4terH4gaawbbhFUM=","wP9iyISPZbrztty5xNpr/g2cPb71XfN19Hi3Z89kOZo=","rT+AIPEuYa7Dzg0eSl/ezfWtroadbHLwyfJ7KXOSmA0=","klQ7hZzIzQdSq2uj11yaLdHQDwqClJjIVBgFMIIl1mQ=","jG2gR8shfTJiRAs1PcBh5xzBzQR67eoAeuMsXUJzZ60=","e6eNoXXWXpSVb8IonYXazDC7e5mii3/ednQKWeuTYzA=","XDYnBc/EA2e5keJuFNwyN3hh9H9t64+wyQH1zpE4g/Q=","BncJ+gJVr670SckasetSEdTCp6kpIZfRbxvflLKgQ/U=","TR+ugqcmIJcV7ZaHv8FH2ck5yh5IK0VrDwBUb2sE3WI=","Ite/uOcn2lOt2a0ZLJhxTqOmn+zmzlNzpvpBglgQoZc=","OP0X7PrhoyVM2MnXR3kcg9C+YUjyq5ZiB5WZ4t1Q1XA=","GVSyLJXBpvcF2Bp5vy39h03PYl1VWJwf+oggy5kE8bQ=","1h0eVRnDX3zGdvq4N5eViWV4TurG9TtpbDHqwRW5yoI=","EXruZq8UhqXuYx9p8Xx3I9MlqBQ1lQKLe1DwVllHL/w=","h6B9rNP7Jgu1j5BdC3+Y1KmrmlUbefGnQv1GS4r/7CM=","lxujhMfYqVsVjzj0XK16pqdNCGiOO6L8Mu0wJAU+sfQ=","tYtvmpzpRjr1fsErm2Y9uq1OytNnXPOWN/uCtg1P/5U=","njzV3MnmBafD/jAF+/i3v9B3GMoNo2Y5UXepW7kql4E=","iJPBoDziKm8zakEAQMDkNaxIkaj6e7us7Fmq8JTwtpI=","AMTgrXC3f9peSpG7+7FEaXf2YbB37pc6MQp98HvJF5I=","zc5tI0A78ABscDc0KJbuDDxP9g/G9G9mCvIWCHC857k=","3TOHNNk34QATVNfGSpOHfDwd0ZvlSK0F9pyUG49v+Y0=","5ut3Gin/XeYo6QLkAvwr8RBMvcD4O2f1YdI6Cl9IsMg=","yHJRwiS+iTwhrGpf8yi5OsOev1Jhqodf2qzrGeK9eMI=","6MJwllFeK4mweTUOFzXNCg369ASqPtLPzc0o6fojjT0=","PfAOxoyiOleSDvF5DdvtTexEohgNBPg61968rHdlhV0=","by+SQm7POz3NhXAoeQfmI5oyc+EjHcv8oUWZ/1Hq6gc=","Jntghpc9nrtXV5GuiHmV9w0bH+vpMzIVUTZ79wroBv0=","Pr4thZOJXSp/nUYgf8wbcwlv+VwevSVRSa6P7l/JN4Y=","qtooToml2m6eYwiOTAtM2apMBi0gBgJqxYmVuMTA4mM=","NzZVHsCoYyj7XciM+UMUA70SSqpObZqLPXK7ntSaX0Q=","3T04+YXRjZvvelywISuNmbEGJYclFqfHVl43Vg8HLMs=","6/8OlldfxgUzkDucWBVfsRBX3P5QAYLi6uoHmsWc0MQ=","/iGlPfPvvtY5S2jFcrQ9nR1QFnzeq2c6cnuBeLYF9n8=","1nqEsoH1GN16p9qQQOZHKFQzxuyXbNb+j14lbpCIM3I=","ViPb07JTjpPbD5UCrE3bk6LMrVBTdhucOhVsraV+Smk=","msr4EjRAhCUaDBiIF3eyZwQnF3YR8WGM1Zg0EryVwH4=","gNz6jqMeU8WSzk6KO6dty9Pa4RiwOnQeYHZ5YH6v1nc=","pK07txGOQphYoseeEukfpKNqKQaBXhDEtaFWyThR6Nk=","4aOs4g8AhqMGxbUYG7M/fZbpSyCSw3DdeHmWplKYDfo=","FUtuDN4+qT3QZOxK6tUAoE8Va+KlxJHMvmhzF6bvDLw=","poEQ1Af54RBG0sXy89mwYTAOaTxpEr81lCY8pmxJXoM=","z/JbgymhJwBFNutsYmffRHp8vXD8Wcr2M3TE5JPhplc=","3//cmFy0mCCCjBKPq1Md8Bauhwy4EiLrNrefYW8lJMQ=","zcXV7IvM6/9Bjn4IhMw+7F1LaHBOlmdEredbgqcffY0=","XVrwpw01K9I2VQeDSLqiOtTbhTC8ibztupu31FLjzds=","XvCVQ7RkLIxhtbwFZe9T1V3vGsm15mRjms+6xvElkyE=","nN6W9tXJbasgBXPbCIVKLPvg3rrHK0CsWwvKUaUcQFM=","uqek40eUfXIwrFnC6p/H48qFHZxAj/6FP87/zaT8T8w=","aKj95zz5uXZAeBxlAcN0MvBJGSvR9DtCiR6IfPI1Lfo=","cxDD5usQzj+He7upMykhdH7iAVceuJl3m8XFNUES11c=","69/3W0p5FvLK1EmZ9cdnSq6otI9uaWeIEVCiaYcaNwg=","RwSGa63NYUchiUEzBFrIIGudaag70wi+JfaZJQ9uTUc=","C6ewyjwIHunN22eqam9UjCFfzyTAT8jzPjgq/Vv/VXo=","hZ0qNkB9edETmZwNyHG1/SBHZZa52n8x3yYPZKVwoRw=","w0mT34BE4lBIddZQa+qk/ZEHgS2M4nA9uhK5FpMHnPk=","QckN3TIsiXul/70/ZrzyltbYDCIQ+ljN+4BHSWrEMes=","Eqv/qjpRgZKM4iMGsXGFUKA5iVdp6KWXPrfJXPbvO8M=","LktRrlhyRTT2ZtILll22nOEPCqEdJdtAvTJ9rzEClpk=","mVCe9V8J8e++CokuEht7+9jLUs517ahay1TtR/OWVnY=","p8ZwB0qlE165iKi/4GXPtNVqigiTYfzaoRmSyqeqUBk=","p84Xxr7Nfpv6r7FEu9YMMAB5AO0Iq0+x+J/3032Nlms=","kqveE30ZeSsUfXYAGONomrfgPDWk6guBqwCjpgkfyns=","+pF/xcVBZEJf9ksNUGFqfCXlllFW4tWNoSQEnUnQOn0=","dOoKgpRte+TqCJGklQSrL+WGiUzFrB+wzT2UbWxeT40=","gzLwXDVJVRkispDiF48cw3diFni01yviTFnygr2jmhU=","CvQFcywknlfGTGj0+YT2vzurIwHgJCZtwrkhwjJD3Tw=","GP8LdAqycs37EQXlvlfb70JJklpaSsCHSULHaOBupbk=","ZEgOV+SWkbTCCYYUDNjkdUhxrrJUcaM3iDegt0OUij0=","yr7Ni197q/b3MWGnKIbP95wQtidRECK2LOHs4jOtLj0=","1hlss3p19nReypxMWaIuKjDj5xPc8NvqphiK6ewSyqs=","kI5Hq9dKp888zKid83PS/38nPZXJrbsmDXmvSVMPFOk=","DtwjkqK3fY9J/nUFMMtK1EewZIY2EmGl3kYn08RojR4=","g8pumYFPrSXBc7eJ7Tcv8Iy9/k/1eBNF0vQXpCfWQqo="],"block_size":4096,"path":"window.bundle.js"},{"block_hashes":["alkuYtMkK2bAXTZZn38RwuDa9u630GywEhRTDEBqfDs="],"block_size":4096,"path":"window.html"}],"version":2}