{"file_hashes":[{"block_hashes":["stnbepg8V5ls4DbNddNj8bbMD+jaG+nGUR+31kc6i18=","8Rd0KOCAjhG/1UKe6pd2gy4wgHdKcep4IZPvhS7YQYQ=","xq8Dgwttgovz5v8QgCrBx+VIbQJSRFwfOfyHThyhyPg=","37MAI3mAjIoT3WvdJAdaGi3knTme+DY1dfvFwnVU8lw="],"block_size":4096,"path":"079db4a1c8da8ec06700.woff2"},{"block_hashes":["PR89Ane6MISUR6LnDnZ4FcEy20YVBMaUkqaqFJkBZuU=","K6AH2bwJKy3/CdsKaC6WzLrX5HWytmnx5jI3Kzuqh3w=","Md0uSHJGpkZBBCsSmyJ8g4P1YBsYu8TddFhrsaFKa+g=","goAqpNtoT4pWoz02L0yzk3kvyInLQy6yM4lC2Wf/Guk="],"block_size":4096,"path":"56f3f8ac2e0a51c02e1c.woff2"},{"block_hashes":["BVzQlSacOASkH6Va6gJCBy2ij2IHu1+SnS0qT0spXeo=","HzDzd6c+oT53UovkvK7dKOzyhPMbuW+xTn7S6MMexYw=","zbZlpfh0yPUaCFHaaGKSFk32Hdx0SNnCSv8jC/76YNA=","b7eF/KHaBv4NUUD0+4CQF8ovi3HKpL6NuxpyMKxLic0=","nRqemKOSco3+fF9Zog/DxWEQxjbypD5hld/8wdexyng=","LnNL4eOhp2Dia7ANy3UDd1OWoMRJIjcjK/BRlzrkk5U=","MUrszJNyT1LqXsnI6D73h+NwdjHDI6DvnSYTI0woWM0=","4VqDsMIGPEeW45suScPmC+6H957JuALJenBjDRr6vS8=","kEMGX+voNSLLkfyJbW2gThrw63pYT/zGM357RDZKAxs=","VRgKDfsVHpPDw84Zw47uIf5WmmnHFhZ0uqyiePLcoD8=","aJPSBglBqKXtVDsGoJsbqO6MNlvOkVRB1xZWcB6c8EI=","EHL7hcveu+rhB7rIHYAdHrcOuQcXnE14XqzNg7EMjJs=","475bA81/uK57gyfkF/mYrv5n4gjxpCWJH6vfDZ5c6gs=","+hThC/eSyunxaqmEXs0ahRF5iKzTXFABau7o4QmZ64M=","z2TBQM8J0cXlHiFjGPavP/cXxvPZFLKzCm/eE6OG0wI=","2FdxL64nAV90rtPu7Hc+7YFbA6tMPFagLTnIsr5Evo8=","xX4qlGtN2l+cmApldMBtOtMyQUU8M/C5HFUQ8yioOkg=","uSN2T98SQMeCoL7BOOr3DOFpmSozrAmTDogs5SdDl+o=","w9JO7Lne8DT0tXdJnGHRNM4dFIt1srR1MUZUlsOIlxM=","MuamKrbdOdj3Wr5Pi8tqGt4ga5CuVNabq1pblfzxG6w=","eP13+SJkpSYiUydQiAiStAPbWW9ES7E7cPbL7lVebPc=","ZGJVewAdFg+2AYbgRnWLG6EByNazlF+D15MoRKyu9dQ=","j/M3AXHvM2kg8dw2S7qv+yukFzO/kcuZc2VKP8LIuQE=","b/4ORyT1QPGgnFgh5MxkIgzZym3/VRwcVQkhZ4VRwA8=","oqdr8jgzN0RZcOUY6QuV1F4zigLSjSXKtEwzeePHDUQ=","xPB1wsN3gaWSjaJxLjvIfkAO3f0S4d4CDMNAviBx6F8=","I3wswKorzqGJfOx5ynHksVNYbTPue3Vhtps63/rJNzY=","943f7tbn/zMrnqpRwAC+2eEI2DipoXnQK7Vwayizc/I=","v+cqslXk5XY6UatyCOXcaoDle4iI+7bXN92Mi7lz+jI=","Zf6RaxI6RJ7vRp1wgzOTviYnDVXKqyHG3sE7zj9tB7I=","DC09APQS9ig8qmoM+LGd1ipqGILYi4GyFaqMZqsN5P0=","QA8Z0LmH6F+xK4fny/IDvdKEQhH+8K9/cpPpxLcKEso=","Vehx+cktNsL9Gvsz9y5yVBKf/xdtOOjcY6MKWfK7AY4=","OPTwSUeZiCUxJ82PD8774nZ0BT5lj8VKk7FZDsw9IlY=","cRoVXSyEgb24eWDTBZNYDGQ8tmxdbTvq0naehfA+Enk=","u1TDCsQc44lJXWhfWGpom67XJ9DJpmZH536vyKjQ05I="],"block_size":4096,"path":"background.bundle.js"},{"block_hashes":["s3cF0VUDsmIndF+MSc5v8xkT/s3EVKmzuOu5/ttVLyA="],"block_size":4096,"path":"background.bundle.js.LICENSE.txt"},{"block_hashes":["MFYyTudZrlxr8bDHv76n/dkoVoOChHXfexXiJlBjJWk=","5xwgDt/g22UfBb3nQVEHFCIxy1wILvDBpFcEnetxNlY=","LGTSV5/YuKanPFqxGGyl8yfSYq9Pe/DFxi9zw6FNf8E=","e4i/PKFHAp8jHAfHM/8k7AApdzO6JzQIh1QcBYTz3Bc="],"block_size":4096,"path":"c60b44947671d757833d.woff2"},{"block_hashes":["RUl9n6xKCT5mC+88DrcsKc3GRWeP6YfIxkjfrLnyXI4=","BVkgl8PSnd61UqDwlNXobX5zKyEZx7vSp+cuVZzP66E=","8TUyWGBDKuCj94DKVVKnH6fXyzHMSl8XkPHPGXJlH7w=","d+qHNDaD1JD1xGarQiY1h+vfDso5vEh4qBqDEsK1i2U=","GY00jUKOM2qWesF3glIxl6eHqQJeecaabckWqKKpxes=","1F/jKp2gGu5PU0cjFY6L/Tb3UvbY8PAANhGZBMyuf9Q="],"block_size":4096,"path":"content.bundle.js"},{"block_hashes":["KkWByXm8fwYjI1gEy0/iHLi20YQujfs3nNtpa0Y+xDo=","8yTpC5wR36T3ObmXthWhCRpgFj5+YEXifSehmNetHKs=","43H+1wSwyFzU8fT7LnE+sBhgfI8z+88CxBfUmuxUPss=","EmRdSWF2rOq1nDScSev1z/C4eFXbHYD2vopS59tQC1Q=","Y0XweslRXSunQrABQzOReJiKmaNZCKXdz/vq5LLDbcg=","vzNPGCFuQa7UFovwBiN07fNYctPcEwHqJMu1yafsydU=","bRXXE08NXWUp/pqjqJJ8yJ+4zvDPV3leLmaCNa1+B6Y=","8C7dZg7kLaPMxymw32iQuzveBmXuqtUvDRRYyG4M1mQ=","G590T2u8h0WR42vro7R4CTmLdiZ4LgCL3Loj+bzcYDA=","aOqGx2+kLQtnuH33dZJtq1ML9DZOHaL5Alb5JBjtlA0=","eJ0ZEN+dHpDclF1Y35foyN2w8mDlaQMsaEOWvce7JQI=","cIbRHGv7yFpAyPzYbq9gYWJG7h2wNDeBeoWZZx0c5ZI=","R0w2jKU8qH0UmEMq9TyATjQJob+2Skwkf4ORyZb0cQU=","3rNewKDfTIeb8ZJb+1eZT6fwvYvl2Q3RtOqW7Z2xFK4=","uE7M3Zh68fvAl2HkeVl8TX7U58iDTs9T4kFuNf/yzVc=","dpZj4o/fY4AkEHVK3+YVFbLICd7JkVYzEVEFu8f9Ih4=","E9YtYW0v3GhFv9wltvaCKE3NvJQB4LjLm+BLAWx+kmE=","bpJQCQvVjb2sZUIvuEeL3BFgtjuVjgJ8Ax5WnBM+Mgc=","kd68q8t6e1vgMkZawVBSL2fUiDIZUASH/hQJIzaNUOc=","024wG9QRGJQauWl3AWHaX8ubgMR4VWxbGyNJ5PojeFg=","cujb1bWjSdwJClcHlyzWF0kNAsZquB7ws+2ltjwF6WQ=","ZvK4FP8zN0R38bibZUBBHuayaGBq6XqJ8hd3tGabrD0=","11ueZvtg26dgy1Ae3ml+iMMKSbADDrdd5RV9v1bEXPQ=","PnnqeaErdkgsGJ2F0cEtRd7YTuXS0t/raCzMc5vBK48=","9lxI0/wdOBcraVo6cgZhs5CL5S5IiS4MCysXTGDJqFg=","vxTPC131Ch+1Q+EfdcpDmkgzV7EuOqYIJQ4XLLNDX0E=","2MRRjnWmYPihZE1IHjx40SpqSoPx13hQl6Q+lCFBSag=","gxoaz7n/dFR1SFfsQgybHaVihYHC6SiBBt/DC+rDLuU=","y9YGbTZcfKQM1jtx6y77LJnJSXO7ytinEFQ7/HzCfRQ=","vL4RNG1iAGqgqRTPB46p/a/z7UwYog+E5yOTz2swhVc=","0Vcee+zRgbUquMafMKIyFqh5WLC9Arl37rk46fliA6s=","xSaL28/ziJI7vikwMbiRQzbtOOUruiVybTb27XGyvOg=","nRTM2E90AJOqgk/TdfSK/JP6fuFqVBNE9VHnE7XfBLk=","qlBhhFV9sJPaeaJ9pPAPYVbvow9+SuULX5q2G8Mtolg=","K8gTF/10cngyfThLBECa92brDWMUsyrAR/5YkBLqnfE=","hyauCqxpLIlx8pnshXF1Javid9h5En0rmSbapg2pRGE=","JmDj5IpfOsSiVT/HUQYHtTI97L9KNo1bap2qSM0BMOU=","PUBnEQSz+AFWPRsXX9F3bZmoduWGGbEDo9WL+T49BJE=","6jKKL0FE6kE88RDUNiywB60WzWVhRQeN5F3lvWtINDI=","hg7WNCruiEyi+UanBGjpwDXNlbVq65sswdIfDuYSU48=","HxwZRcu2EySx0JNwvV35vp7hRZ5OokHNHwmWLHFAFCI=","Sf1mf4e44gRXxc7ioej3gSjoFt+NJYflJTfGse/C/xg=","K3HdqyrdCAOttHbQwuLWCPF4MpspuHL6MkiPzE1dNCg=","vBI8TRBS4UJtVXzZGzCgNPiiDjJhWWxvVkNWeNrLTQ8=","/TCK2jfV38Ui7QEIGbTRVQvbTc2zK9JIEJp2pRI+C7U=","UFoAov5vEzakZvE3Hf3kHB9c86E+bbKBHtYjGM1Rk3U=","4SXSkbvoZ1QA8dgKE+N0Qa1NNc+9RPOqfekZiVztpnk=","yCtb0uuXI26NtUZwjmTv5CvRamS2GAqKOh7tYiMAEeg=","4HMskLxahGNM2OLDwanV9X/34UoE8l74Mdyy2VNnXXA=","AqvwOh80DxsCceg11aNXmXW6h1tyXvzjUc1PPmQxmFc=","GjT/RdrfE636f1pyup64kpg773DgluAm6BWXETAa86A=","iZbf7KS0DVihXod4WI4v5w3tB7KwdGmvQdyUBvs/954=","SWfme2I9+MuukEyoZvSZq/Lo2syFn+YUhBUOhQqxUnw=","rsTvk1lyygvoaV5ipljoQKFueANNVJYnESePeVVfPjk=","BDjJtcHnVxK6HafYjqxT59MCmpgiRQqfXGksoJvMqSk=","gy6Jja3uyn1PdVgSGfxkCqEAxpDBHCX6y/Nbe3EUc4g=","35NldiOSV+Jp9st4+Z4X7zGhOFHphfZldISQRR2eDL4=","eTjpfTEzxwIRuRK4cPBZvcl+92RwvlDTmIINLjEDPfU=","M1a8oEVSlLn3q9Qt0heZksrmv5P208y96DeNla4I4MM=","+ofR594dV/e1QtkIIr9/BRAIwdeTzkXwjytTEHwen/g=","tb9U6YKysbCbnFFOt7QeHFajEgwVj1J3B3HASIO83wU=","odkWWKL3v/1CmgjNyLGeNts0hwDrWBdULDAzPE4RIGQ=","mLpi2WFo3aP+dTkNJTCaXhj4IhS5VgnqCmbbCUKa7xo=","eSOvKITblzsfE1jGjhTqBAbhW0bG4gCrSv9KWfVvTQA=","I5N628rmRWUzvpfEojL1Q7MJfqZHX02Bbz+4KBr41qQ=","GoIt0PJQ9Dxz+iVcaOi4LlHzrsQIrXGzSb8Hn0W8VaA=","Jb1EQCv4JQt1aBUTPrgeli3IDsJSGBc4udzuuYOP50M=","CKKBH2OUMo6iy34rK70Sv6GQrKmkZ8YVMYWgjiypkvg=","0r1ZpWUOI45Hyz4+8Gz+AHu6QqZJK0vT1aLve3WkjgI=","MJiEAa/pFIT/EWacQOX4W7QQX1U2WH1ZgjcLjys5gi4=","u+HnPsn9uJTLGF4HqTbW34eUWSmhaj2g/xHMnFZKzHc=","1emqdmKjXGr1hoUHzNrHRX5m0JYohcEfNISb9/cdXTo=","vjGQLi1cJFTRhkjqcTnMmlqlZSbo3nt1tGHL7fr29MU=","lpkii9/CBHw7NkD+Gv8Jgefd3cLV2EUmE3YWTRZXkbE=","AE2q3y5b8l2CtbkZh7vRJwzQuo6Ebk8B0tHJYausUdk=","GfdymTNrDigyi4c51R3ekCLx8aiGujfizgVVVzH6fW8=","lXy72efNBg+ri0T3fZkUA870Sd8ZCKkwATJm0ifvCGo=","4xLApskbxqlzV5ReIVMcXN8JZ5tYi/gbk6ZF98EWl+U=","w/pGZ5B8xB07ZdwZrYW7lf4G3KXZwnu6u7+rNtsJ5lc=","l23bSdP+ZP86rR4k4e230fE1nRUPkFyKcDTxsVsXyPg=","BXYyGlAVXu/u4F0U2luCZJ7k97SJQJncllHZ6oxcVhM=","zn6KLjZxIFZ1sNBOwvARo/403LI2Py6Ax+3JQDirf1o=","NFDEImYlj1rOdT9P92KDTwVBXAuy1Pss2+41Rq2oTrs=","VA9dY8X+/aN+hwLOyATCM3Hgf6NtqAo2BIqWjPIELFc=","WIzfFqCGMN4IoV5xa0wMUPHhuJmD4Zww0DhaVR9dmCM=","b/yguL7HDlasRzV9wD0ICbfztTatF34/UPm8d+SaDoU=","qzTyOxd4afu2ujpgwCSA0SrPYotofQSSHvMOW65n+hE=","UumBNEwnrTJU+jfC26ku/SBqTs0bjgD6ShTlNXXoLpw=","+eAO011AmkLngvmAFqInQjn/JlZ4y0RZXBlqXmAM24o=","hKhZom2R6iOdUQOC8fSk60638C+OmHtJMbJcqTRSKd4=","OykuYoc+aFjOLlN+Yq4PFhuS12R1yQh6hD4F83PT97I=","Y9d1+PzwkjI2b5hb9l1OwlF3AYi0HCZD+BCnqtbYqYw=","feVBkKGx4qfeeNVTDJNWhRstbBSuyMTLG6GYHBgVRlw=","IPs5TkjjKe/NVSI7FxzveQMulpEab2087U/Sj2R/+6o=","PGI99Lp54tptZ3o89pL0Qo53dr219muVL4Ttnoq+dBk=","f6wdN0262YbbolWUCzBACtFGrt8ou8a57IJCuxUUzfA=","PTH9cGDXe26aAn27A8nzjYQ4tBxXr/AMc82bYaJzqTo=","nUwhNzCInh++1UwqGskfBqJ9MPcbX/iAQ6LwJ1cuJD4=","KK5bW4z+hyLJAyY6VGgOh8D5OFuH7H0GdMwQs+am/pc=","uGMwR2DyySW+f4Uowrk4GEizBDmM6hXCgZGeZ0oLYgM=","j69mh0g2Cwi+G4V5yluJ1OFP2Ixgyc7DdHI5eFfF9xM=","4WwTNy+3QkkeoME6Ou7H0eV2JDhmshu32ok8E0iPfr0=","lFIVHeivDTuqdXT/5GhpZNPl/pzdyD2VFZUKVmPlHt4=","S0W7I1bhmbAKcBHValYISz32CnVwWXOh442uX9Z/ZnM=","pMexnCHshVRp+8CAokurPFmQUlTo4sA77nMqEQv8pYQ=","ptfGO+a1zTCKz9YoV+tcl77GUrQAO63PntIFbui8chE=","Sr9qL1ANi1uiYhQ02gDyBacsEXJR47OdsoVA+bdQ3EY=","D+bUbXTezu1keiP4rwiZ5oa9gTGhKLnA7ToWkL+nnjw=","AVdb4KSR3ZdCCuSwYRF6JjkQvXGJXIcT06ZDzEPr+Q4=","9I2XlTT132HBHh2i3w/6GiZPrEAMW0+KqtCa3enbEd4=","prN2TB0aricvhWwMtbp57q3OkZZTk4ZWPF5Vq32oj3g=","59w/ibwsVki4qjGh2E6W7hwWWd91O8FFKwgEzWsLE6Q=","BgLvPNdYMvgBInQk9JVYWhlFDGg7r0K2irim0cv6Rtg=","7HlSJNWxpnS+bqFbZpBPqShY9bv2EtJsEB6ytjKhoNU=","EaD5Q+Xcna6IIig5bPBkc7ohPcAW3gbjXxun5llHqDM=","HCUItNOGsc1+1j3cddoDGWOCTZu666CXAZLE3Ya64TU=","hPTtebSlPacpivXSPYig+sz3mV93PJ4/EPrl4BqGBJg=","YITa/viM3C5+wCh0kZQfp4jXcRhbRescZvGldi/FlvE=","8ThLBPp2y5XMXfASSvLhUi9ACyCINcW3z0O9ucilz5s=","/4F5on80Z2/TEmHcl1o2GWqZlUTM5bgenL5RYL1gW18=","mAH9zEI1/LC2QgBg2pywLRY5vfNJrJZah7aTYT9ikSA=","tQUzJHqrn3gt9VZL4nFGWW7HEXPNkKgZlWOecCKQj+o=","vMZKT8czIs8LNH/2boW4+84jZgzmuzYXVt0BaLqnhxg=","/lTBy1wk9Wrzhai3ZU4MJko1rJly9TaJQIBhH+Uz+1g=","/PQ6wMpb5QXFKz6mZe/6NtF7DcjzGBZ9JRZGJzAN9DQ=","D4kvDuaiL/1CgXNRSkeCHpdfHxRg8o8LBWOy9cDcS7A=","jVU0LRo/0i4kQ6MiTvGrPdaIw4Rz3SFgswh2jGnN89Y=","RqyXaXtfMUJMgc+Y0ik1PfCyb1LvozTKPkwJQHfuQt4=","zSYPFRoWPtFk4hBqnnZEIzkCs281Vg2ugyGVvXf7apQ=","I+yCUsU2eAkE0MNJgu2KYicsYgzQckG86j08YYp77zM=","0iO6rrvAp+R+kgROpYI4rvktGZrk3ofYTfca/mXbzak=","SO/wqAD2YX7gAaARKH7RMzhME1hRemPN3ZZe7zbaCxQ=","fDcmYnmqKhbGzGUSMR/VjmcHVVwz4u+8lIwWY7dlchM=","dIwCAAc4r+7yNqmhGOFSzOeQeQiEVY2jc1FJdulzrGY=","HgmmmUGa6zuEh0B6i3KP15V/KI2cw96q+J0aO2O94T8=","BK8JWx34uSbN3s5ymYyCh8ZiuQcnxhgL7EIRMvHaKEE=","prFity5TVUvjgI9+LzO1LJIwCByf7sDXdct+od5FMTE=","GnOSx3DK+UnjYHwSZn5844YLclYCJN1A/2HZkrAK6zE=","DxNGs0TU+AAC+KAQHqryxjRDlofVfEZhc/L5wJZAiLQ=","fKhfyGEYRsiVkRSXB1FpZQSmcJtU56MgL4V8yL27Lto=","Ap3ckDTCuFTScFbAtNt6zfV+GptZ3tufasaM9c2N94U=","4B6Ksx3FHT3rO9DgSD0JW3HxJj4kzpKrPV7BPM0CYi8=","NJxRVf56Rh1acS2sMF0B8HnZcbPVM+8ZmC2EPGOYbrg=","3PsbePriYTR59ZRiHab1PiTy5Q2bSFSjd2YhvVgV3EM=","Rjh6WJJV2CDA+Cy/nrN11YIjpoZXNRd+RXKUMkoASIs=","CfTqeKZFWTfjJ56LeUEyLhCKy31NUWw1mLfcBFqKNRA=","qhGglddP3zt6N3i9Hb+ZjoDQZaNBxsxH7TQs1b/o4nI=","W8istfBwtwffhLNciWoKfZqMEN88i+/mJwK4FfhUUXc=","MiFtkM3l11Ucy1h/mqXTk81FplHlxyf7qJHp9LG28LA=","dUOyWRaZUevCJDOl19hRbwg6gYr9CsmBZe6Jzr6Sjj4=","31BNXHxMjeHG7Ld37GaHZrQ3Mg1Zonccq07HZrOLeRg=","9vzMqsZ4MYBnh62YSNH40mPQ5OKGUf8ponW6uSpZp7Y=","N1KAjbMHYpdIjLRCWJbCA6zGXnlwSXbixyF/ubD0M7M=","OgO6Jzx3vFXIZTOhJdJQL76COzJmMxg4o8dkyH6x1NA=","7UxMIeHzet8Un22I3i+grnF3TobR6Ghsckd1FXKbm14=","5vpSbRcm705vs91FWbSF4ql76Cd4cXv5R6A7QPTgGIo=","1QyL+A5ECZDdb6+UL712S+E3h/MMBB5x1bnfftV3hWs=","7icMEFu518tK4sbOh+Vy6Ggls+9uoIKWZce7AWuAgmk=","9pvdcxsfd0TJOohcI3eO7INrlU/5J0lXe4w7RJFo+Ig=","DFSwnM0zfZSv3ZTWxDX+sfOgo1ZLCY8djFZcgIUIiPA=","eiSnmTXHjnstGeNhd+xFfVeD/8IHzW9bvHk7ovkdFB4=","CIbzIuoEEjJgBQNvqP3eprmk6qnV2IM4OO8TuPdFSqY=","IL4ixnM64wXo2ebPXvHTPR7rYHgQ8AvdNbUiE7Z5nFk=","W5Jr2Olp8jMz56jbTcoryYL8Kw6MxVVWUOc+RcGAhdY=","D6yTCZAFFQn3q0pOd9ZF/Ps9QzOyvEfHZcXPpBj3zsI=","Ae0s61IBSgwq2CiH4fV6n2/wou4CH+E4OIt2YFCSFvI=","PURbw7r1TH3BOptVpd/PcLAHPAGDFfoapdoR9MbBB2g=","fF6FL17/tPaSKQ+ZJ9NVC5QliATXqVJE6Fwuo6H1LhM=","Pa1D5XjK5D462fyCBSCC0LwauOsF7U+IQ/7zBYF6FRQ=","epJ+/iGEr+DkqQLvBCuGxpzczgWW3R0jY7vSzhGFCBE=","+Y+zTeCkBP0byg+xuZKO+5WPZZQucpjAFIf+DGRqkwY=","tLMEeWBRxolTt629KXv/D0pl8LxMMRbFXC2I5NWotGY=","2YcvnplSKExLjsTv7/ccYNWTr12xZempbrcp8OqllYk=","mZblLdAuJtVyxM3/2XT4pY0GNyrxO9IHWx71RwqiQCk=","/nBuaUj31pim2xHG+MTJtbxq/DpjdV5/klsMEvUlBXw=","SSpQsN3PbE3HI18qeuYba0/YeydNCITXILV0icCrEjA=","0dKIgUtkHO9Mn+KyIpK1spCwlf5cDCMbjD8uCboR4qk=","Q0RVhv9aeA9UzoQIDsoMhLczGQr7fWywNL1N81q+T2M=","YWuxN0xgs/mqv9taTpIrS7riryLnEqQTZVkUeDdTaHM=","xyzKUkcKOZ7x8+8srrv1HulpHXUg0fQuG1NwOsMdm5M=","Jt3HZiczvMR/35dr549RtGcFf6wc4EguogqSbTz8yWw=","yNiB3tNnCug7jAZy1dwcH70j5wEGNasbKfdJd++EvxI=","XcO+7Q03+YfYyBNY9MQu60tjUOXDHmcgAf+uWFipXnk=","Eg6Wxv/kFJsqP7R9ymostW9mtMRdnGiVG5q/ucKI/xg=","cXgZn7NMFdo9VYXTB+oSeaMRfD0ZPIC6CS4va8fCJDM=","0Adrh8g7cCNwjlsSRsgsZ9+VQddPZQvb5NFib52k9qY=","l2/rozatsHmlrwm8c90nNPOMQ9IctdPzmVMxaktk29Y=","aU+wBleh4aH2EZCzHj3fqR7wQhXs5LEDAAVN72TfBf8=","bojX5Qo7tNPLPzFQW5lvrvduCNU7TI9s2Sgx9yYpaQE=","dfsScu6vANlKMNi0iMu6WgOaIsn+jX8odvP2hC0iNCU=","pb35ny5lsoFOdN+ujXcm5rrzN6LnjJrp2oP+Lqkcaq0=","5FKn9kLRvmtFHyLo1P+XhX8+eKIdxfo4fefV2dk79mc=","QYwCrMUueOdBlxjtTakbeElLH23nwSL7o8k9GZQh7Lk=","19lmF+MTOjL3fwS3AzCttiRlL9EKrSeF1WyMcru6sv8=","DQBtJA8Ba8JBAw3i8byR/MlUlmqsK5S8uWJKcPx9AWg=","jyoXxj1Os9gNKBckw1CV68fjxVdiS2KvfNpwV/mSRKs=","fFTwQmfR9c+1KKjLlNIy7RINjNX+T2qq+0mYZMc7bK8=","wl3qNl2JVpszullBGFfdJmz9BKfrudooDR40aZ1nawA=","KdGtBxSFMJftvwCvBYbn7oU/z+lon1AwrB5A/G+bowE=","zoh8b+uSXh3KkO9pBgT5D/jqWpoPmc0nun3lmD7Hgjs=","CxVDkP2YRyOpC6PpnVAnJ6Wm1YwdHv4n8W3K7WpfbEc=","Y2eoZhLQ3s7cZ2CVsDr9uE8f/25hk+gJ8jjRR/PjASY=","AGLKAbK59PFp6Tdbzg4TRp6O4DAYFlae7vv620QO28c=","cY+qy53lvTjbCF0Ctxe8hEZtHfjbneJH7V9PSjE3bzs=","P/JdVMIcVHrwKvvHKk/1ZmWLC0imVbgxuQxF56qq7hA=","0Jzoo5HjLx42AZPk/3TKLMCBPn1vbDM7RW33tTzXX1g=","yfs88fodRzzHaTMA2j2dPvORXAQRzuSAdtTyK+2tXhk=","mcy2LrpwBz/QicK7yx5yv0PcKrqyXpHNlzHLWNWyq24=","X4csXwm8hkwm5KnrKObZwDQcmu2I0QpDe/ezbrXreRo=","fqscfcmk64TP8DzSHEMOB7x4jyUftix2rdOmELp7sD4=","q7zCSUA4ztg+k04AIZLBNaVzfd5fYx2fix2NuJRqd44=","1d4PbDuimfmEXCAaccU+yYM0GQSKzT5o2+EZgpVcJ+k=","2YBOgZUUerDCXTXbItkMxfwqMkk3lfp5V6wz0KM4bHE=","oE+ehFq+Rzhrd9ch9NMtgkS/7zdZNuQOSN0tHikT1RY=","MSgKGJZIkCAlL13kqMkLraISfMLs4wkBTwpSIRMcp2I=","5YsDqrGC9bRovOjWTzfRwyuAbVQhH7I7cE/AZdL/foA=","+82OsUUVYdyv8Yw7h+N9bKfLsPvpVobnLd8oDC8B/6s=","ey+SwIdzxLMghXbsxPZoZcBxisi9mS7fNxLCd4BdiwQ=","OrsOQjlX3/bj/QhOVW3/i3gN2pkdIL2qWO9Zpx2EO+o=","FI9xXXkB58U095T0VVvlga5cX6qy9BYr7VwyyF2C4X8=","6YZSVMu16H/rbICsEUQUaWVBPXsL5JHqo04GLrt5l5Q=","Zxi2HTFMftu2ZENgpSx2A0GxCfygNglQmvsAUPo11Q4=","8CKui7IU/lG/7oS/TYtRn02T9GCITLbR5bgzJEj3rD0=","gnqYGl71dXtqi8DlP7rPYQXm/MYKTGSEQBVypN9c4J4=","L+dy11KQIZQyJI/UTa7n0bXEyf+gosOfkFGxbZcr2iM=","eDH5VYfHhDLuFjordtyCbJhoKIzoq1IAYCTVe2UA9JI=","QOOmyZhQnWrzGxEX/5N4WpKNqzr+GqwgyiEr69ezkFY=","mRi/B+1Uz6lU3JrjHJcgTT7iVZuGXFUu/ZGBeQbx0cs=","V8b5HRr3P3tvZ7xyO9njkQWnJUZwC9HLAmbDfMB0Ids=","DbMu9IfbbBud+t3ETwyj7e6bmhChDsdS5o6cwkqR52g=","WCgjx8lFYCs4A4Pj1FR0PAR1/whp1oH0eyWWyK94p9I=","qkA5ugz3fWsZx566bmXkJ4WhiV7qyWVLf6fS3HMAFy0=","vb6tOZuEIedNwftHCM6+vZ8I3ArY2oVOksp+4/xmIwc=","pwO81aEvfd+qR5HPUXT1SZaQeu7gdie7KZ6xAcvn8U8=","ib2WT1hqC5KWuo/uuhYmwQ/JCnDAyD8F/L4NdT9zsG0=","llvpmNCmyp+DAXVRRYqTVtbL6Ie09lD92k6S+4qJBxw=","fSkCO9+ofaUaSPY9uZPXh/WKNIjSoE5NNKdYfmmkAcc=","v/qJN2wsCCXlRQGtwq8Ppi8ZHtzFKBgktaUxzrjI4yI=","l+w+ibZsDNA8wITNNW93XKH1h7A/Q7MGoyJ7kSAjxeg=","0kqcMNnY4ProsKlgyGIt+6LzyHTO170U/CCDpGGIGoE=","1sJwx0nTdisTrbnySS3cllJPKX8wqh7fF1xWJvkf5o0=","+Y+fsTmGF4xmrYzPxgVBL99X1t+/7lL4e9yfHn+RPpk=","r0AJllDrtIGd4qZj5sSDoz57ag0TnQZo+1oSiLrbNco=","SZ67vQK2/epwwcKniFckGDaVny2AaTeRp9VZkklYUvA=","0LWRHU7KT3f+RTXeR2AcrUCQJlwkdsxKqKQyPjdjxRg=","/BTtzjEAfS23eL3MNNXiT9PtcR763cSu+XmURZXMC+8=","P5kJKruTloGxHHzcPRCbtkR5iZR9FGybU2/PleTlUUo=","eoRG2hARa86mTXazakdDjQ6v8G65p8Yq6s3C6+UA624=","xeMEYM6jvnWouF7p/RaU3HTB7bK7RHG2XQypgCrGjJE=","6HQpkE8FRFavFBPZmL0NCAQg24ePOKmtc/GudLXGmPQ=","dee6q98/l64QXj7aeJ2K0U2NBKGMRXE5uNsF45dR8qY=","Ld8ouzRd3aZwdSb8abpbwasIgIvldA0vgk3cDAtFO0Q=","m/VYJFj5OUvTN2xGlNf6mMImHqMf8clbP779E5NmFOI=","aKW7cStgLCk5YQu+It0naHphPiXj3GOUtMFdV9YXShg=","qepN48PZeEqW+kie+jhOgTeV7vpfbf62x1suz6rRjio=","plw8XjkOk2ti8yeMuN1dQmzwD/oV0SIxWzWTF7o2xBg=","Nzp4W8CP+4Ip/P6PL2pMPVKuyQcljz9zVD96c2CNlUg=","Srx5G5x9AjnOFh5Hy9M5q1KWwmxh12a8PUgQjwhSHNU=","mtwiZp1PZbTYz4haYHYRhn3Z6++hQSlCSzcNNkb+fzw=","RHENyHAVLUjSWQVmGzAa5Y+1SBw/VMYHUfmn8e9+eF0=","z7g1T1OxPMkQVtYwJTBeyzpR3joDdysmZFdxI872b4w=","9TF3bj9QcqmVWpnG3TnwSegglk/83owLGv2DYY6Josw=","BCgQXP0AowGZJdO2NIVsqtxF1g5PvzCh61D7NEKt5EE=","Oh4Lh46Q03wTJKf+8u4wOtW95PkIieKW0P06EVrUvmo=","jPOrBsc+PLkP7DFLqmwJshkyDYMlDljLgsEJOkDPz8I=","h/roZYUidnevfhGErbkWc7SSyDcCaFfiAPgBw/X3uGk=","R8Yp7ytWHJHxoSeKTB2G5yVM6Ji+flXJSZ9NnMLuhaQ=","xZPYlBXgwmcrWLBtUSvNOCu/QZpsh3H+A//+UkFGW4I=","BftAbGFZR/BKvgkBfEizGtmJz5MO1L09Itm/4SOmwtU=","ipr372/3UXS1W119Bsco5MOAjb3yvBYG/FQeuv6yJs0=","zpdx3hH6a4elJQVvNJzi0PIYUGGimD07AyQ593qtZx8=","KHDtHJB2r8AzgDLJ0CXnK2y44+siotwTlQYHnyJ2tIA=","RWAcOiu45dYOT4Wobj5WQzYLJr70TuAP0UOLDFFCBrI=","aBmSeGkixjBn0WCvabQsKzJAq5pRrSIP4ln3AsXslHU=","J1gZ1aVbYlBxJ7+HpDpa5DSkwyDS+6NY/RGQ+vbctVk=","i+qaEK7AcVvtyIscZpOGVGNxoViReBwyvks4gDqcFa8=","Mj3USh5opu4k3DSyVuPGxsMlGIwqokRfD4NKeRryXoE=","QDdGypARbijy0aen76K14oJG4TtHVSS4aX9oBE/uZU4=","eHDUZaSdgHKK4XUW0wI60L3vTvFJwZAnmAs+noZNDTw=","p5+uOejXBbUWtNreH6zV3swOjYMbc+MFYsrjoK2Iueo=","hd9FiTlXekI6Nix8ppueMDn7m7E3FD5Ujtx2JkCT91w=","DyPKiKdPhRKtz0flRqr2kkjQIwQyiGFLws+VBrD2bsc=","JcRLbfSU/zGQMFzjCjBhajl2sNydqLpCNa1xrs/IoTE=","9LMkSdGY02hTw5vQThhWmGexlKWmLIGeNTZ88PhVKjk=","oIQS4nxoecr8W1FC+3D3mCejycOqcYxfh5cG+9CaCtg=","1jvogCQQ5bYL7iXHMAfLDdRA05m1ZbOkmbMNaEwJ+pc=","a/zvGdUWrDBqmlEtq+LN0Mee55eplY/nfXo5rFyuF0k=","rV2kJnZMlqzr/bvdSsihczkdVkZOS1A3Uk1ipQzxMt8=","DhifRHiFiI/l2elIdgqU1aO+3WMYcUZKE74yEv1ere0=","cQMxdyd2P2RYU7ZBGD0EKQnJae3bn6mI6L5GuqsaEtE=","KG2+Np7FFpsnw4bWxBXs+/+o5zDQvK9c19ZVc1APZTk=","prPCMZLf8GnizRGR3eTEJxj/wvW40Jh+NtHzgjVhF3g=","JfQY+BHkkHiXqvBiUS5MCyri6eVsnnd+YWevQhLXN7Y=","NEm/dF0Jt4mbN+WdedugmeF5O5spAminwxW5DXd7ips=","h/Ga52RaqBhR7JEXLZJXWGaiyorKWCXyW/sT2J1eveU=","RBWr1r+CQ5mEna4+yYPpQptnLM4ztH4TwH9FgTRdPEk=","za5LOHgtNMvcLYpGMLkkxotcDCrIi0qAH0H7qxJqqSM=","mh4MJfL0tsAwXiEMvzMnt9UjiOJFCsFxv9AMhmvne9Y=","tShLmXDeAu1KvQBFeTWGnEsQntJq3qDCsdpI2qw9ASo=","BA7AjrsmIkv912avg2WV67/hSB24VIR2UwOTe+sCnr4=","/BKBFNK/QFSSyJpUc/fpzCCR3nyF6Vh2Nhqj1lz8Tgs=","UIrcqFAU9HVnL3MyCygBIjdtq27u2tZnZv0qJbftUDw=","c88l6d0o9hJK0OuPXelqOBpYRfeXhIQ+94L+FUg9/ew=","moizpf2Quz7bgwMnmIVhjf4aJ+N7fB07XC3t9tdJ6c0=","KWl+VIZZf4e3BIP4YDfwf4WWAPMmAGYTn0GOXu61gC0=","/7/Iw2sHsnCm1PZBx2/VIDFHTCsOBD7wRM/iB25tn68=","XawpcaLH6hso250i8WW+2iQOyxhGDi75jTVMMNDLeRA=","jYB4ivTh8FwviHloX8FblILTIp6OFICOvWzRZeLNGQA=","4auudyRJiwT8lMKMAJuiRm+k0A71J4s3v4vcnxsZ6rE=","hD2IuWmyhXA1rzfNBH+vkA5vuEWSPeZUBq7IjTk/5gA=","4NoYVBiFdjzjuSRu2bVAkW1Oal05a4Fk9qOdUpz+bWo=","sThQfCdTy74Ux7tl2sLY4yE59XG6nFLl4brTdjbxkzI=","4GiEgCalVDuTX4Kw35Lmd+unjG6MnrvrhuFQjS7j8uU=","GdP6j8B5tetg4NaliHSsgqA4+YFKNY4jwty9CYIfKWc=","dRDflxtsD9NZWM/w+z/0zzA+Wn0DBtHYFI4JEOHM07o=","lbcI1UYVPRekdLnhsKjNEqawg1ChSU7MNxzSq/M5Qis=","jtkMqpFmsovvv+e7SNAdz10n6hJhspzKP7Hhhr8P8MQ=","BbJQ05t50VUFolx6nnyOiMAOy8JRQ3iMioh2TCIhO9o=","MH4SBu2IXk2hXuketSH7cLWorQCGH4tEWUsLvsF8iUw=","GhTBhR0lCd0sys3dz7g9DULdyffGGO0Tz0oty6yPuYM=","ZKPKHVxPEdB+bVF48SWCfg0KH+es44ldEXdimAbUD28=","00fpsAgx3brZ0nlo+kCP/zYMmYT4iI8AWJiSyVh/xAA=","qsdSyQKDclpzgWnGdx8jYdizb/OdYYLBHrwNIhq1gU4=","Ai3qAS4Pc1pIBX7hWYrmC32v5NIQ724AmqwoyyGRgG0=","Zwsxn2fAdGdlKpKLpUHHpTgH41Me/EN59HNbU7QcsdQ=","E/z19YRIhYqN1PSybrpdZkWmsSGlHoryiZVS5S51lcg=","ITPbj7Z95xxLJhah79MD/kf7wlqvcyqh5wFmTxU9jAU=","IYzCWMqJz5/KTPELHLQbZv23kAH95Uf4Tyi3MlX2Zsk=","+xQlQu/vraGfCYMCLt+0R1vHjlDJteYaejt6ybyXN4g=","MlPGGKO4+GXrYZtd1/2PjIh73VEr4m6bIhCkxYsNmms=","KRFYYykc0Q5wfovDKkjgtCFhySGWobG9fL+ohUd82Ws=","3XLr4K2cj+C8UGlYFs8vWXWDyuV+GsqYJmSTHs+uorw=","e/mTrBOht56huL0nD6+KZGYFfEMlQIoZynmgoe+3lC0=","+ki4KzOQmibrzgjKaSl2/vLyRVjUQVq7Nth8zEAV79I=","rvhDkcT7xf/KVm4J5l4KzWjwZ+mb2+1LqwMyYNde0E8=","tbp3pgMIpSvZQloKjHDdYC3RgywBtjyfJgbvNEc6yDA=","eOQhJF3CEj1pZUszIZRMaZ08++CWfmVXbA9aJvr57pc=","QsE45yaMudTzJ590K1yoTdH9XXDm8uHLOSSTfTUgeOA=","aLKJTlTjh3YstzeDaLwglpFi9h95VmXDYNid3Ty9Z/w=","QidPs/zxRRhWjCBm5+/I89oziy8J3VBqMdbrkEVlRiA=","NC4MCCJDpGu8kZQVr1zVP1LIHalKLQ/NZ6zKeLfbt3I=","zOO/2rIOy8oEr+SFTu2F+rzPOi5u9mXKZwgV7/KbcCQ=","l2N28rAmHf6k+nOEAUZWVP4xnG7XK5oTwkEr2k3sBaY=","2Mcv2Q4JW8rZlwm0bjCOueb8bjdzMX95hM39CjYZVY4=","sOsqrLX2n2rQ+dT3GztSC2ziZFPjKtNAid7BP2z0sfA=","MpyW0gsBTYT+OPCGeJfDpxKSLzrtL7BdMRMakLWmgeU=","bsSU6cADR6j3jbSn6fHJOyI24Z3FMkNBJYWqvVZ8GjA=","joZWV1BxOSz8uQ1c2cz7uP5T/6EpGtzsFPNadYJQhx4=","RQ3H/i94mm/si4uCX6IM/LF9QEhDk+X/wBbn5Bfu3As=","TJ0Woe1W6SL/eFzz57cu3qgWa5fyK3lRSg9IPRRTWN8=","3eqM5AypKeHyT9UDdiy59ISqhO0Joxypj9MhO4EOmRM=","9Kku8fOzT14nC5L0La+3GkG5WIYGwQJ3X3r9YZ3Tqno=","ClJfNAEVa6HunQ6WcRNGW/e0el+G42bgzQMRww466U0=","ifcmG+edjADxegZ5kmvJFS4JYLimj5aowDDjkk0JC+s=","KIOsGuZwUeq9lRJ9wv96EV8ulf+dK5vwROQmX9VGL7U=","CsSiMHLr199peRV2WSAK0eM2Kbqzih0bn3+AHE1b25o=","u+jkg+U/T/Gt7aCo06fNLcUepVvOa8hmrmBQP+hHWJ0=","7tFsNZEzaXS2iylnyd+Ne3ZonS8ddhMEkv8a4l7CO54=","584X/6XLi3/Qe5689Ahqsi/4bYT/xM38LgMdW3bNmUU=","LBUyvAgVCFIA9DOp1cfNmjgx7iu+kNb5niv3eyIV1y4=","v+8icZN2lCRTHMhsvwTHITM4mBrZs+IcI3075Txyh8g=","AoK8wE3VbJpJl32yHH5pg4CI59K3BOaWnwJiozyKGaw=","j0RAjNL8KvsbeKJHee2pPYOJUpjJBHXdj2thYFEsYdw=","ZJPIpedgladuNQu6b6jrV1hswKInl7DBg/J1P5d39HA=","OHEUn34q9VtoaxT29jHp8Xym1WH/VoBGCAUveOZTeTw=","URdhLZz7RxFaGll8TcOFhWjgqkIEshiPxQ43FpxnxSI=","ssYsR4ifFEu0mCw18rFMhcrYJJpdm1H9zHySJzot/BE=","BGk3QUt25VPV5PUvoMFWR2ZZtJC1/1yP8zh85ZqAhBg=","TdKSJVtnFYZfg6aUWZi1XgWHZirKRR8hmfZ05hIAemI=","ftka6MfGACLDouWrneI4DtzOSKo3y9EdPw8sWpPh4CQ=","7cYX3yc8avQaNwCpdFhIB/PRbnFtY4NMTnapKQ7iOxU=","tQU6xBVLssBuvKk8fQk7OXo7sTfUFNmcVtGoORqWujc=","RMZX+GKDfMKtYkK90N6x9u3Y+Sb41A8V5N17sA4u+x4=","HosPbPBfcbg7M6E9QvpRY+cEa0h+eiPx/wpF7nu2KIc=","Ww4BVR2esE4C+b8drRvIjKVqXHr4YzfK9+KD8kZpiac=","nXTOGn3W9K+V8i6qOO8rKyffwOQYRJvNaS0/DFonYds=","xpSnF2giXuW0iRZqXHnpklz3HEDtrsaWrm/wVcCUF/w=","EzsCB0G/20N+0UbpvZqvBSjBFRzmMQK6rQPLcQrEC94=","BUdPGddr3VOjhC90o6cHtENNiiHRBY1l5LMp9WKIC1w=","JNQDMLEU/tKvCnBVpDzwAEHwuGhqNVP8K4Bt40lolCA=","Nc8xWyuzLqvpr4j84+fD27ugcg9PLjiPe69H2H+RIaM=","+nZqPwb/2K6tckyC8B3sFilGyMn9NCI+wZcIaxoa7GM=","uRSw/3bbPgXC+dXeyRVDELEgnLcUAJ7bSqTitk8nkeE=","IVKp3xh96mhihn9S7WgFYk30pfcQzJwR7S6a98xvpQ0=","6MpK+r/yZJOin6cpimq2h9lHaMIh1/RE2GDuENpM5PY=","x0E2kF2j31NhMHR4pPS/StHqZg2LkFm4Raj6e/Fcghw=","cghy52WAZame2GiNsLHt6w++vh8DEEcnx0qjQclLMKU=","GWUBIC0slv5uRzTJpyfAHgpB/ILLRCsksjjTJCVZYlI=","1d/i2fQKl9DQJ6YCuHtpaNknJA38i0pjBlwhFY/6ERI=","vbLgXcv4ttFOIfdfc+LeGJNys3AWXFouuL2AKYWCXxo=","L7ZnpcTOMw2q0AEl3liQUzo3ePEZTHM23tmXYzHcfpg=","PbslS088Gg3SLfxRcysAq20PQHCzF3buYsmZmI1BifI=","LD4GPxJUo1GjZR+Kxnn+iAMQy0LmBSPnQqtyBmHnoBI=","+g2WmrWZMy63vdXBLNJPzLC1F9h6Ec3jrOPilPQDbf4=","5U3WbflEQbVSAl1xPFIBN/IBQQYp0Ki+wOIuWKNOAO0=","yTN4wFBhb1995pH1lWgaD3z2Y6Zp6qC/DQizhNd+jiU=","P/LObaZC+IEQRsA/JisgbrSEpEQHf0qSOIP7rXQkiyM=","ORx15elMwdR1F+p1G7RZp0040Py2XaQZwEfqWBtYmAw=","AmHdI/M3eVpc8E+umaYzcG+7eN6bnPgnvNh7UaFxSe4=","aRVl80d9kq/yo9tpPz/QSeo1RnZ6Ev8qaVdho3CSh1U=","zg48JHeXhfKG34h00JKLknAELZRLTisfluE7AEr7svk=","67OnnWjTg3PZRhCKoTnjjUtDstmMejcxgmnve6HEe8k=","zbaov49YHEOEiDLU6JfSAGHDJ1CGKz2M8StgNs/0vy0=","HIopTQEak755a/8Q9488BNYLwdYvTudq48sxjk1YcHA=","VzYCOq9PhMUMVN6LIbO1QdNW9n2KqE+mRR/a91Ocnek=","MZ6HHjQquKIwZf5SmhnrLhG7EqGkPwjbVpTAsjov6eY=","iV4qjn3d3SjAwK3Vj/vsQN8HmJgmbf449wP1y3b6O20=","dUdZSvIr1bJRqwGumJvgXLOtcSFvg+S1vk4uRltCai4=","gz+hrHTAf0T98Q5UFYF0oRQDAWk8Z9XgHo5Gkk5Bhkg=","yi0ev77Er78iLFQIr0CoCHIjBtnyWTTcpo+w1XHCHD0="],"block_size":4096,"path":"devpanel.bundle.js"},{"block_hashes":["P7cdC6HIA4XXPiPou5ztxhzMj41KJ/hZWsLMng5ue8k="],"block_size":4096,"path":"devpanel.bundle.js.LICENSE.txt"},{"block_hashes":["UJYe3MFvk+Ky8KGrVo24gadgHQdfmxt8IIifsvf/7T8="],"block_size":4096,"path":"devpanel.html"},{"block_hashes":["U4p5L5morGVIMNDz64o8o0+9zP8sLXVJHdt4W41a9iI="],"block_size":4096,"path":"devtools.bundle.js"},{"block_hashes":["7IyBKAakMawzhxC7PmcRs5o4bVs/bvsL2+ApAJ/U9Q4="],"block_size":4096,"path":"devtools.html"},{"block_hashes":["Eo/kDQc1wqbGIDb9CQOZQnJO7BwOmkegxMZgNSQiG7I=","4Wuc22arhSR42965j/4xIxARAGfAYqQAecKM3R6pWqg=","6WM53kEXn2fK5e/MuSWikJW2I3rKyVBEpCIVdZAd9R0=","+9t5MFrJMbnQzR964I+gcSR8D0zLp6B+7csWNaClfGo="],"block_size":4096,"path":"e46177b21b27cd6643c5.woff2"},{"block_hashes":["m2IXpJvLLI5euMyfVSZLWf2SupOwK1ZatQFTTioWeNU=","OLIkQ2yS0faXIq3oww33cxp76YSsqHJEL593ymGr4mg=","w8Vc1dh6UhX7pa2iHEL5IdwxYg4h3me9skrzEvKHg+k=","WwU/p1ckIzLpFAutXN3G50AYR51omnI254SL2nSlOtI="],"block_size":4096,"path":"ef865b56e54f6a46f73f.woff2"},{"block_hashes":["2Ic2jxiqRIPVomeobR/10moJBIuxyTwKydN05DgBQ0I="],"block_size":4096,"path":"img/loading.svg"},{"block_hashes":["stgNuTzV6nOavcmQpM08U6xLIA04naH+PQe9zpxWvfQ=","BQ/wi+k+nTWbnts+W0jIBjUg7hv2ZEf2nWO+kT/e27Y="],"block_size":4096,"path":"img/logo/38x38.png"},{"block_hashes":["oQHGPBbCmACyRQm5Hs5CUoLbDcmFibSSHs9zDt/ce6I="],"block_size":4096,"path":"img/logo/error.png"},{"block_hashes":["Z4dzuRsGEGfOQ820Hq3Fz1jDHayLbOlay9gAOnEFK9w=","3eCx2AMveOXQd4DbWm0i0YEmMWr9gbh5r/bdrVCBQKc=","iqHbGWYHZms7yPgAWz31hmZ1w2FJgaQGEgx+l9rR4/E=","hVqjtz1xAeFI0/rOd0KbkCcx+Svk13kNiab27WuiucE="],"block_size":4096,"path":"img/logo/scalable.png"},{"block_hashes":["wIlQMySJIuIbL7pDnoEFDDk289L3YFy3TkCkzICNQ28=","Ho+sju7NbC/DmU/oSzj/7B3Kq/yzH2ttZicnefjW4nw=","DXizjgrX+m5TysEDfQd0jvp+AWQBefyZAL+jRK9uPTI=","abYul9uFdFfoZcOOom2uZLKA57I2/NCNETkiWRLg9WU=","P83jzvIcgCfrJohV1zFpt4EzyR5S4vNFrwqY99u3CdY=","H1E9Uv9vVJLy+nIXqwjh7PiCPuTx0s5CE+6Dwe/jDCY=","VW21pZrY7cg1L76c5DzQ09HReAD95Y+MA9uJax8Aq1o=","1kg4mEj3fhBw6oEjIvQvzlqD3aH9v9gxZNZTS8PdMdE=","S/Dncm+7GsHt8Kww51UmSNk+26N5n/MJCCCJ/9lxhQM=","8Bprcii0DurMGgQxGlsOMR6DR9SDT7DVFxprqP1y0xY=","mPSuTe8DrFWMuTudZMp0Kwwu1rs1vKr+eMqrlOZreeE=","YY7qUGbQLNQejVDFa4gGDbHSQhCXJ5cUPXUWXIXdEkI=","3MgnaYelDP59f4tAna4PBwzek6RA1m6CkHxRMlXV72o=","sCfXE1OsrV45zNWlmmFBfLyqcwoPprCkxxgOO/Zeelk=","ak/Yrv1LS0OH2T6iHNAETcVhWd2I4dhOGlcyA222Ep4=","z8ORKKxH/2md6vmC+Htg/3yYHYDOv350abE3RVmOTZY=","286/FsExIl9EeojahQh147bZ+IyXN+M29eqJ1ZP+mCY=","6h8++pKVtC95tC/fugOarDafzBP3XjZl3yqYCpBSN84=","eUY07DHlrpMN4QP4u9mBx/C7U22TNKCOLBwUkk21P/I=","6jGF336c1i4UjpsrlrPd79CepAxdPvE0cUJHzoU0mE8=","VYRALgCPMZ90Ja/cM90MHILXz1nc/Mw7kRQlckqyf/w=","4h8Lk7XxY+VltMbYcmHTepnhHVo6x8LPdHe5GfZyZ7w=","3dAdK72nY9liQeJoWmkRV3/iVvw41lbemzOIrV7f3Gs=","TfX3spoytIpPNkSWjg3trl+VZvSPPYO01GP5/vtzyaE=","iTQiZ6NCbTnv5LSwYF8thXhMEchTSxQYPTzeF9rOwKs=","6cf9QKj8xxFiLe+TgzQP05j1MMtqke5JnolZS0JkxKg=","PA1R9/e0oqIUa9M4FKGhnA4x9npeZWguwyVmp01a8Lo=","hMm7HzS/G9hbY/2hL+hQc07GwTdO1BT9dvzsGol6grM=","o6oWqGFclQB1p7iM9ryP5BafFzZPFqGw3Rumq5w6jrs=","pRATahKEsT7AvqIsMiHI/bFmrr6AW/E6JbAM2mvgGj8=","yP9ma7ozjbUwPjv0Vk/hjIi0AxMsSQgVR/Cdk6+xjBA=","QnjG+YpyTkob0cV+s5vgqEq1u/f2ONXP1Xm08ovIRk4=","FNKh76HoRZR21BQ50MAm1oad9izmZoPOHPo+NvQRIp4=","Laqik4wgGBrhaDjwLhyBxYpqJ5AK8Sg7nv8Ym8kSYXs=","OEpMsOM6ws5cXwsNx3VqUX/QVOTV3eZe/szqifR7N/E=","C0F1rT2BOMSRItTyJWrgjXPQYddWHG3LpLOgjp/Ywk0=","9uCxq0O4jDbkpuW9I3JChuKUpWhil4VP9qivvKcFFus=","sTTHpn2/Km+iLRnNJh2OfAcZYZTpc2RobzScFNjKTRg=","NUceWH44h2E1+zfNzbb32MFYMQivmHOrp/B9nMAQLUU=","E3dNlV/fn5QdBQVfIb3klwEYY0PI67E+8JVTfHHLLN0=","2my8TzyJ+Zdw3jyVDZfLJ8BWVM+G1zfhDUGunOpHjMQ=","EMLSHippzeXIgNFthGfBXTR8gHWXdpOiAHFnwmX7wQE="],"block_size":4096,"path":"options.bundle.js"},{"block_hashes":["e5p1o8nk5I59O2lYb59lVhS16o36RTqkziIaZ9X8TZA="],"block_size":4096,"path":"options.bundle.js.LICENSE.txt"},{"block_hashes":["7rzum5B1m4DO9vWMH3rNT7qXeQmhg6lpHmWOCmplivw="],"block_size":4096,"path":"options.html"},{"block_hashes":["y2KbGzWELOulBuhcmBzmuuE972TKkAfKWf84tcXydp8=","S36iKqZHWER8BlvAeRAq9S8/lWCEVSxMFnubibCPWZQ=","6fKoftxlhV1e5OzDNR1ubKRB8nDKXWa0BE6d60GMkeY=","m21i6zYyGOQjt0QJb+kMIOpUyAaazPGQIs3ZlF8BXGA=","EDNpBE7n04+PiH0EiXoAEx7OPlW5p66Dw4sjmFNHcwM=","Ql+2/Jj331aDyyEUNaqLryefw4iQzzQ+6YQGL5nrSvw=","yhYnhIM4onCV9F/pHAUOpxLYVvJ7sVyd2NmkMY6wE8c=","YeXralYbGXEd6E4nMHSVujh01GTMnQCgbBMlDnejPnM=","yv/i1MDcaVfn7puMQ+0/cvTNH1NQXkVxPnZZNdDPNAg=","mshF4/maQ2/J/C2Wzrv4o2+Z6JT2emNBd/CvNmhiiQw=","Cv0SnbBu32wgvahDmXKI439ElWeSbYEhvC9c6T0q+3g=","6HfNwLkt3Uj6ngyctVvfFlaepR2hLn8Tc77S7QvDel4=","F7fnMQQ83k1oz6s0Oo213qhZseC1uwpgJznWkFpUrBY=","eYBjeHJBwYvPUwoUla0847XtnlojGdqvqJCSrj8UVmo="],"block_size":4096,"path":"page.bundle.js"},{"block_hashes":["sDpk7tFWn3Y5KrBFe7D751SrDz/5LrrYIw3P/k85UJw=","oAU31IDz/9e8u8uIH6+mNq17quZYlVfauEZjxOpjkgo=","aePi8Xg3+iFricDthgN4cr3bLECoSjTWRZdysMcO3pg=","lwVYVR13HWpa1jL2s46sEXWt2zUXYyS69eVFGB5or1U=","QjLD4WWu/OAzSoZOGnifQ30Wd3/V/uZyDiYjkkCYFOE=","gmKoJLMaVp9WIMgvt77P4Ox7SdFTGCL6GAdHe6vpfj0=","fg0G46yRnvWEoAytepxN0YU9bm4dk6XZT/WWCq1kiJU=","B3ShCUvvGUQlv+Gq+E6VUs1k+OTdDiDTPxk51z4bQdc=","UIErYVCdC/ZUF1NHW4S89znl+v2xRlRK6gXEYsdNx48=","rV5Na2He3bua7EJEg9v6q1Jiefh7hb/apb0bXrWkLrQ=","7FQ0NL3L+xtXhXThmsvwJp79Y7mex6jL6T4Egb5z4To=","/BRyI4EAmDGiKLOgE1nene7C7kdBrKOIopaZuTc8Q6Q=","B218GlkBBXq+2SGSwEq2Gi9kZ/GtuFl1sBrcgrCX2sQ=","G4S8BFZO74LNCjN+HQHPmW49cvrzs0vr059UZKS01bI="],"block_size":4096,"path":"pagewrap.bundle.js"},{"block_hashes":["FVUQaFQuXN8QA++wt1ZkOhYckiLj7/H5KUFDqN1uBIA=","wX/IOnVGPMDHVJTkQaFsOzoRvozjki6PMT07uPpW2DM=","2aDtY7bh7im1bsgzd2hcm96lfX2PDveHwH8aLgMsS28=","LK00mIk/vXPd9mpyvjPKJ390R8UwbSFvKvks73htKVQ=","g4kM8ePSinIrrv3tBYnPnagTGSp/KBhmaudDzSOyOts=","MSDD1gD8t0E1pOUp37/5t95Jng/GdSHQ8mrvS17jD0M=","J/p9yS/Vg48PhsGtZz+/8YuXzI4+uzgZVde7cl3ojU0=","LRvrKuWbZiyQUZqAt79V1rbvLEE+OFSs/TnAP8HHkpE=","PBQTwHa0yq36wz8To6F8fHmSf8xZoeYBZPtkZUl3/TQ=","HZd6duaVJkd44temUEez0J43eXD5Nhv0GPHHCfBFS1Y=","MxPhezIdTKtbzQFS3FALXBzPbF796pBHutr/sz9SJ4k=","NYlHtH3ZzPRYjN3xxLykfwOGsR6KVnFLviL6sftWKZI=","xL1luN3sCZujRLSa2fi/zPRaAvMIiu9KiHEV7Hkk7sU=","Lf3HaupV1G3Rv623pi2kwGVA6YJ4VDoq1d4AHs98xWQ=","6Uj2CgqkhsHzKa2Hpg/9DMEah9h+kJ7FLIa6b5YvH78=","DaVTEBoFIDvz+oH15BSeSeSlLbUeKR6uNnek9Ffo++4=","YQmPV1rXmIZwYGzxlvFWfUr/yNRBtFVNd7MbqTRLeMY=","m4KBtV+agGmzMahtLUSmxhyIkio9JQ1KhwIR9bd74nQ=","VKja73Qjp/WdT5wELnYBeZ0PF2Oy0gTPGJXHYYeJy1Y=","VgaxmqXFCylrOa/Da4bKF3VNJYTO60gXFkRHksFfueY=","B31tXjA9ly0k5bImN5tpIRFpaYXnmdb1pgtgmCyo+S0=","5u2cGU+GPBilmNbXoE5mF6LaulRt0kV0gICEJY+fSUI=","gvmTEGr/W8Zj7140NbE3aiFXz/bWsdOf7Q1ga8gZiWY=","R2jnXM8eThCYHLy8QrSE35pvtRNRTPUyTZTyDGEinyo=","ld9qxcbq5nzjaGlS17XIzGbMU71Da42pYkPST2+Z61U=","lgTLGznvKaFH2pPvyQi3/GohjlqHQuThTjGqWBuH4i8=","awcq69ukhxXppl5Y/6JO8g74Du9h14aw9BLZu+gt77w=","Gqf4Yxclj0YCQmZ3D8hAu7CnJ6V+Yq026mi33BL7BNQ=","Le8gFMQEBI7LzmGhrK6TjjEjNoILO37ItH7woPn9Wtk=","spYYyr+zTfE/yUvdvqx/7Z2uQ/MkIGpgMMz4S5b8dQI=","umUF1pTGEehxZlYAgM74aAeUoSGuDBrgk6GEaOGaOBc=","TZj7YH2NISJvI1rIboxusrTRTmNoQJ1q4Xzxvst3zjc=","E9dpu7ZuiES5XLRkyaSjfULdRD2s6eoO3WGAV9h0Q8E=","yCXGMIPhsQxRKlkzd1Tf6+eMXimRFqpIOw5fAla/Qs4=","2XUxTT8lNEsGxORB/PCAwg1OR9op50d4Hmc4bIOe3/A=","L7fuVGYzvG+UHLt4BCWfvVOKB4THSL5ODnvo2FaROTc=","x8AsfbbT/hdY6BnVyB2TRJpxJx3GO7mklb8D4MO+am4=","syNJcQmLLr+JQeqr8R6QHuCQ4MEAmB0hbPPzRCfOu2Y=","J0kjVf/HapYxw4BD7n2OdmoLmA4q9tm3HDrsOTTbJNw=","uIDQ7sir7EbAJz1HDrtRt1hhwO9vy5EiGyRnBMxz7Lw=","JMpsWJbSzKrdMQ5/x/UkYOk5vB9RHY6R+wcV6+Lg5LQ=","WPZYXcrDwofzDizws3+0KksNz1n+RW7KX5YWYfhV4WA=","TAF81uS210QFFcDBM8zS3Xf47y9VaOn9Gvgr4EEBuY8=","UOfRJaruTO6jLKuJDJpxdfjc4ABLkF6oYGFLeaU39ig=","lD4zOy0ANQSW4MT15Sn07LBtVYYpRQrdD1wlnXvJtZI=","3i+f/nB3l6QCq4WtvjWUEd95L9DUr5wQ8EJuWVxDlck=","XCX850xMxjrGibw9/TRaBaXUUVgxMitiadUQKKzkq8Q=","1DHrsmXhJfmlKreq4uNOyMs80UDnTWwoW88qkTYKdkQ=","8sjvgzWNDXiWDF0snny/fVgZ12Zrqd/JinSM6+c/LRo=","IHML9JKnJfPRtKLOVHmkNpfXMrbyGai0u3NHjDiu4jY=","6n6CEdmsusv25edVxEGtRwJFiQVg99pEALooQ4t1gPs=","qtPS+QO8MAnblt2oiiD+lFHtZZUGvb/PPSylxK/6tOU=","lCFTLvrC/Hpu5/yuGXFWj+GhZ9NNT1Mup3DM1X6yUpA=","2h4S9IHwuea0UGskBN+oXH288pneitmUmlgGbt6OXpE=","Rz8/jvGP7Vt1DjQctpTVM9z2XhQ5D6hEHtjrzy5vsiA=","jfUK8hfvUhLQSC67JY6JE0YR57Z/1KeoJPwHSGSFVO0=","8lfpAx5fSdMLsTHjqtEMquUwEBm0+KQF5kygIMtYVsQ=","TKujFqoapx/m5wER9b90qz+UxaAo7U1JjiUMHW0EWwM=","NZaCghub+RjRtdVPWYUhMiaY6Wy+3lSOFQxulmiquk4=","gX7ZJaR+DSUYr9lYJBeMBPG7ud0xSqbavYKWrF9rM1I=","9lKg2C/a6t1P7iTqPGB3ZyijNxfA94smCJsiiyc42gA=","tZ6W55P1r+w3oy8dWcC30OHTtQRzJuVzdC3vavXOZtA=","IZUICqFm7r6qm4B2bfx+PKjsicGb9e4yRzOeiJBFjcM=","yC/8IlL+p0eQ55q4aImCKdul3PfK9CsI/jMzdkaj9A8=","G7k2AuZp9xxqF6Lm18uW9pKYz4IdWoO74+pM6Zs64ns=","ASyDpYDQP0t7pVJhwjF1KukllroXt3Be1n597k4s8DQ=","RZfXvh0d1kNFR3cMR0HA5IFsTgXfR2c/mlX/whGFFaw=","A1HEboaeMXVJ7O9Ci8MhJed6/ufVaxSmexcjXUo6Xik=","saVZ9Y1s9ELV5AKhfFUBIxsq7LYnNnSNVnbw5kjhBYk=","v/d1OS1F7lLNsx6ZG+gTPytrAjV0NRxKHBssfl1ick4=","+aN3pm5qQeoaIzjp4eUhUCflCvXHuGtv7rR5QhbqcCU=","Hi8J4onUWky4V0QGMDmg5BDHufV718F/oCMVekasCyg=","bHFG2nZL/eXaX2VbCX5zp0Dk9Tia0JprQ35LL6aUuaI=","lnRbRJOWLqU4AKg9VHIRhmzbzFpH5rnOd1hWm603vCM=","x1nUD1w6QFq8w9Eae1PSl7IIn7VJtJJQjSpMCxR7lO4=","8T+Hz1kk9ZHoqaEmdzZdaIQJrXkhmlVuk1sfvch4lLo=","EC9TQ7AE51YFtoqFagLoGiXUjVQ6TRnRGpyFXwymi54=","r/8xiyk5jMXERW0aqmnCOX/4jP0NDLSd00bAX8aUMos=","3VKZTbGSFi3sbZyuO3fXi2B7Jv0Er1xjOi8Frdwgf1g=","V7tzCMQjftmAzzqHAHU+CRojCBu6q46APZWyj8TqggU=","sE5w/cEjZetWaDBUHwZfVnbrePncIsoBfTBL0TIIVYA=","aOUZQhDchZdOlbyYUmIJkWDTXFjaSbt2CN32/EtuvHs=","YR2ai8fM5FD69xghwPtuZjNewc+GUMwFT5dOC0N8XNM=","4YrOOecRTvJhFEgx2gXtM11uXRh9PbHnTjJgMYv0N7o=","6HfXb7AcYXCBAMQ/zOmJ8QFdIrjRHner/4eT4ceT0ws=","7A9gGBTCe96kBfGlE7spGzW2G0DRbrss/GvrnMLc6II=","tKXurgouQP5I/LUMqlchD4ox+kblX5IAJ71CGUw7fNI=","mN7vnpPTI1gKzZ4/N/pAECTUz0JLHrjrtt3DftEPTb4=","lRz2+seqmlHJiLKg8msMI880+lqPmyan6PB17cP+t5U=","U8BQY0RHydqwFvmAHvW72SqFuL7i429d6DbIuO36wGA=","pwoCodrkD8hl3866hf/j8dxIGarB7hvN4H/X1+QIlfw=","vd4QGmF7eLApOUyCbzVse8KaKZ8SEN6gA7vFgdiCqfw=","ATmiXjG0teLYv7ls0F909n8dtPI2FpJQ26fVcqBxZts=","66t58Q+1kPjJKSxIjBzt5x+zeGIftpr8JXvLZ2FTHqc=","h9BJlanrthjMH2rGvznBPXjMdaTpPDUYUZ7F0KyJ0bM=","VyNajl4boqLOnA9ovj1C6XEjW+I5WTsKBLb8XSVjtxw=","6Wb0D0BnBugo7N6YBMyzcwDQnS0AYejVFoOK+dJSQG4=","7o6BnHn3RIdLHsjfjW5f04B904I+cVCNdZ2fPZde0aM=","RsalaInimTc97NRLPPkG11yQ1WYxSZNvponKZFw6bqk=","7QJtzg/Lh4YRGV539OtHPK9v4eeuFLoqhcbg2kGUOgo=","2U1wgA1zzjpR4rW01dVAJV67D44TLl8xKm5gi9UYaRM=","Eq96gpFrq5wd5PeqhUYkp+RZkwxkAvIrknLikmBcuig=","kjYdGzBe6ecaw4bzL/4JwiLkjxobHfiFynHWgDFwmIk=","c/CFy9tMzTLJcgAhDqOKTpRCguA4cYw0Fs3XCXTISaQ=","cqtrIXgslfDlDwczLQsL4sQ6K6GUL+7D29hhVhdFGuM=","Jm+kTuzicgTUDM5sa9Z/6K6HxkRnNECdfDFFZvLc2Qg=","KjD2Tfic9LZ9wVmGbszb+SZJNM9uUVuSaJm8v9PSDWo=","cOHrQQNfzvtzKtV1BD+xoVwg2u5fGdw8A7ZG0iQBJi4=","LEfqkjpdXUqz6jFsgwjEO6/WDN61ScKQsWZzzJVRkZY=","UjioTq7oiRit75u6YGRjlcD4CDBl7YuyngEftQmeKds=","TIurlcERec/riHmeTLAe7FI5D2ZfiEcbfeuF6FdH7RE=","xTMS41C4dQCdxQzTI4vqLZadTAHqCHyQlVTQ+a3shgY=","5VvsDAEmwIEbFCIPVyeGAQlIXRd+4EMlNiNzIacGE/U=","ELQj/6/hGJI8BfJcnUMlrfFRTvfoyadT9TF4uI9NrDI=","tooAXRGgFmiWS9fcWzWSug+3T3fICt4NvPYsIBzSaiI=","XzOr3yraHoCHkTwpCK1vFYKgOdaOlBhTlo6KXgwz1UY=","feRd9Rh48mO/R6AWYi1baMWN2WIMhc/tJ2t0WyxxVyE=","RKGDbJCtdXs6dx191GJYqFdPdXMOL7AzITMqrUxzi+Q=","NJvf7fDUk7D3YZSJjr5X2j9JihgGGgozP50Z1NKbqlo=","uAJZ30ziXoWuDFnhn3sICS7wpPGfiYVsQfU1IoxP8ss=","rmE1yk6egY/dDl4udpu2fo7YUzQrMQBV1NRfiaDirjg=","qmu1hY4IC/4uZri9U2hlRb7tESKQ1Wp2xwZ3/fZdX7E=","xjMUiPoI+qxxqEbPyI4mg3iQuz2aBSboc3ZWPdT24c4=","FlEn76EKZZKr54xNmtHzR+LJWCRG2m2tFmGaPXNxbcI=","tcmicYFIiSdeuJEG1K3y+QysAIKHaHs6qRcGhVrk8XY=","sfrh4qPIptRa6NBElHwi+ULhugPAID9xdXQy9dUgaeo=","THcnfcNKhHdQuk9Lahe718MkjQNO/Am1fFjDZdWun4k=","S7Pk8sv+S9chtP7S/zBdrLnF2EtTUgmgqRRCvinlR+U=","TtJWBIZKSsdHcF2fmwKrfoDlerqPXTbEtAGfCPIUIwY=","8t9sjEHZOD7cpJCgGVOO8Z/3Q1H4ew0toAUlrw+K0sQ=","a3i3HQ9bP2H6TKtgrTu+qoyqTRfnJGF0+m0Cw9tK6eg=","xZelE0Vbw6tUrN/WeAYiHUgGcgPkrT5B2QYp8IA60Vg=","Wj1dOjte1N8yCl0Egz3r8hcDlDFWqRJA/2hNUi8aDiM=","Tkr+ouWAmdFa5f9PcRFlOj5CjBQpcq5/OZQ/0UUZ72k=","kA5zKuqSUN492twm+tUjD7pCi/RYGpV8GZGhpHyHXN8=","pw2cRi/VLQP5q4EZEr1Ooz3RPLgHmIYcVfBzej5bbsQ=","4rytuxyffq7xBOSMkk/LuSNylHvnReMy4F3jRM9zgrY=","eaDwR/ldWnsJlkRfEORo+MYgBPk2eyCC5Hhp3vmzQ3I=","tZpmqx0Rpjr3YM5hzo0ntXVMUj1Pi+X27CKr8r4jVcI=","2pIZDq6SVmbNIxkDhUHb7LWVBzeoDt13Ryxzgo1aQfc=","VG6GVfs07R1XcGgTbs4cKW9Jce1kSvle9TIo4GHPV3Y=","BQPGtsAaLIC73R1hGx35p4vm7tdyOEB/m4H8m1tkNvs=","tCyH/PlfbvmEmAicDkeohJq2q4f3LSj2su1pUv3baNQ=","ww7REZSxOn0vrhJ+gtnw6aRdMKIOoBZLN4Gi/6Hzn1o=","qMDQjuhbS/sKj54gISeOrislyNBGbybaESj99A6sWKw=","Z8Dv7HiybdKzN8xPgSpfT8Dj+n7b7YnBZdBB0kP3Bw0=","/SIajmOYFchjEBcR+kWbLAp0PvRO9qA2KceHHbBNg/c=","FpeJYxTkBu91uFFKicmyc9tzXzK23dSBKUIb+qjx9XE=","cixQ65CQ06JNVdv6SaHd5Nrb0h0SFxGVnhm2YJPx9Go=","Ve5DNG4ON2dLroHWEOMPxz8slIAq9czTHwuVhOSJieA=","+XmoY0EZvsZy8tPjq/Hz84DxzOpx5I0hZ6/D+e0pgHk=","TwrfSTHEHfN6mf/GH1UC5JbzsT/m6t/M1uGvvqsxnNc=","socxjWGMTIyy7RHsFdUY29b5ggg951L6JRTMsbvVUPQ=","X1bye1ZbcQqC4d6+Y9zj9Itx3mXOoRMRBDbdungZVk0=","+eoD/6SLUkPByfzhFHrl7T2Kg/FCLmPOYNDerj3gj9k=","UrZSY1O0otko4NbA06pK5GKHS8d1GHKKrhi2L6RZxpQ=","TPrkPo6djCopi53GPkEM1KyWH89a2iUHa+nW7NHGFFs=","r4NugyqYUCDqUgusMz5Kr1z8pLsU4JTrO4bkxm9B2oQ=","ddov5sD2c1pwiBGe9yxpthSyns/0/TX7jYtFTIIsOYs=","hlD1c8XzJeinx1eIYcl550v6nkGlw/zmXQpaTKlffXc=","+IDaJzbbRU9xn25vF6lvX2EvgLqxexUe892eUDY+H1M=","LgMuhBsRRy2eC1BG7ai1GN05Etp/nsJVZPe5p0fPsKA=","7lL/ONjGDUmYzLV4wAKAaJaKiwCq3bis7hF0QdRXRbk=","reeIhOV5+8aNsf0Vofe5Ryox92mni4ccnkzJW1WsZPs=","MbvAxWxR0EGENMzHUXYDANifnBD06G7N8w0TSjK8FsI=","EUVrTb6VPLe3iCXqmC9+yJduho12EBpV3tkVwx7XkGM=","eTHxFwyr7ena1XNdySYP0Ya4vTNcch2fKE4rLjKXohw=","w2Dy7f36yUaXk8u7oZkKOo4NzxkeyPW31MIL9WCbJuE=","h+Xss4Bxpd48bBxiM1uV0y0dXiQQTT4Tx2aiA0zjHXY=","Tr7B19rsQcu2mbkdRkLNaozHnKvfb5UjlH9yoYTqVm0=","MjA7OztOwStlkcnPPurbswgcAcQ9vW4YLUSvOx1Am70=","WDZOwD+waX1lg77WPT2GNxztMBuAIyueyIeDT6/Cu/o=","ZKgh8zzq0uGYBs2bGJg+gBOJfXl7g9EBA3AzxsTggq0=","UD+Va9anmID6/kvg4wfo7hiO2toIwJiWYiipcMWAxqE=","uhl5VYcrrWEFW3yFN4YbLeAWDuICABJxdv3wSoKtkig=","kKQEccdnnSdKDKHHnjfwtMIcV+lOAYdnrHJ7QvHf6dU=","FYR7oJINdcK44ki2DQWFJijYNuK4k6JTLSZJBVMTwhc=","zstRKJ0bhZ2naSmvtw6wyOO85nuWdPnFNkTQPC2QVoA=","IaWz/nzEbse135rAdi4lxsYAqA/d6fHhwpXhJJXVUs4=","/GIV5I8lkJ8gZqfmQEOX8s2DDOH1JXefbdJjXytFHTQ=","RkSg5io6vyQl1TqUEJjx2gijparFOW6sTrEKY/ZEGN0=","Rw2Foh3ay/Kvk2scKFZ1SPk4Uk0ehve9LUoEgaFXH2E=","Tx5HnaN4znkqUNjX/hYcaATZHDUAJYZ59pEWmbYp/FQ=","gE7WNJATnxTDFulVQ+Mcx2qXPpVvvUjHamQZQ0sb41I=","GsPbc4kA+xhGbg+XGipPsjs4xGBP9n8Bpj0+7hwd4jU=","+3NjqxDVcP0vcJRgpqD+f8LRNdHD8kBKVGfMCF/G5dA=","uuLn6SeiTvo1KrsgjiZ4bdbSdza/NgnsrjdYocg5eaQ=","E6pFsuTS2HyUeM4mMszv/+iH6hFETzRlJlI0YGOOZto=","UfI73XojNuk36V2PTWxbNFAFTGT4EJ7yZ3zK2ZNWUlY=","W6/BmuqbDK0Dmm/xsL7L9aCyPNe2V9eVDo8PM6GBPrg=","5CXboN+JCYzeltmp0cim8eIipdVvt76TSN3BDdUF1QY=","bA1xjnO3MhapdyuMkVSnWSgO87mBuUMynLgaT/kUtt8=","OEMatXUthw7oRBAZo62IRFBHGv2e3U0EzOIxXrdnbv8=","sAhf3bGC//K99vhEqiULGp0/XNa9g2S+8IUuhf5InVQ=","PLUlUnKAV6grTRXAvbHhRj36ugYrzBDdVHvrtIWjBTI=","Gdi1p5LNMb0tgPac9EtD6rj9AkMGmU3+H+ixZgV9FSA=","WNQkwg+uw0WnavyDXeX2RvY3f3YhSR874glepiPOGFE=","4dUhx/igPyDhAcLm3tJzk3YOfzZ4gNN6lbojoQrycgw=","4W0hL9Ooh5oEju4UGbeJNtDxB5adJroBzkQsuj9ju+Y=","EY6w1fldnbWSoLhz3eK0lKKF8Ij8Au/x7ZQ6XWckM1w=","8V3kAH/O6WB3z/q7EZuwKMumwmlcnjR2MZUbjUBgUdA=","nXB7QJkrmZ/m+vYF+w9LUPRS5l8nwKZqpzfJLndpBxc=","09XRVQoVl3Vevy3eqQR3F+aE1VKCSOxUAlm+jwMHs7A=","drTI8FuBEJ0BSdhBPvQg9I0rk8idEw2DC58wuVMBWhA=","Gv+GnW86opiljHH1w0F3uzPHZHZl69TLd5PKvDFNkHE=","8aY+tgtCBYbc4mE8nLhytETqf5/HZFjtUF1ksKsxhG8=","7gyWb+t75RCng2wfcrngR4OMjos4d/T+eJxHqjq/N70=","VkJ+6fiGhPOQT9ft0zVjVxkwIKYHDc6S2KhA+G+OoN8=","XKa/sNG3qmuS1seKtJrc0VVN7tfF7bUj78VNTZz49RY=","N9U0WQ/xgGl09j5AY7+7J3k4CI2ZUoi14rNJepFRZN4=","id6qW62RtKnnLkYnoCRnTwgCptDSHgS3O2I9UD8mIpg=","qcbiJ6WBpENQ4fE5/gKFk2BbsOZYb6Lv+fjLPE7Cn10=","E/SBCb7Y3o+7LKMeCoEnkJEDEuTnDUF2gtbZA1bTXq8=","yCJwpWShCW5AgZb0Da9AIE9FLZyzqhQ6ZoulKlyfJdk=","A6sKdDLlurOLciYfmgdQnu8nTNnvj+peRq2E3KfSsCU=","7UtoBuOk6uhfBhioUdsoiqIgiV2xiHMTQNFqQCuGqps=","tziNp5pd5xHWflk0KwiAr9oREf2UGjvlQ9awkCTjZy8=","BdHpOawzlFgbio3w0uSZgDM5pWqInuapck+SR8JVJo0=","sBllpt2jUCDdKPuIqFvN1cR5YTzCVOADIRpNwC/fVew=","Zj/Fz7I4rGlwUN+567OAlyILiZNcUuo+AyN7ve/s/KA=","4QcgUk1iMvhWSKL94UgDi+kWLPgr5K7r244NhQgbzTA=","ujfyuUcnkwkHCXHKyQQIWLSrMW1XJzRVBLyBU3Rt+20=","hAvZjoC1DXPENXFHRngw51ceMd0jWuz9zeASy98PUFs=","gtB3vnubG8ZHI3YYbkVa68LAw5VpjfKbKLkABsbZY+A=","/vc9FEP+BgZg69nz5uyTZZaODmmAblRu4Mnzx9pXSxs=","W/+uSjw11qOrH9QKewqi6AczEy8jKhYrMC/YXEfAAsA=","jx2p1+dRAp5LeL3RUC1pTNuac3VCoOHRV7GMvHaFWIA=","9PafnZD/n7jrFB/9921HJd/D9kyTmbu4yBmoJSbePCA=","WjdMvJsHAoSxfBJhdN4lciWO+01i1Zuv0UNft2pTRjc=","RVoe4Yb9DwpEUpid7Yaxw1CPxThbw/t4HiIZPRORIzc=","+JDHtrCM3kdggXgv0gqBwMNXIrYaDYh7CI1iTyRqNBo=","e0O2ncUywo1qbjrmrYR1QBytMsRJQhCwhBN5V1cw8qo=","kH12uA4O5cvJ3UcQguIx3I8Osu3S/kIlyz7ed5uG8dY=","fdk7Hvcg4uJdr2vfneUPOYivg0kTbnLjg+Dd3Se4Ws4=","Ysk13/Ue6k2oSjoc9Fl/Sh2aSCS3Gomgx203/F7v2eM=","N6TeJTrmmFpEXR6RevDhxZCOhoDv3uo1UH8D4iIB4P8=","QHmC5E2rl2S1o8gpQLHTseu76ynWGWy3CHP6yy7SlsY=","GZrx25U1H8Bg49lbIs3vQ+JVWwNt4BmjaC37SBEFxNo=","n7DnSBDLiYu21a3CsEzWaicHA22ZT5hN3jm4QOuURh4=","JQXatUbI7rPSosjHgTA8jnlrF1EbFLjpXSMyUWY+/tI=","BKuMkKwha1Z1fj+Sq8FKuKYyBjstdduNOsBM3Vs9bVs=","HiwcVohSS4yMXyFozsXmVz/ysR18TBH5YssFvrpWq8U=","/CotkToL61amXo8uueukH0WyHsRM3+ZY2r8ywUYq0Ig=","P/XsozxwNTbXtwW1UqTKLLKkczMrQM903DT3Z0HWXJs=","kr64xbMtQ+NkMn5oIrU49r8j8tNKpL8iBgianrQE+AQ=","hlLAuMp1fO4ZrVdXPKd11pP+i9BQH0jiP9HXkruv870=","1dYrGeLOsLTwrkpWPJkLScKJk9hZDUKCNW+UJ7oPTls=","IgVPj3E3kP3fsM0u4TXJKx8P462d4W9/ubB1pQVPbYk=","HEzBwCmbugTOIfk+iffN3aV7YNEObXih0qHwG+bZLOo=","7JU4ckxuJ5shdxfBpEJmj6mmmpi797MAA3IzfOdlA0A=","kEkpd5xQHMnwmE2ExIWxwF+XRn1j3VxDOxQAIXhkZgA=","7JMErZdyLSh+TQibWrQxefHURj28tcuxFcVpfj/+WKg=","0XwJpbh0e5bKi+jXU9aVZQTB+KlfaQDnkvvi7Gehwjs=","bYzvdud/WUegW/3i1jhTBxzPitgHcKwvaPgyLJLv1fI=","fJb6+UOhcZeYvEbnze8ChH65JDdYnC/nhv67oq34ZYU=","jRREEJnOPyJkU5CkdfdB80WiMuBP/HKW+fWQDMVpUo4=","ZlLreocudUyO2GJgHHLIztUPJyISJcp3yBUfs3YlgzI=","9ypHyr4ztGta6AZOIEMlICI7AJ+bk3EMr6aMIeQ3kTA=","CYk0tYQw+OWhtqX7wTT7DlTl4T+AkrKqCvoP/NmrtiA=","frzeDmBe7qZSAW5dfvHaMxiojvOKKjFnm1mtFojvJsU=","dX/BQLUfwsKAoXVrgO1e6J62HEy/0K+QUU/bAWMkjcY=","YgpB4Dl8+MFvK3CP9MPJtX77XMiZVaXhqQdrWgw+Rf0=","ReJ6hZvTj6GzQYZa2l3w0a+S7pqVyPyDfuSzvrqUlDc=","EA4703SLLJKEUc+XWI99eXbK6trguLpmGX5kszfPLuE=","sGEbWgdaJFcW/TIF3N0QNKz8fmx67Enr5wyNNlDv2hw=","mAcM7FnTgm8cRIop9l88RnKD8dMe/U1NYbnLM19OnKw=","FBDbehSA6NGBYpJ85X0v83LqV1u7NatM7kZywIonbgI=","0VhX1UT7WxSop0orSiXv47odC7ZcR+1k5bQTIInUuf4=","EX//LW1g6q14HytTGpE/f1h9bfVwByMa0DF/dFxPRnU=","47KcYBChDNTYq1Cx0Hvm2yffjB01mWr7O9vISPrgPoc=","g6aF0uEgAxt080f/6TFGaiNh2zi92IY713I9P7VkY3s=","Mcrct36riXP0klkPh3t54bIq/v2IL0kfjt4FYnnFPRM=","WQsZe7hXVc19vOU6zjjWzAUXvFrz6iqbQfk0IRK+uoY=","/uBSAYax/SVkDntB2MbmqIDNP7FL/ZuM11RMXIqu6rY=","m5Fin9WIeGICx+qq0cTpcz6gShddSXtmUOPEFv7M7Bs=","iVudFNYlE9UNM6e3PdlfCiM3tsWfasLw/CNJu8LV/ms=","xnKiDACP4CZiNFmVNROrEWHajN2X06YEOw1hBZyuslU=","UIPmYbJAqbdagikRLYeZqovg6rTvdHxmL0c7mun9qdY=","LX6IT/iaxs9UcfKymv3IHwQCQWQ82YKXqEx+mwz6GTo=","ABX6mJu1OgAuOcpCPvnIMTfYBYUc2xkshQtOfdX3MYs=","3w2wDje4HnEjFCE+tRCyQn0cxHnDepBSstZ8NxRksSI=","IeTJlqZO5kx2mstgzr7qbX8hMYB6/Y+9O9R+01POzIM=","ZcwbsUyT209yVkiEPOQHgV37b+DTyF8wIm7EX+iogYo=","lPcvyGZr37x1rJgf5fEuvaWu6MWmfXrHDp0+x3el0j8=","Qx1oIEiZqUFhkkJ+qNq3HjK2bJust4zWcI0LIdLySNw=","QlttXj2GaVEyKYvBFfeGtyOnYZMES5zf5XsmEGXkvk4=","gsxdilbO3V326DChW1sUbV3O6lOC0vC/f7q44amZqrE=","szGueu9hpPTRr29pyH7J4OsI7G9XALnw6Fl42Lsbt+w=","K8ap5pjs8rLvobX+ReuId8dZRObP6a1iaSeK0xhOQmQ=","N8muB5hSlpUrijFbBMOPuxDo7RSt/YVLOpwND8KqCe8=","UvHYcuNi1RR+XXkBl5FPDY72T8sYfbAp8/DZC6jCxQI=","v5lIoGE1LWmmEfJkvaFjIjfJMAb3Dxn7XoCqN1XzLS0=","cUYmRFF+xtMUlq/QzlEW1mYwss8qtBu4M8lOtAXn/G4=","zZOOkzjeynYuVU9YhvJmOCqTFG03XkeCezsT8s1WNA8=","6flY0NZsuv3Jnfm7CypsO3IhZAYkOnsdxurEy76+lJs=","s28IJxG0UFtOrRRvwlh9txLUEn7QyOc4hDvjrdWsAUU=","0gxuTatqsOsFXpNmsI6brZYhEZIDZeNDkMPsApzm8FI=","Xb+MJfWsgxzxi1Pkha8ZhRnvJVkoOTbDsLiWZHMYmxw=","X01Zu5y8pbPqmHHlR4/xHFzyyXJiFQOhEbzQ3UvIMTA=","UoJZfU3EOmuOVOIWjkmFV66WigwfqnITakM+rxfSXuM=","WNR7wwtwNFQMxGAzRCUVNDsKa9r7wybpwP2TfAlq4/E=","d08UGWWI3FqXb6EpNIJ0c3eMXYSga1MMoZMCpbhZfzc=","ewfNhwHkk1P7qCWVp6vDjJ8Cj4Z/j1yzLjrkwKOXyco=","FgWxyjqpas4OHqJzhjZ6Q7543FSEUw1vaRyByyLbKs8=","RcKspeH/LaCKOtaSWGskXx4KSRdMetsZA2j/N1f7Qzc=","xqUStmmxpUdsjAIUY8JLG5TuEPDgv+JOWlnTwRYY9eI=","M5U2CmIbc0c15Vd99ynRgASBPLi9a3pwzz2wyrAoVXM=","l+aWSFlXjLfjoyABbNAVdYinE3kWkmbmypHVT7HYh4Y=","7bWLu82tjiI3spbrd90jqJffDiXtISSE661qo+UBVmM=","71QjhVe5BomT/n29HTKXspItcd6xlynH6EKwAEfwNE8=","VeX9NTVp7FItlHfrdzXhSDu2ML/rWFc1FS6KND/KD4s=","pZ3ziyyJGC85r0jH2VJxRbigbIOSnsnMOqbUQI9AT8M=","c6fN9sdTxQyfKsZgxJcXU9ScOYt0ClVxa+kH8wcviSo=","jmp/6CZFd9x5x/TC7P45jMJoI47Qx3a0KbUynzU8KJU=","AbkKYs+Bsdennz8tWkc8FepWYygkQJgmw4EfLLQjagc=","EaEy4Xw/X5x5OTmpsDVIxBfFRmFvEXG/398Cl4D9lGw=","NqUFYWq8XsPYxVQ+W3uVhq9flR6XB8RFD1glYydYhi8=","oV/fVMe8o1h53q/d2jx9zoSa/IybDufGOOL2BxBX4iY=","uytUXOJBpfKDNDqKWzWhJOFNMgNjpmDm3hydIBEl2iQ=","ZO61fjXyGTd5Uz0yaDF+augOwVo3JaC/RvJ0IHTq1GY=","lPlBXyS/sAHdBmZ1+QQzCGiQoOY1l85+YDNr6HWvwrQ=","DPAO3rInY+ewThMuKLubQcUniLOdBEcV0QYhex/jCNU=","6UmeDSjNgJBS1fQ4uE/HqdoO9IMkYUWItYLZztB3IAI=","skBqwqtF30EDDbb4dIw10PDHa7BbySqF69hTTyahM7A=","olhwaCF5S4Ha4CM05Wq6V6uJ9Nd8TCdvqwWS1e+2dmQ=","Cbltv0gRUHkHj9Vpsf+K2yh9450PzfKfmzfJGEWyZo8=","LiYnG5DFcbpVGFonlYj4h5DYbyGGy8DwsxVM/YI6a7k=","QBO0Q7rkqL21/cxCvRkRYjU5q9WJ7UKXiV8Er3mHElU=","BNNxSr3B7FMnRIot1mxPusFlAsnGYv0YJ972zlfhwYc=","ZyW9yNc3DrcqAa+CLBxyvbkt5tM0SQTzLR4RrNa4UWI=","r0kk1fhmm17v7sSKHpvVtcJYzEU2y1SytJSCw9Yv6CM=","x+roTS81EtLr9PPokvHv4Qm0nvkoOe+CpRyTo6srkWw=","iS99708WpLnmDGQ/ak7lru7dgsiXTFXH8LLuUlMdg5U=","vKIdAxXGEJPiK94WPRXECtn+2ZAReVq7yRLbxob5lHQ=","dmO2L4Njmy10yjAeBxaIys5FRmOAxAZ4hXkKA0Z0PsU=","eJ4Gk5VsU5v4ArLW/lRv4Ccdvd9p58dU9CnwqN9DWYQ=","8DTAGbgbyMrg08r4X5vAyAyODqQx3PrhB8HV1rRk+7E=","6NE+SamvLJAiM4B7MPUUELBijWyjQVMPi3C5r8mzI9M=","lHr+D0EoN7gDjnjs4fn58rCq868U+ruMVAtYRBQE36A=","iRLgMwzMb+pyLytiAcCW35n+giUuibdeQDyXdKRfc1s=","FuhDYMB3TqtiFwR+id2UWpDCxiUgNX/L/UYf9PiAm8c=","0xbBedX5IAzG5fIo9gfu+cJVgqzU+57Zn8Z8vzHGfDc=","5nl1wkcBXyEOjBverOGSIG5FjPvODPtfQj6MZuaYCCM=","DyU8Eicdx94gSeWZmlrjppL69D2CcVMpkLkPGFuGQNc=","eQYPCds4bZST5jgn6VayHP6AIb/1avQTwzx7B4zr4Cw=","oRKexqa3LqchQMDOt/TASmiGdGqaexlphnFsBM32EgM=","fkx9n1wwv51XCoRmFTlk0cqzBJn8WO3Xu5HY37i8vRo=","TGy1kP4MYDqXo9PX1X+0++eTnbDsIpl2+XgEaLRlsb0=","7kteTr8T1IAFVAaTOX6iRaxvMu+e5psgB78h0voHuF4=","gKxcJDGpOYGcgnv7lDLESS0JdsGiInMxhx4usG3rvcM=","WSDDfXYhFwlJ3RzndybbGmQpEsEcSIHoJwFxug4mdv4=","erg3t82Ab+CdCtOlVMKH8bhS3eBov23T3q5NuoorYmU=","t0taq/CzNHgQyvk0HuTOTcAZeeBxtolVxAxR5Fq+aiU=","d6SNN5zmAqVQDhezr8jMpUGWlgolZTmC1pYEZ1zjuyI=","nGLJiUS+6mAssnqWLI08HQXdJ9n39xHy4Eh2adzIC1w=","9+BBxudNPYqJ14FEwwt1jg/IAmZB1eKW9xh1GhKGhzg=","nPEMFYdVaTbqCzmNu9p64agVsik0v/SySO9L5lQ6d7Q=","OgInXP/yqzCchvciGhZWhvHA7uTScceFMyDykFWBCMY=","AfWGiDASWKuMLQsxTnCS1lL9DGGBupYTdsX0eDuRmrw=","rlqaMlGNKjpPwI4DcKoWuM06Mpxt2ZDh2BfnFvAq8D4=","9A8xLN/wjh5dijfeaD4Br9HvdFh3EdAxzehTKlZ1IZo=","KClE1Qfy7UrhzGho4Cz5kAdGaXy/iNNT2s6UyBMtO3Y=","C7kxnZwWGs9VbXrZGCWjlRb8a6ao5WmZ4HuwJ/N3TH0=","1lqkwrgoBEPv+QhghcFG0YRKQbmVDW2glegBOaNWUkE=","MW0KuLfFvvCZAKvqf2dHK1DcGgR61hEouONdir7v7r0=","EZXGmq35Yk/9emOysEYHc1d4gDgXZMXWVexsHAr/qIw=","w3Ilmv/ZPuw9iw/G0M3SZ5UCEg7fq9XJlLMmNjHBH2g=","nsk3qKqIWKd71T6Ov8VavAhrBgmy8HjL8JYOCMpxZPM=","bzl7XcLDQlqpR2hEWHLw42uwjpTr/1+EozldQSDq7y4=","tootifvPVXtDwlNqgYL2GANKhd+Q9z3FiiQky6BqgI4=","Zyf1clFiyN+cDbXywg4WwiN98ojWBuECAq8esu+77vI=","QlnynsSoD3IbI/1MLPpuy1uWkPbCOYVuZxzWbe/Vxqw=","YTMUBgWYB2U5bk6We7hee3A0pPuaLF+UDyIa5aX1nFw=","yYwvtSRYhZ4lIx+xQ5dhtnB7nxL7jrL5BXWlAFr+21w=","NuGi1JMooN4DKlqawlBm+BK8NVM4XDBjgA30VOgwv6Y=","IKDDCvN2fobSlJ3rsu+gvREn8spWi6buMj+6YKDKDds=","/9NO76PGKcxpGD5P0S565zbbLKReTXEBj7RrzVuuiKs=","hXK8geikcYtbDyAhXthQMguErcMaOgHsW7dQD6rvgGU=","wcxr1KFTWqn9oe2sMMMBU9kM+vdzmxBakVzHZtZF++A=","R3bNam1duOIvBWaCg2F7WRClzqwpVX6RANPcwlBVVD8=","DJzC939Gw6VYGUo1IV8DR/bPLrcHLPUOcZVKFJP47Zo=","wr2UnHgEM7LDRFy8nyOJOKOnb2XVWaoZyM+BiXXmljk=","3VurkrtVEEYgSDWYFU2tEjNFxmk+A//Ji2zDctx15Sw=","LGpOLLQPnyghafOowhufDJ0yX8GnHdNLHKLhEVhZ/pg=","uNeHhObM1IkPSRo7LkYNJUVPnqTLgxd9wOm4gvl9MD4=","KObIvdc/HUVZO34J7wf1b8agbadTCTZuI4siRuwij98=","N/z5S2jKX5qTuRQ9w0S9W0nxkFBU0H6VN+tRhA5Q7T4=","FIFx6KFINvzGFkYWOlboZfaR0Nu+cmgqRtTpYlknbjs=","HOycmxk7TPjTRnDWbaT+Ec+O1dkxdyghdapTNJqcb9U=","dVUoANBSma36Uv8ipY4Z5zDkFiWGErvLpCjqeG1fcrI=","KOre+wG6cpPsJ8MRzF7wzA+0TUNBVZzUCTCu9pJw1JI=","uO+pHSRB/MwXEYuBk3HdQ7k5Tz5SPWO+Qunx2NX9Jpo=","15MeAmL7rfF1czbwJazmK8/7CImqbSs3t9aeASZhwAE=","OycOP36Poq35iMpwmUmGV8BtntZPA7QNdtKBdEzfk24=","8UyFTDWhoILBxUFxYwp6P83JuAZJnLbeSGLy0iXNaHI=","03V9Wk/KOozSSbGeQLy3znAWiEgB3UDeo/RuS+juQhE=","BKHb1JXQNfyhTZgWCbYz5lW7U8+EGn6VZx5Mryd1HG8=","JXKHR3Z7iOSM3bYFa/ksvP05+qx07eRqyaiKeLviV2k=","fQ/nWHewgKkelqyBwORP2q/HSSRReDhYk6+VvXcCyWE=","LfPn8AJMLI7KS0WZTzog9M43qKnSCo0ZDYjb+okCzkw=","qiBBqGtyuPRPhxhNexj5mE8s57VwaYg3LnXifXFST8U=","WO6Qev+Q/M8WJwzDpbbDeX/rBQHMpmrvrtf0HfVD/88=","174S8OrsExfYE5z0F6l39l7GMxJB9QoajbnzESpUKwI=","ZA/uI+KcVhb1wCjvnE2sXNa1KnRECfREnOtQhS4h8Wk=","fAfwPeqjtzHvMWvvAWUoJXTK5nza0fmpSNJJaIGQ09Q=","HnbOeXPlyv2m1sgm+FDovFwAj2oR+G7J1QW/iHhLD2w=","NEa2nqhEWLa2bO8DHpsr9THLhWkUQXdYyB1085in4nc=","GwDGNUlHBtlYgCVbeYGcMOyHgb+x0jnIPeCcUFAkpTU=","huvAdixWFlYvOP3ovrjOoXBVIgCuoNfrHCuPrvmrG9g=","4jd4eJoskeaV7ulE5xb3r1KBUun2VbutAT9I14CMGOA="],"block_size":4096,"path":"remote.bundle.js"},{"block_hashes":["P7cdC6HIA4XXPiPou5ztxhzMj41KJ/hZWsLMng5ue8k="],"block_size":4096,"path":"remote.bundle.js.LICENSE.txt"},{"block_hashes":["VC2C4fcqD0T7031HF9n94QMklPDrpfZVEzL2M3FSpVg="],"block_size":4096,"path":"remote.html"},{"block_hashes":["I4jGOc7QlafQqk0QA3dcyI8K+MnWJDBsnyH+WsQQULU=","wX/IOnVGPMDHVJTkQaFsOzoRvozjki6PMT07uPpW2DM=","2aDtY7bh7im1bsgzd2hcm96lfX2PDveHwH8aLgMsS28=","LK00mIk/vXPd9mpyvjPKJ390R8UwbSFvKvks73htKVQ=","g4kM8ePSinIrrv3tBYnPnagTGSp/KBhmaudDzSOyOts=","MSDD1gD8t0E1pOUp37/5t95Jng/GdSHQ8mrvS17jD0M=","J/p9yS/Vg48PhsGtZz+/8YuXzI4+uzgZVde7cl3ojU0=","LRvrKuWbZiyQUZqAt79V1rbvLEE+OFSs/TnAP8HHkpE=","PBQTwHa0yq36wz8To6F8fHmSf8xZoeYBZPtkZUl3/TQ=","HZd6duaVJkd44temUEez0J43eXD5Nhv0GPHHCfBFS1Y=","MxPhezIdTKtbzQFS3FALXBzPbF796pBHutr/sz9SJ4k=","NYlHtH3ZzPRYjN3xxLykfwOGsR6KVnFLviL6sftWKZI=","xL1luN3sCZujRLSa2fi/zPRaAvMIiu9KiHEV7Hkk7sU=","Lf3HaupV1G3Rv623pi2kwGVA6YJ4VDoq1d4AHs98xWQ=","6Uj2CgqkhsHzKa2Hpg/9DMEah9h+kJ7FLIa6b5YvH78=","DaVTEBoFIDvz+oH15BSeSeSlLbUeKR6uNnek9Ffo++4=","YQmPV1rXmIZwYGzxlvFWfUr/yNRBtFVNd7MbqTRLeMY=","m4KBtV+agGmzMahtLUSmxhyIkio9JQ1KhwIR9bd74nQ=","VKja73Qjp/WdT5wELnYBeZ0PF2Oy0gTPGJXHYYeJy1Y=","VgaxmqXFCylrOa/Da4bKF3VNJYTO60gXFkRHksFfueY=","B31tXjA9ly0k5bImN5tpIRFpaYXnmdb1pgtgmCyo+S0=","5u2cGU+GPBilmNbXoE5mF6LaulRt0kV0gICEJY+fSUI=","gvmTEGr/W8Zj7140NbE3aiFXz/bWsdOf7Q1ga8gZiWY=","R2jnXM8eThCYHLy8QrSE35pvtRNRTPUyTZTyDGEinyo=","ld9qxcbq5nzjaGlS17XIzGbMU71Da42pYkPST2+Z61U=","lgTLGznvKaFH2pPvyQi3/GohjlqHQuThTjGqWBuH4i8=","awcq69ukhxXppl5Y/6JO8g74Du9h14aw9BLZu+gt77w=","Gqf4Yxclj0YCQmZ3D8hAu7CnJ6V+Yq026mi33BL7BNQ=","Le8gFMQEBI7LzmGhrK6TjjEjNoILO37ItH7woPn9Wtk=","spYYyr+zTfE/yUvdvqx/7Z2uQ/MkIGpgMMz4S5b8dQI=","umUF1pTGEehxZlYAgM74aAeUoSGuDBrgk6GEaOGaOBc=","TZj7YH2NISJvI1rIboxusrTRTmNoQJ1q4Xzxvst3zjc=","E9dpu7ZuiES5XLRkyaSjfULdRD2s6eoO3WGAV9h0Q8E=","yCXGMIPhsQxRKlkzd1Tf6+eMXimRFqpIOw5fAla/Qs4=","2XUxTT8lNEsGxORB/PCAwg1OR9op50d4Hmc4bIOe3/A=","L7fuVGYzvG+UHLt4BCWfvVOKB4THSL5ODnvo2FaROTc=","x8AsfbbT/hdY6BnVyB2TRJpxJx3GO7mklb8D4MO+am4=","syNJcQmLLr+JQeqr8R6QHuCQ4MEAmB0hbPPzRCfOu2Y=","J0kjVf/HapYxw4BD7n2OdmoLmA4q9tm3HDrsOTTbJNw=","uIDQ7sir7EbAJz1HDrtRt1hhwO9vy5EiGyRnBMxz7Lw=","JMpsWJbSzKrdMQ5/x/UkYOk5vB9RHY6R+wcV6+Lg5LQ=","WPZYXcrDwofzDizws3+0KksNz1n+RW7KX5YWYfhV4WA=","TAF81uS210QFFcDBM8zS3Xf47y9VaOn9Gvgr4EEBuY8=","UOfRJaruTO6jLKuJDJpxdfjc4ABLkF6oYGFLeaU39ig=","lD4zOy0ANQSW4MT15Sn07LBtVYYpRQrdD1wlnXvJtZI=","3i+f/nB3l6QCq4WtvjWUEd95L9DUr5wQ8EJuWVxDlck=","XCX850xMxjrGibw9/TRaBaXUUVgxMitiadUQKKzkq8Q=","1DHrsmXhJfmlKreq4uNOyMs80UDnTWwoW88qkTYKdkQ=","8sjvgzWNDXiWDF0snny/fVgZ12Zrqd/JinSM6+c/LRo=","IHML9JKnJfPRtKLOVHmkNpfXMrbyGai0u3NHjDiu4jY=","6n6CEdmsusv25edVxEGtRwJFiQVg99pEALooQ4t1gPs=","qtPS+QO8MAnblt2oiiD+lFHtZZUGvb/PPSylxK/6tOU=","lCFTLvrC/Hpu5/yuGXFWj+GhZ9NNT1Mup3DM1X6yUpA=","2h4S9IHwuea0UGskBN+oXH288pneitmUmlgGbt6OXpE=","Rz8/jvGP7Vt1DjQctpTVM9z2XhQ5D6hEHtjrzy5vsiA=","jfUK8hfvUhLQSC67JY6JE0YR57Z/1KeoJPwHSGSFVO0=","8lfpAx5fSdMLsTHjqtEMquUwEBm0+KQF5kygIMtYVsQ=","TKujFqoapx/m5wER9b90qz+UxaAo7U1JjiUMHW0EWwM=","NZaCghub+RjRtdVPWYUhMiaY6Wy+3lSOFQxulmiquk4=","gX7ZJaR+DSUYr9lYJBeMBPG7ud0xSqbavYKWrF9rM1I=","9lKg2C/a6t1P7iTqPGB3ZyijNxfA94smCJsiiyc42gA=","tZ6W55P1r+w3oy8dWcC30OHTtQRzJuVzdC3vavXOZtA=","IZUICqFm7r6qm4B2bfx+PKjsicGb9e4yRzOeiJBFjcM=","yC/8IlL+p0eQ55q4aImCKdul3PfK9CsI/jMzdkaj9A8=","G7k2AuZp9xxqF6Lm18uW9pKYz4IdWoO74+pM6Zs64ns=","ASyDpYDQP0t7pVJhwjF1KukllroXt3Be1n597k4s8DQ=","RZfXvh0d1kNFR3cMR0HA5IFsTgXfR2c/mlX/whGFFaw=","A1HEboaeMXVJ7O9Ci8MhJed6/ufVaxSmexcjXUo6Xik=","saVZ9Y1s9ELV5AKhfFUBIxsq7LYnNnSNVnbw5kjhBYk=","v/d1OS1F7lLNsx6ZG+gTPytrAjV0NRxKHBssfl1ick4=","+aN3pm5qQeoaIzjp4eUhUCflCvXHuGtv7rR5QhbqcCU=","Hi8J4onUWky4V0QGMDmg5BDHufV718F/oCMVekasCyg=","bHFG2nZL/eXaX2VbCX5zp0Dk9Tia0JprQ35LL6aUuaI=","lnRbRJOWLqU4AKg9VHIRhmzbzFpH5rnOd1hWm603vCM=","x1nUD1w6QFq8w9Eae1PSl7IIn7VJtJJQjSpMCxR7lO4=","8T+Hz1kk9ZHoqaEmdzZdaIQJrXkhmlVuk1sfvch4lLo=","EC9TQ7AE51YFtoqFagLoGiXUjVQ6TRnRGpyFXwymi54=","r/8xiyk5jMXERW0aqmnCOX/4jP0NDLSd00bAX8aUMos=","3VKZTbGSFi3sbZyuO3fXi2B7Jv0Er1xjOi8Frdwgf1g=","V7tzCMQjftmAzzqHAHU+CRojCBu6q46APZWyj8TqggU=","sE5w/cEjZetWaDBUHwZfVnbrePncIsoBfTBL0TIIVYA=","aOUZQhDchZdOlbyYUmIJkWDTXFjaSbt2CN32/EtuvHs=","YR2ai8fM5FD69xghwPtuZjNewc+GUMwFT5dOC0N8XNM=","4YrOOecRTvJhFEgx2gXtM11uXRh9PbHnTjJgMYv0N7o=","6HfXb7AcYXCBAMQ/zOmJ8QFdIrjRHner/4eT4ceT0ws=","7A9gGBTCe96kBfGlE7spGzW2G0DRbrss/GvrnMLc6II=","tKXurgouQP5I/LUMqlchD4ox+kblX5IAJ71CGUw7fNI=","mN7vnpPTI1gKzZ4/N/pAECTUz0JLHrjrtt3DftEPTb4=","lRz2+seqmlHJiLKg8msMI880+lqPmyan6PB17cP+t5U=","U8BQY0RHydqwFvmAHvW72SqFuL7i429d6DbIuO36wGA=","pwoCodrkD8hl3866hf/j8dxIGarB7hvN4H/X1+QIlfw=","vd4QGmF7eLApOUyCbzVse8KaKZ8SEN6gA7vFgdiCqfw=","ATmiXjG0teLYv7ls0F909n8dtPI2FpJQ26fVcqBxZts=","66t58Q+1kPjJKSxIjBzt5x+zeGIftpr8JXvLZ2FTHqc=","h9BJlanrthjMH2rGvznBPXjMdaTpPDUYUZ7F0KyJ0bM=","VyNajl4boqLOnA9ovj1C6XEjW+I5WTsKBLb8XSVjtxw=","6Wb0D0BnBugo7N6YBMyzcwDQnS0AYejVFoOK+dJSQG4=","7o6BnHn3RIdLHsjfjW5f04B904I+cVCNdZ2fPZde0aM=","RsalaInimTc97NRLPPkG11yQ1WYxSZNvponKZFw6bqk=","7QJtzg/Lh4YRGV539OtHPK9v4eeuFLoqhcbg2kGUOgo=","2U1wgA1zzjpR4rW01dVAJV67D44TLl8xKm5gi9UYaRM=","Eq96gpFrq5wd5PeqhUYkp+RZkwxkAvIrknLikmBcuig=","kjYdGzBe6ecaw4bzL/4JwiLkjxobHfiFynHWgDFwmIk=","c/CFy9tMzTLJcgAhDqOKTpRCguA4cYw0Fs3XCXTISaQ=","cqtrIXgslfDlDwczLQsL4sQ6K6GUL+7D29hhVhdFGuM=","Jm+kTuzicgTUDM5sa9Z/6K6HxkRnNECdfDFFZvLc2Qg=","KjD2Tfic9LZ9wVmGbszb+SZJNM9uUVuSaJm8v9PSDWo=","cOHrQQNfzvtzKtV1BD+xoVwg2u5fGdw8A7ZG0iQBJi4=","LEfqkjpdXUqz6jFsgwjEO6/WDN61ScKQsWZzzJVRkZY=","UjioTq7oiRit75u6YGRjlcD4CDBl7YuyngEftQmeKds=","TIurlcERec/riHmeTLAe7FI5D2ZfiEcbfeuF6FdH7RE=","xTMS41C4dQCdxQzTI4vqLZadTAHqCHyQlVTQ+a3shgY=","5VvsDAEmwIEbFCIPVyeGAQlIXRd+4EMlNiNzIacGE/U=","ELQj/6/hGJI8BfJcnUMlrfFRTvfoyadT9TF4uI9NrDI=","tooAXRGgFmiWS9fcWzWSug+3T3fICt4NvPYsIBzSaiI=","XzOr3yraHoCHkTwpCK1vFYKgOdaOlBhTlo6KXgwz1UY=","feRd9Rh48mO/R6AWYi1baMWN2WIMhc/tJ2t0WyxxVyE=","RKGDbJCtdXs6dx191GJYqFdPdXMOL7AzITMqrUxzi+Q=","NJvf7fDUk7D3YZSJjr5X2j9JihgGGgozP50Z1NKbqlo=","uAJZ30ziXoWuDFnhn3sICS7wpPGfiYVsQfU1IoxP8ss=","rmE1yk6egY/dDl4udpu2fo7YUzQrMQBV1NRfiaDirjg=","qmu1hY4IC/4uZri9U2hlRb7tESKQ1Wp2xwZ3/fZdX7E=","xjMUiPoI+qxxqEbPyI4mg3iQuz2aBSboc3ZWPdT24c4=","FlEn76EKZZKr54xNmtHzR+LJWCRG2m2tFmGaPXNxbcI=","tcmicYFIiSdeuJEG1K3y+QysAIKHaHs6qRcGhVrk8XY=","sfrh4qPIptRa6NBElHwi+ULhugPAID9xdXQy9dUgaeo=","THcnfcNKhHdQuk9Lahe718MkjQNO/Am1fFjDZdWun4k=","S7Pk8sv+S9chtP7S/zBdrLnF2EtTUgmgqRRCvinlR+U=","TtJWBIZKSsdHcF2fmwKrfoDlerqPXTbEtAGfCPIUIwY=","8t9sjEHZOD7cpJCgGVOO8Z/3Q1H4ew0toAUlrw+K0sQ=","a3i3HQ9bP2H6TKtgrTu+qoyqTRfnJGF0+m0Cw9tK6eg=","xZelE0Vbw6tUrN/WeAYiHUgGcgPkrT5B2QYp8IA60Vg=","Wj1dOjte1N8yCl0Egz3r8hcDlDFWqRJA/2hNUi8aDiM=","Tkr+ouWAmdFa5f9PcRFlOj5CjBQpcq5/OZQ/0UUZ72k=","kA5zKuqSUN492twm+tUjD7pCi/RYGpV8GZGhpHyHXN8=","pw2cRi/VLQP5q4EZEr1Ooz3RPLgHmIYcVfBzej5bbsQ=","4rytuxyffq7xBOSMkk/LuSNylHvnReMy4F3jRM9zgrY=","eaDwR/ldWnsJlkRfEORo+MYgBPk2eyCC5Hhp3vmzQ3I=","tZpmqx0Rpjr3YM5hzo0ntXVMUj1Pi+X27CKr8r4jVcI=","2pIZDq6SVmbNIxkDhUHb7LWVBzeoDt13Ryxzgo1aQfc=","VG6GVfs07R1XcGgTbs4cKW9Jce1kSvle9TIo4GHPV3Y=","BQPGtsAaLIC73R1hGx35p4vm7tdyOEB/m4H8m1tkNvs=","tCyH/PlfbvmEmAicDkeohJq2q4f3LSj2su1pUv3baNQ=","ww7REZSxOn0vrhJ+gtnw6aRdMKIOoBZLN4Gi/6Hzn1o=","qMDQjuhbS/sKj54gISeOrislyNBGbybaESj99A6sWKw=","Z8Dv7HiybdKzN8xPgSpfT8Dj+n7b7YnBZdBB0kP3Bw0=","/SIajmOYFchjEBcR+kWbLAp0PvRO9qA2KceHHbBNg/c=","FpeJYxTkBu91uFFKicmyc9tzXzK23dSBKUIb+qjx9XE=","cixQ65CQ06JNVdv6SaHd5Nrb0h0SFxGVnhm2YJPx9Go=","Ve5DNG4ON2dLroHWEOMPxz8slIAq9czTHwuVhOSJieA=","+XmoY0EZvsZy8tPjq/Hz84DxzOpx5I0hZ6/D+e0pgHk=","TwrfSTHEHfN6mf/GH1UC5JbzsT/m6t/M1uGvvqsxnNc=","socxjWGMTIyy7RHsFdUY29b5ggg951L6JRTMsbvVUPQ=","X1bye1ZbcQqC4d6+Y9zj9Itx3mXOoRMRBDbdungZVk0=","+eoD/6SLUkPByfzhFHrl7T2Kg/FCLmPOYNDerj3gj9k=","UrZSY1O0otko4NbA06pK5GKHS8d1GHKKrhi2L6RZxpQ=","TPrkPo6djCopi53GPkEM1KyWH89a2iUHa+nW7NHGFFs=","r4NugyqYUCDqUgusMz5Kr1z8pLsU4JTrO4bkxm9B2oQ=","ddov5sD2c1pwiBGe9yxpthSyns/0/TX7jYtFTIIsOYs=","hlD1c8XzJeinx1eIYcl550v6nkGlw/zmXQpaTKlffXc=","+IDaJzbbRU9xn25vF6lvX2EvgLqxexUe892eUDY+H1M=","LgMuhBsRRy2eC1BG7ai1GN05Etp/nsJVZPe5p0fPsKA=","7lL/ONjGDUmYzLV4wAKAaJaKiwCq3bis7hF0QdRXRbk=","reeIhOV5+8aNsf0Vofe5Ryox92mni4ccnkzJW1WsZPs=","MbvAxWxR0EGENMzHUXYDANifnBD06G7N8w0TSjK8FsI=","EUVrTb6VPLe3iCXqmC9+yJduho12EBpV3tkVwx7XkGM=","eTHxFwyr7ena1XNdySYP0Ya4vTNcch2fKE4rLjKXohw=","w2Dy7f36yUaXk8u7oZkKOo4NzxkeyPW31MIL9WCbJuE=","h+Xss4Bxpd48bBxiM1uV0y0dXiQQTT4Tx2aiA0zjHXY=","Tr7B19rsQcu2mbkdRkLNaozHnKvfb5UjlH9yoYTqVm0=","MjA7OztOwStlkcnPPurbswgcAcQ9vW4YLUSvOx1Am70=","WDZOwD+waX1lg77WPT2GNxztMBuAIyueyIeDT6/Cu/o=","ZKgh8zzq0uGYBs2bGJg+gBOJfXl7g9EBA3AzxsTggq0=","UD+Va9anmID6/kvg4wfo7hiO2toIwJiWYiipcMWAxqE=","uhl5VYcrrWEFW3yFN4YbLeAWDuICABJxdv3wSoKtkig=","kKQEccdnnSdKDKHHnjfwtMIcV+lOAYdnrHJ7QvHf6dU=","FYR7oJINdcK44ki2DQWFJijYNuK4k6JTLSZJBVMTwhc=","zstRKJ0bhZ2naSmvtw6wyOO85nuWdPnFNkTQPC2QVoA=","IaWz/nzEbse135rAdi4lxsYAqA/d6fHhwpXhJJXVUs4=","/GIV5I8lkJ8gZqfmQEOX8s2DDOH1JXefbdJjXytFHTQ=","RkSg5io6vyQl1TqUEJjx2gijparFOW6sTrEKY/ZEGN0=","Rw2Foh3ay/Kvk2scKFZ1SPk4Uk0ehve9LUoEgaFXH2E=","Tx5HnaN4znkqUNjX/hYcaATZHDUAJYZ59pEWmbYp/FQ=","gE7WNJATnxTDFulVQ+Mcx2qXPpVvvUjHamQZQ0sb41I=","GsPbc4kA+xhGbg+XGipPsjs4xGBP9n8Bpj0+7hwd4jU=","+3NjqxDVcP0vcJRgpqD+f8LRNdHD8kBKVGfMCF/G5dA=","uuLn6SeiTvo1KrsgjiZ4bdbSdza/NgnsrjdYocg5eaQ=","E6pFsuTS2HyUeM4mMszv/+iH6hFETzRlJlI0YGOOZto=","UfI73XojNuk36V2PTWxbNFAFTGT4EJ7yZ3zK2ZNWUlY=","W6/BmuqbDK0Dmm/xsL7L9aCyPNe2V9eVDo8PM6GBPrg=","5CXboN+JCYzeltmp0cim8eIipdVvt76TSN3BDdUF1QY=","bA1xjnO3MhapdyuMkVSnWSgO87mBuUMynLgaT/kUtt8=","OEMatXUthw7oRBAZo62IRFBHGv2e3U0EzOIxXrdnbv8=","sAhf3bGC//K99vhEqiULGp0/XNa9g2S+8IUuhf5InVQ=","PLUlUnKAV6grTRXAvbHhRj36ugYrzBDdVHvrtIWjBTI=","Gdi1p5LNMb0tgPac9EtD6rj9AkMGmU3+H+ixZgV9FSA=","WNQkwg+uw0WnavyDXeX2RvY3f3YhSR874glepiPOGFE=","4dUhx/igPyDhAcLm3tJzk3YOfzZ4gNN6lbojoQrycgw=","4W0hL9Ooh5oEju4UGbeJNtDxB5adJroBzkQsuj9ju+Y=","EY6w1fldnbWSoLhz3eK0lKKF8Ij8Au/x7ZQ6XWckM1w=","8V3kAH/O6WB3z/q7EZuwKMumwmlcnjR2MZUbjUBgUdA=","nXB7QJkrmZ/m+vYF+w9LUPRS5l8nwKZqpzfJLndpBxc=","09XRVQoVl3Vevy3eqQR3F+aE1VKCSOxUAlm+jwMHs7A=","drTI8FuBEJ0BSdhBPvQg9I0rk8idEw2DC58wuVMBWhA=","Gv+GnW86opiljHH1w0F3uzPHZHZl69TLd5PKvDFNkHE=","8aY+tgtCBYbc4mE8nLhytETqf5/HZFjtUF1ksKsxhG8=","7gyWb+t75RCng2wfcrngR4OMjos4d/T+eJxHqjq/N70=","VkJ+6fiGhPOQT9ft0zVjVxkwIKYHDc6S2KhA+G+OoN8=","XKa/sNG3qmuS1seKtJrc0VVN7tfF7bUj78VNTZz49RY=","N9U0WQ/xgGl09j5AY7+7J3k4CI2ZUoi14rNJepFRZN4=","id6qW62RtKnnLkYnoCRnTwgCptDSHgS3O2I9UD8mIpg=","qcbiJ6WBpENQ4fE5/gKFk2BbsOZYb6Lv+fjLPE7Cn10=","E/SBCb7Y3o+7LKMeCoEnkJEDEuTnDUF2gtbZA1bTXq8=","yCJwpWShCW5AgZb0Da9AIE9FLZyzqhQ6ZoulKlyfJdk=","A6sKdDLlurOLciYfmgdQnu8nTNnvj+peRq2E3KfSsCU=","7UtoBuOk6uhfBhioUdsoiqIgiV2xiHMTQNFqQCuGqps=","tziNp5pd5xHWflk0KwiAr9oREf2UGjvlQ9awkCTjZy8=","BdHpOawzlFgbio3w0uSZgDM5pWqInuapck+SR8JVJo0=","sBllpt2jUCDdKPuIqFvN1cR5YTzCVOADIRpNwC/fVew=","Zj/Fz7I4rGlwUN+567OAlyILiZNcUuo+AyN7ve/s/KA=","4QcgUk1iMvhWSKL94UgDi+kWLPgr5K7r244NhQgbzTA=","ujfyuUcnkwkHCXHKyQQIWLSrMW1XJzRVBLyBU3Rt+20=","hAvZjoC1DXPENXFHRngw51ceMd0jWuz9zeASy98PUFs=","gtB3vnubG8ZHI3YYbkVa68LAw5VpjfKbKLkABsbZY+A=","/vc9FEP+BgZg69nz5uyTZZaODmmAblRu4Mnzx9pXSxs=","W/+uSjw11qOrH9QKewqi6AczEy8jKhYrMC/YXEfAAsA=","jx2p1+dRAp5LeL3RUC1pTNuac3VCoOHRV7GMvHaFWIA=","9PafnZD/n7jrFB/9921HJd/D9kyTmbu4yBmoJSbePCA=","WjdMvJsHAoSxfBJhdN4lciWO+01i1Zuv0UNft2pTRjc=","RVoe4Yb9DwpEUpid7Yaxw1CPxThbw/t4HiIZPRORIzc=","+JDHtrCM3kdggXgv0gqBwMNXIrYaDYh7CI1iTyRqNBo=","e0O2ncUywo1qbjrmrYR1QBytMsRJQhCwhBN5V1cw8qo=","kH12uA4O5cvJ3UcQguIx3I8Osu3S/kIlyz7ed5uG8dY=","fdk7Hvcg4uJdr2vfneUPOYivg0kTbnLjg+Dd3Se4Ws4=","Ysk13/Ue6k2oSjoc9Fl/Sh2aSCS3Gomgx203/F7v2eM=","N6TeJTrmmFpEXR6RevDhxZCOhoDv3uo1UH8D4iIB4P8=","QHmC5E2rl2S1o8gpQLHTseu76ynWGWy3CHP6yy7SlsY=","GZrx25U1H8Bg49lbIs3vQ+JVWwNt4BmjaC37SBEFxNo=","n7DnSBDLiYu21a3CsEzWaicHA22ZT5hN3jm4QOuURh4=","JQXatUbI7rPSosjHgTA8jnlrF1EbFLjpXSMyUWY+/tI=","BKuMkKwha1Z1fj+Sq8FKuKYyBjstdduNOsBM3Vs9bVs=","HiwcVohSS4yMXyFozsXmVz/ysR18TBH5YssFvrpWq8U=","/CotkToL61amXo8uueukH0WyHsRM3+ZY2r8ywUYq0Ig=","P/XsozxwNTbXtwW1UqTKLLKkczMrQM903DT3Z0HWXJs=","kr64xbMtQ+NkMn5oIrU49r8j8tNKpL8iBgianrQE+AQ=","hlLAuMp1fO4ZrVdXPKd11pP+i9BQH0jiP9HXkruv870=","05e/JdsosErODvuKTNqOCTQ5XzsujO/50Yd5Qlq/ATw=","IgVPj3E3kP3fsM0u4TXJKx8P462d4W9/ubB1pQVPbYk=","HEzBwCmbugTOIfk+iffN3aV7YNEObXih0qHwG+bZLOo=","M3EcZuLgQ/yUWGJYh+wzyECnzecVtb9/2GqntQWyUqk=","UNpTwTiko1rwhExB2rGq4ZwVKDgXc58oaQLEazHwpF4=","+HTmgjT6SomJfHNORcEAlAMWyAA+nm0+AH1byO59v0U=","ne/hT2+xeMY2QbfaygEdTO7CWJlM+2rgybYkIieDt5g=","smRSCwjIlCX7f7KCTDIjLtsCYQI7ujkOIA7EWDB4umo=","EyflYQBJheyJSD74O7a3fhwNJGECe8B2gLUZmpkqgaI=","Ongs9Z0uZtQPo1q9wdqGa8BuiIsPZDHX34kAD/1TWCA=","E9Gp2Y9PF1zxaQutrOGZMWK18arS8PBthN+NcFYpynk=","jE5hmrCO5CVo1bVm5UUWXPk7MI2ec5LOaksP/vSg1Ds=","UAfcHK+fo3SL/iEV8eH+r7dEWVzhgFO23KXIwW9ZvVk=","Xk25Vg2Ih5+a8f1g9IO0E7W+beajG4AM6AVrDWTmFhM=","PKIMIX+pxgCag0DBmJJyqElFBZZPz//XGYyqPFPLITs=","avWOEIUt671OXlFttinh2eNFrGifxMJU5B8CgkmenMs=","dSd+PkTN9rswxwfaKrfXTVxMtqRod3sFxL+WYNzDk0o=","arFNKd9kp7WvWaTOwr2fdoFIp4YB5JQZ4uyBRowK/cc=","Ee6/RHHN1rapXdEpWLLbBdipW5PtyEPs5baNNqkBG8o=","qa3RoCcvyWbjY1CI6WEHc020Pp2k1h9kfmxzHX3HU4M=","V1ecuNU49dHX8NIRW7J/TR7F+nugY5GC4krG9yfDv7w=","aRhdpdgzU1qcAbcKO3z3fNQL5PK4Z45HKX+D1bW6mZc=","9ZpWU7yc00xf8ig7jgqmCwQJBYnzOcy2Ik5S0BHC7Hs=","dxEumCJr27pOObHzuLLR23HxVj0YVFp5IM0a6lksEo4=","XZtLmfNJOApRtsJs9YeXQmbqFGJn619UWL7oc0ARMxE=","FKtNz5Zs6O/p9DJS1HDbTOVoo94t/uVyDniJ3myPCBY=","/HOtKmgiQvCIK9w9f7L7/lC6BR7uni+F3/p9b0914FQ=","w276uxK60HXD/NkWcC/mwEsQq55/5JoEzntZwh7tt3M=","xvy8sH9oI0eGJ5MQ/xDg7Wu6HHmZ8eFYRx9lKsb2Krg=","0N0yccXmazSe0U6fUOWNzUK/6F/JjdFHffrG2evNTuw=","3NRdgFqaIP8oGNRtVt0bX1D2vyw2uoz2IEW9xYX686Y=","463uGQtoEgDaLenUajNx6aF8IpDXVFTK2jE8ikRMT3E=","RDGfYhMfAF/CmSAurseMLvucYN6Tlo10/IAfXQqO4xg=","9WlAKOG03W4U5axVoZbtCYa065f/wGffQiIgmLlZ8NE=","oJNTqU46HyqzJJiVgAufSX5wFNCofI0nWDf+TMoVsB4=","Nv6ZMmXsGcamtp84Ub7lGArlz8vpT7Iltpy9AJWS31g=","bC9VZZbFlcPwCoLw4NEdgrGAJqNV8vbygRu1dbZfvUU=","hngeT2LbpDIuKJ50k938J5ZOLIirJ+tVt+BT7B+5Kfw=","D/Fd/VRZBBrRgPUrp19AszVd+xOhrUefueu5Uzr4Un8=","WEXgMii28S8lDDlBQDPlYrT1yFS/vIqSBDv6AB5kN4k=","QHn+KpKh42NV2cKPnFmjldnApEu1ruuEubC3EascMh8=","NiDX+HI6Y4VBe9jIjHsyoc5bcCHl/C7YMOxan+u6vdc=","PVxF5JnDRaaOwaACK3PwDHikpKV25yGxdsDA8Nr43Eg=","pvBMkUwDt64npd99EZyB5nmmzmE0AHUXjRRKSchgfxw=","trjx1oDpt+YPeJYs3BPD2bBc0E2y6hF462jOoqxpLcw=","J9iOrSaOfWD+49x3neD+EONYOBesTcqthLeTcS58gbo=","XduxbRahbpjPdHPJc31lXuBlnfq8kZ7wYFZWlQd+gkY=","OBiDCvPAdnq8453BwjaPgYOhbQSzvyukfT088eSW0z4=","ykl3dYJSCpGVsKmTVPQuSI6SRR2+L9HX+fIsDDX049Q=","y6N+7r6Km4J+xKg6AbSpGrjh1yLk7FaBlfobNzQh0Kw=","wdqhyeQgZdKPs1taJLqvdi3XJBcr9lhHq9Bo7qS3vkQ=","02uLB0+xWunHKUUcb88mgXao/ReQ3tG5bQSD4VfCqvk=","Sl+GMVtOTjrrlKTheJ2KbstxSotniAV1F/mq6RuUHM4=","P87CZ2J7gLPj9Gjs3IMANB+nQ0B4DONyYTRBkxFAWf4=","7BjDDscLyS7WlLWu9ntB/kEok79O0jKi2KkGaDJfVbI=","GJ3+w9cdCX+mb4pOaO21aE4UXl9/9qi2wn5YD6QT6pA=","QmksJi4+k+y4R2oYFxnZD41PaV7IpgcfKDXtuoOCfbg=","LNSxcg4tKEDZXtUL1bPgVdhSxoHfhJeR9pyGdRVmzC4=","qBetd5lG0MmULnwyoaTZFvVIbhqnbB0XGF9uleCE8bY=","lmrTBiBXfbOVikvttKJCKpP/jGvtbC/KbWHljhKKXI4=","QPkrI47tXXHzInyZhxERSD/VuN9JBFsCt7V4uKym7yI=","kCK41HR8Jp82mB+Iki4J03p2Q55DjQhBfE9xQx9cVpc=","dIuvJE8dX8Yq6McrZvSgiBDalFrcDesBd69R6Krxons=","jwTAhmCs7NDoS8KnDivkLoQQpmK8IIIK/URFtKtObzU=","usf/fw7o18G2SBpGqecOiZIzj6bnm/52FMUYYnzg6Rg=","tLJawRqxX19V1gLrcXE/pjJm/1FTPlnmg5CPpWa8I3g=","iWNjwwrK3nb8u+RC3QfPVJcIw8o55sOcWZWUuFQmEK4=","IkbuXDvJtegVBnvkaitZE7h4Mnb0knFJ/g+9FegR4WY=","n/cEuoqcxxMVI1yAjOiGvyTzVQOslDzC4lpDwTZkwA8=","/yvUGeedkJPpgdJMatBkByuKkBB8C5dwIbDQzxDDNJI=","0Ux4T7MHzI528Qu/wGOt+Fv/T3pz9i1IpabOF8pTPkM=","52pQITt+yQ3+OPUcnQwfE6MtCXGT9Cbee/iFSCz+tT8=","9L0mLfJhvs/9HxptdsJePCaX5soxHY6cy0OwHuAwxqY=","Oa4ptJqN1+JBJK3glt1q2lY4XNFRidyNZP5tejGWDaE=","qRJxsGm+cdHG1RdtPAl8jDUSOP9gYU/dNfKNgk2/k34=","ZaG84rD8q6SNFb960RWUlpyQMGOqEzpn0s5f+1y1/jY=","aDp0sxEzv41NMN+meO3mHufHLMIJyTgP5CrbFqqNdLY=","44xGdwHBtTIgkn4bijE6KD1fJxAL/svP4jAcV5Qls+I=","/4BtTguZEigB2qU25NW2yXGQsaRvoQMqHMk1F79qt98=","ktcKiEI/3M6lpp/3n0cCtqHk1vjK/FE21newCQBeIko=","uiAwuEaexXe1cj9zmFUbkIJT3pdXLc7ZRYQBhGdTinc=","nxKvZdk+tmR/eS777xMGHtCG2z6QHrHa2tjlnidemYs=","t4oSSGtKsgZT51VLfeoiS7d0aNi8iQx4cN//F9IGjD8=","zbPdUCvZWmowv8Hgt8mUVQAUgM9DBSKNct2l8w5BwSs=","P0UwT9THmj274Fi/zI7j1KshHw7AJziXxH0cS/JpOec=","CVywzOueOvy5uYgCkCzls64jgkFUmEJec+WZyUWYl90=","pOHy8TrTedGX9/EwGtjOKH7i7lu7ftqEzQw+NRvQ/JU=","CDbJOobBsYUSgoPxLcbNKWAl5L9fWz1KL5J+9ozd7lU=","TcRajUZrLd1907w509QqIf10Er6ul8QS884laxKB4Gg=","GNgaZpVJGm2+sSsupieO19fOTO3rG4s8KM0ClwpEfkA=","a4SfeLqgnkjzKzlSRRnxjhkedfOUCor+tPywI1/X+R8=","YRzEM9rNaT6AxD9bzfIWEdIK9E3xRyF/r4P73v948+o=","MFM3yg7WE/D0E+Vvdl+KX8pLX2JqD0rkfoCWkan80CE=","7xWi1eeHTIRBJGdP2zWFA9bDB/7X33MxrYpQN2Zo8vI=","Cy2zCw24czzpV450m9MXKMKtLpKRpFLuNDjfZ0DeVaQ=","sOldSK5z4xofw+LQBGz93MhlU1xMdbJpup124treKm4=","0OUNfIgP/6dRHsLOsu8fwFzqGVyfqeSde7rU0A67V88=","h4VYBDf3KQ3oBEZrB9WwW1pRFNOxPpLZE9H+G3oHH7k=","U6GHTEYIAriRPSFOveiFp57PPXXa74tuE2BH8gdXhck=","ZdIDAwmRvYQWcWcInYorpaT3QzZ8FMhpphS6EaoI450=","2ZBF3B+NZE7R3rtjDMiTTn6a4x/vcBuTJYJYeLw6Eks=","/e6yfQgBm8emBBK+xSUgMWNrEq5pclHL3Q8X7g8onHU=","4egxreOgXs8k/arro4HWaJ9yzqWlGCI7UBWvXFUAcZU=","bygTLpLjxV8XgFdR1OOsdXnTLhFGgYCjBcS7VrXGFBs=","ZEC+kmufTX9PryNN3Ld8cIP97vopnSeH4DZTCTBFuTM=","u2KLzWL+NIC/40cxk8JXOBJSzrpm0kFyIDhyajiZn7Q=","mufTHFyFQ4GV0qDUeFVIbh27UFJK6pptH7D1LXS5JRI=","T7XaMKQpVzV1b6X9AasCcj0fXrm7bE1EbQjXQRRCV/8=","sFc3T57P+C+CzQovOQJgjrj42CI7yJWRfZOaz/njIRg=","OhT5FnDOx+5O3yz8nofMmCyVpOuFcAZNso5ReSG7RCg=","1q3NB3MM9wcxaevn65UVGDL/qHkEuI1grZRxnn+g5pM=","c4lQHpKxBbF6OLmob/xgOL8EdOqZjNCq8cMDo4HpYIY=","Sc8VqM730OuXUrY/aXKcQuUvq6ugf8N+ZcXcU/aDZK4=","Ms1LU5ZrL2II1PpyS654hwSNp2Mca/wXP/2+0ZTc1yA=","iEOoJ97CR4AXSzsGxs7zBYMD/0yzVh0j02HdNvNiKno=","umHNSvs3E7o9BhGv1z2XXICWPiej/wISmLY2kSCI8dk=","pJNB/a39QYem9z9vIpk8E5AxcVW9lvCQcEza6BYQ/4I=","qECP1hvpw1oIVZImFj1oAtE++cPCLsKDQmioEvZStR4=","vsgLlUmgRIbiDmmS7vWQ1sal32nPTSEVBJhgv5t/8fQ=","Z7CG42l0XD7/Ecur8HpbsiC+BBC+LFotQRbMm3Ps+28=","M4UhQ2HmVLHvkn6wF3Owpmkizax8MKYM97UgJqDPIG0=","Mu2HdFwIIN94Ak3g3h4cn8uL+eHN4IV8G4Fj8dfsV6s=","rjPmh6QR03M2GQ6RmR26uF/IKImhJMXk80Jif6HcgoQ=","nIO9ggVUjdPD3/Xggg+ql5A/9Zc/rheWUa9qXo6vyvc=","P+4/4LWdR2UQetgpA3EBCeC9jPB+osLepqc7LKSUT4o=","6qV1eF4vBMDq5hObZVEYRm9EnGYmt79f09p4sZBipCU=","tt9OBuvYFK8euWlOWZyJkx7/a/TMiOkHZvMMDaLoWys=","xo24SMQioNJf3fkqcdonSttTTyT8n5T+789s9ejQ0Ok=","vyTB5CkpneRqVK4l/yf6E/D72ek/BuIub8tkdMy8tQo=","8nkfGme5+nDCQ+QQc5v6TNg45HT5gpwawoBGDXZb6WY=","+kbVDYGyrwGDhOwPDw1ahX0ErXiJKtYCjWKzvPUOFy0=","SB39iGja9j+YJ0riWjhK9nMaor0RzBNc9IQLC6/njs8=","+Ia9Ia+1DMUAJhDKkDNm7mSBxEbCFpBRLtn/P4Z6Q9M=","VINcEfc+B4hYgBB2qFOPRdlzoiWZVFFzgQ76QboJA6A=","9fozw7ek9fAW/Deq0fgAqa9xnUNWBng51xE4b0Wo/10=","+ITNucuRtPZsp14diN32knwGQx7QBDZpX6/EgQ4PdSs=","7Kn7mItNTP8DEvMmkivGqoS8X0OrEifxv8EURdKd0nc=","/GJx+OPNGQIsMlIvBLdUqvl44bdJcdeL7LSYgaBEEQU=","IR+WEELeftyIRQFP0m+ic6YfKfB0tctK27kwaF1k+CQ=","BvpjkTLPwxlJSpkvCcK5P7c3cmxLTt+CAqnPLssqiXI=","RCIfFcNrcmDtuKAQYtULjY3o/GxFaNe9wlV5aXcCTXg=","nPpHUZPUT8Cevs9wGFrQLp2VW3dg5q6uTQM+B1dMp1o=","qsyyFC5o00lEetFpRBjVHEJR86jxK/uBqqAE9VBsWwE=","1WhGhHKw2iIP/VwXTEm7BEzLBr4Sip8X8zIWfPWWOEQ=","H8MZEC8tvTyb4tUSEqjo28OFAop8a7sMEiLFCMCoVwY=","nnfD7K8s+e+wiS+ZHnhIHQJ4M1AkTOUQWqI7lZjb/cI=","KD344hSDADFed7KvKcfFWqmxlXLAMAMOyQ6YUDlEGmM=","XEHC5Hm32CLU8rTgny63aQUIt1xbsrCYKajzovQp890=","HozFDw6ljn6xckNekU3Zmb+5Y7Bbx2QvgKgn2JV+Kq8=","hMnNHj1Ntthz/vS/CFKpimcepw2c+4MrWCPNlKaNH0o=","rC6UyN3T4BhKBxcoUCxGG8gdrcaCixjkiqp7quyBwSM=","peMS7hRphS0cJXwg2AV1lz95Ijc+jL96k+71KH4do3A=","oDFvQbKL8RtcD7HVOSCgOSrUDUqjeJewcu6pFeZt1Uo=","wGFqFalrho6XZhgY0GuHWLt31xo8u3Ew2psaORxEFhw=","16MioZW9jlETi4ZegId7vwx5lodQDV0LJib7UngZtJI=","mIpI8Eu/pIa9Cxu33ONb/u8FNpjpVWiaa7YVQnxZdvE=","hfxM/36aSDJVAjTF8lZO+Fcxjtf/1Rd0Q549C2ZGWjE=","63vkiOMijnWgpy1Ws2N/o3AZHy2FqYZWYTzvcoO133U=","4UuW9ioUU/XbfbC4GhcANUrm2ydTo6Knmy3aba1+vGM=","YXRD+KkoXE+R3HW/9RRLJ3Dx6egu/MNt/EgKPyRAEkM=","BpaU7ify90KC9DOKzC2FHAX8AdmyPABBcEmxmmoLTDQ=","AkMkLPS1agX7scqROuGXHaKwZUdtEl+3/YuR6hOMeHs=","cZ2M3yGuykiRJGO0PNEaZFjFIjmoZTq/h5lvtzJ0TcY=","Y65EOJccHSLqMtF37WnzJ+umtWkOtZrALIXq/6IgD0Q="],"block_size":4096,"path":"window.bundle.js"},{"block_hashes":["P7cdC6HIA4XXPiPou5ztxhzMj41KJ/hZWsLMng5ue8k="],"block_size":4096,"path":"window.bundle.js.LICENSE.txt"},{"block_hashes":["GsaL0LjPG9ICXVA7K7Tg6J+V5NQPRzyQw3N+QDJUu4Y="],"block_size":4096,"path":"window.html"}],"version":2}